B,M
B'elana,F
B'Elanna ,F
B'Jay,M
B-jay,M
Ba,M
Ba-dien,M
Ba-Tri,M
Baaba ,F
Baadal,M
Baaloon,F
Baani,F
Baany,F
Baaraan,F
Baarish,F
Baart,M
Baasil,M
Baasit ,M
Baaz,M
Baazil,M
Baba,M
Babacar,M
Baback,M
Babafemi ,M
Babajide,M
Babak,M
Babalo,M
Baban ,M
Babandeep,F
Babar ,M
Babara,F
Babatunde,M
Babbandeep,M
Babbanpreet,F
Babbett,F
Babbette,F
Babbi,F
Babbie,F
Babby,F
Babe,Unisex
Baber,M
Baberneet,M
Babett,F
Babetta,F
Babette,F
Babette-erika,F
Babi,F
Babie,F
Babiel,M
Babilly,F
Babilyn,F
Babington,M
Babir,M
Babirye,F
Babita,F
Babjit,M
Bableen,F
Babley,F
Bablin,F
Baboucarr,M
Babs,F
Babucarr ,M
Babur,M
Bacardee,F
Bacardi,F
Bacari,M
Bacarri,M
Bacca,M
Bacel,M
Bach,M
Bach-Tuyet-Thi,F
Bachan,M
Bachech,M
Bacheira,F
Bachir,M
Baci,F
Bacil,M
Bacilia,F
Bacilio,M
Backr,M
Badal,M
Badaoui,M
Badar ,M
Baddy,M
Bade ,Unisex
Badea,F
Badee,M
Badeia,F
Badeir,M
Baden,M
Bader,M
Badereddin,M
Badger,M
Badger-Lee,M
Badhir,M
Badia,F
Badies,M
Badila,F
Badir,M
Badon,M
Badore,F
Badr,M
Badrah,F
Badre,M
Badriya ,F
Badriyah,F
Badrul,M
Badwieh,F
Badya,F
Bae,Unisex
Bae-Lee,F
Bae-li,M
Baedan,M
Baeden,M
Baedon,M
Baela,F
Baelan,M
Baelee,F
Baeleigh,F
Baelen,M
Baeley,F
Baelfire,M
Baeli,F
Baelie,F
Baelin,M
Baelor,M
Baely,Unisex
Baelyn,Unisex
Baelynn,F
Baeminet,M
Baer,M
Baffour ,M
Baggio,M
Bah,F
Baha,M
Baha-Aldean,M
Bahaa,M
Bahaar,F
Bahadar ,M
Bahader,M
Bahadir,M
Bahaeldean,M
Bahand ,M
Bahar,F
Bahara ,F
Bahareh,F
Bahati,F
Bahe,M
Baheejah,F
Baheer ,M
Baheerah,F
Baher,M
Baheran,M
Baheya,F
Baheyah,F
Bahez ,M
Bahi,M
Bahia,F
Bahiea,F
Bahige,M
Bahij,M
Bahisht ,F
Bahishta,F
Bahiya,F
Bahiyah,F
Bahiyyah,F
Bahiyyih,F
Bahja,F
Bahjat,M
Bahlul,M
Bahman,M
Bahni,F
Bahoz ,M
Bahram ,M
Bahreen,F
Bahriye,F
Bahß,M
Bahta,M
Bahti,M
Bahul,M
Bai,Unisex
Bai-Lee,F
Bai-Li,M
Baia,M
Baian,F
Baiba,F
Baiden,M
Baie,F
Baiia,F
Baila,F
Bailasan,F
Baile,F
Bailea,F
Bailee,F
Bailee-Dawn,F
Bailei,F
Baileigh,F
Bailen,M
Bailey,Unisex
Bailey-Ann,F
Bailey-Anne ,F
Bailey-jade,F
Bailey-James ,M
Bailey-Jay ,M
Bailey-Joe ,M
Bailey-Lee ,M
Bailey-Lynn,F
Bailey-Mae ,F
Bailey-Mai ,F
Bailey-May ,F
Bailey-nicholas,M
Bailey-Rae ,Unisex
Bailey-Ray ,M
Bailey-Rose ,F
Baileyann,F
Baileyrae,F
Baili,F
Bailian,M
Bailie,F
Bailiegh,F
Bailin ,M
Bailintin,M
Baille,F
Baillee,F
Bailley,F
Baillie,Unisex
Bailly,F
Bailon,M
Bailor,Unisex
Baily,Unisex
Bailye,F
Bailyn,F
Bailynn,F
Bain,M
Baindu,F
Baine,M
Baines,M
Baird,M
Bairek,M
Bairo,M
Bairon,M
Bais,M
Baisa,F
Baisere,M
Baisha,F
Baisley,F
Baitsa,F
Baiya,F
Baiyan,F
Baiyinah,F
Baiyle,M
Baiza,F
Baize,M
Baja,F
Bajar,M
Bajkaran,M
Bajram,M
Bak,M
Bakadisula,F
Bakar,M
Bakari,M
Bakary,M
Bakas,M
Baker,M
Bakhiet,M
Bakhos,M
Bakhshan,F
Bakhshanveer,F
Bakhtawar ,F
Bakhtbibi,F
Bakhtiar,M
Bakhtiyar ,M
Bakir,M
Bakita,F
Bakoge,M
Bakr,M
Bakri,M
Bakshi,M
Baktash,M
Baktavar,F
Bala,F
Balaal ,M
Baladitya,M
Balaji,M
Balal,M
Balam,M
Balan,M
Balarama,M
Balat,F
Balavishnu,M
Balawal,M
Balazs ,M
Balbina,F
Balbir ,M
Baldassare,M
Baldeep ,Unisex
Baldemar,M
Baldev,M
Baldini,M
Baldip,Unisex
Baldish,M
Baldo,M
Baldomero,M
Balduchia,M
Baldur,M
Baldwin,M
Bale ,M
Balebanga,M
Balee,F
Baleigh,F
Balen,M
Balentin,M
Baler,M
Baleria,F
Balery,F
Baley,Unisex
Baleze,M
Balfour,M
Bali,F
Balian,M
Balicia,F
Balie,F
Baliegh,F
Baligh,M
Balikita-Khamisi,M
Balil,M
Balin,M
Balina,F
Balinda,F
Balint,M
Baljeet ,Unisex
Baljinder ,Unisex
Baljit ,Unisex
Baljit-Kaur,F
Baljoban,M
Baljodh,M
Baljot ,Unisex
Baljote,F
Baljovan,M
Baljyot,F
Balkar,M
Balkaran,M
Balkarman,M
Balke,M
Balkeerat,F
Balkiran,F
Balkirat,F
Ballal ,M
Ballard,M
Ballarie,F
Ballymena,F
Balmeet,M
Balmore,M
Balnaaj,M
Balnoor,Unisex
Balo,F
Balon,F
Balpartap,M
Balpreet ,Unisex
Balprit,M
Balqees,F
Balqiis,F
Balqis,F
Balqisa,F
Balraj,M
Balrajan,M
Balrajpreet,M
Balram ,M
Balrampreet,M
Balreen,F
Balreet,Unisex
Balroop ,Unisex
Balrosevir,M
Balsahib,M
Balsam ,F
Balsehaj,M
Balshaan,M
Balsharan,F
Balsher,M
Balsie,F
Balßzs,M
Baltaj,M
Baltasar,M
Baltazar,M
Baltej ,M
Balthazar,M
Balun,M
Balunda,F
Balveen,F
Balveer ,M
Balvina,F
Balvinder,F
Balwant,Unisex
Balwinder,Unisex
Balyn,M
Balynda,F
Balyog,F
Bam,M
Bama,F
Bambi,F
Bambie,F
Bambina,F
Bambino,M
Bamby,F
Bamey,M
Bamidele,M
Bamiyo,M
Bamlak,F
Bamma,F
Ban,Unisex
Bana,F
Banah,F
Banahair,F
Banak,M
Banan,Unisex
Bandar,M
Bandeep,F
Banderas,M
Bandhna,F
Bandi,F
Bandit,M
Bandna,F
Bandon,M
Bandy,Unisex
Bane,M
Baneen,F
Baneet ,Unisex
Banelly,F
Banen,F
Banesa,F
Banessa,F
Baneza,F
Bang,Unisex
Bang-khanh,F
Bangaly,M
Bangoang,M
Bangre,M
Banh,F
Banha,F
Bani,F
Bania,F
Banihca,F
Banin,Unisex
Banio,M
Banipreet,F
Banisha,F
Banita,F
Banjamin,M
Banji,M
Banjo,M
Banjobe,M
Banjot,F
Banks,M
Bankston,M
Bankz,M
Banna,F
Banner,M
Bannie,F
Banning,M
Bannister,M
Bannon,M
Bannor,F
Banny,M
Banon,Unisex
Banraj,M
Banroop,M
Bansari,F
Banshjot,M
Bansi,F
Bansri,F
Bantaj,M
Banu ,F
Banujan ,M
Banveet,F
Banvir,M
Banx,M
Banyan,M
Banyon,M
Banyu,M
Bao,Unisex
Bao-Hoa,M
Bao-Khoi,M
Bao-Ling,F
Bao-loc,M
Bao-long,M
Bao-Nguyen,M
Bao-nhi,F
Bao-Thien,Unisex
Bao-tran,F
Bao-Vincent,M
Baoqi,M
Baotran,F
Baowen,F
Baptiste,M
Baqar,M
Baqer,M
Baqir,M
Bar,Unisex
Bara,Unisex
Bara'a,F
Bara'ah,F
Baraa,Unisex
Baraa-Omar,M
Baraah,F
Barabara,F
Barabbas,M
Barabra,F
Barach,M
Barack,M
Baracus,M
Barad,M
Baraha,F
Barak,M
Baraka,M
Barakah,F
Barakat,Unisex
Baran,M
Baranda,F
Barara,F
Baraskevi,F
Baraskevoula,F
Barath,M
Barauh,M
Barayah,F
Barb,F
Barba,F
Barbaa,F
Barbar,F
Barbara,F
Barbara-Ann,F
Barbara-Anne,F
Barbara-jane,F
Barbara-Jean,F
Barbara-leeann,F
Barbara-Rose,F
Barbaraa,F
Barbaraann,F
Barbaraanne,F
Barbarajean,F
Barbarajo,F
Barbaralee,F
Barbaralynn,F
Barbarann,F
Barbaranne,F
Barbarba,F
Barbare,F
Barbarella,F
Barbarette,F
Barbarina,F
Barbarita,F
Barbaro,M
Barbat,F
Barbe,F
Barbee,F
Barbel,F
Barber,Unisex
Barbera,F
Barberine,F
Barbett,F
Barbetta,F
Barbette,F
Barbi,F
Barbie,F
Barbie-Sue,F
Barbod ,M
Barbora,F
Barbra,F
Barbra-Ann,F
Barbra-anne,F
Barbra-ellen,F
Barbro,F
Barby,F
Barclay,M
Barcley ,M
Bard,M
Bardaan,M
Bardara,F
Bardea,M
Bardi,M
Bardia,M
Bardin,M
Bardo,M
Bardya,M
Bareeka,F
Bareen ,F
Bareera ,F
Bareerah,F
Barek,M
Barellda,F
Baren,M
Barend,M
Barendina,F
Barent,M
Barento,M
Baret,M
Barett,M
Baretta,Unisex
Barez ,M
Barfour,M
Barham,M
Bari,F
Bari-Joy,F
Baria,F
Bariah,F
Barian,M
Barika,F
Barile-Ilo,F
Barilee,F
Barilla,M
Barima ,M
Barin,Unisex
Barinder,Unisex
Barinderjeet,M
Barindervir,M
Barine,F
Barira ,F
Barirah ,F
Baris,M
Barisha,Unisex
Bariso,M
Barisua,F
Barit,M
Barjinder,M
Barkat,Unisex
Barkatali,M
Barker,M
Barkha,F
Barkim,M
Barkley,M
Barkon,M
Barkot,F
Barkrar,M
Barksdale,M
Barlas,M
Barleen,F
Barley ,F
Barlow,M
Barlowe,M
Barmeet,M
Barna,Unisex
Barnaba,M
Barnabas,M
Barnaby,M
Barnard,M
Barndon,M
Barnell,M
Barnes,M
Barnet,M
Barnett,M
Barnetta,F
Barnette,F
Barney,M
Barni ,F
Barnie,M
Barnwell,M
Barny,M
Barock,M
Baroha,F
Baron,M
Baronia,F
Baronica,F
Baronjay,F
Barr,M
Barra'a,F
Barrah,M
Barrak,M
Barramey,M
Barran,M
Barratt,M
Barray,M
Barre,M
Barren,M
Barret,M
Barrett,M
Barrette,Unisex
Barrey,M
Barri,F
Barri-Anne,F
Barrick,M
Barrie,Unisex
Barrik,M
Barrilyn,F
Barrington,M
Barrion,M
Barris,M
Barron,M
Barrt,M
Barry,M
Barry-john,M
Barrymore,M
Barsam,M
Barseen,F
Barsha,F
Bart,M
Barta,F
Bartek,M
Bartel,M
Bartelomeus,M
Barth,M
Bartha,F
Barthelemy,M
Barthena,F
Bartholanew,M
Bartholemew,M
Bartholmew,M
Bartholome,M
Bartholomeus,M
Bartholomeuw,M
Bartholomew,M
Bartie,F
Bartimaeus,M
Bartlett,M
Bartley,M
Bartlomiej,M
Bartlomiey,M
Bartly,M
Barto,M
Bartok,M
Bartola,F
Bartolo,M
Bartolome,M
Bartolomeo,M
Bartolomeu,M
Bartolomio,M
Bartomiej,M
Barton,M
Bartosz,M
Bartow,M
Bartt,M
Bartu,M
Barty,M
Bartyn,M
Baruc,M
Baruch,M
Baruk,M
Barun ,M
Barundeep,M
Baruta,F
Baruti,M
Bary,M
Baryah,F
Baryn,M
Barzah,F
Barzan ,M
Barzi,M
Bas,Unisex
Basabose,M
Basak ,F
Basam,M
Basan,M
Baschar,M
Bascom,M
Bascomb,M
Bascum,M
Basdeo,M
Baseemah,F
Baseer,M
Baseera,F
Basel,M
Baseley,M
Basem,M
Bash,M
Basha,F
Bashaarath,M
Bashaier,F
Bashan,M
Bashar,M
Bashawn,M
Basheba,F
Basheer,M
Basheera,F
Basheerah,F
Basher,M
Bashir,M
Bashira,F
Bashirah,F
Bashirahmed,M
Bashiri,M
Bashy,F
Bashyrr,M
Basia,F
Basiabibi,F
Basie,F
Basil,M
Basile,M
Basileo,M
Basili,M
Basilia,F
Basilike,F
Basiliki,F
Basilio,M
Basilios,M
Basilis,M
Basilisa,F
Basillios,M
Basim,M
Basimah,F
Basir,M
Basirat,F
Basit,M
Basith,M
Baskal,F
Basleel,M
Baslic,F
Basma,F
Basmah,F
Basmala ,F
Basnoor,F
Basnoorai,F
Basra ,F
Bass,M
Bassal,M
Bassam,M
Bassel,M
Bassem,M
Bassett,M
Bassey,M
Bassheva,F
Bassil,M
Bassilia,F
Bassilios,M
Bassim ,M
Bassima,F
Bassira,F
Bassirou,M
Bassit,M
Bassma,F
Bassy,F
Bastiaan,M
Bastian,M
Bastien,M
Bastion,M
Baston,M
Basut,M
Basy,M
Basya,F
Bataille-zi-jian,M
Batam,M
Batel,F
Bates,M
Bathia,F
Bathsheba,F
Batika,F
Batina,F
Batist,M
Batithi,F
Batokdol,F
Batol,F
Batool,F
Batool-Kaneez,F
Batoul,F
Batrice,F
Batrina,F
Batseba,F
Batsheva,F
Battal,M
Battista,M
Battle,M
Battsetsen,F
Batu,M
Batuhan,M
Batul,F
Batula,F
Batule,F
Batureli,M
Batya,F
Baudel,M
Baudelia,F
Baudelio,M
Baudilio,M
Baudoin,M
Baudouin,M
Baue,M
Bauer,M
Baughn,M
Baukje,F
Baula,F
Baule,M
Bauman,M
Baussman,M
Baustin,M
Bautista,M
Bauz,M
Bavan,Unisex
Bavanveer,F
Baver,M
Bavington,M
Bavisha ,F
Bavita ,F
Bavithra,F
Bavleen ,F
Bavly,M
Bavneet ,F
Bawan ,M
Bawar ,Unisex
Bawer ,M
Bawi,Unisex
Bawihnin,M
Bawiram,M
Baxlee,F
Baxley,Unisex
Baxter,M
Baxter-jason,M
Baxton,M
Bay,Unisex
Bay-JA,F
Bay-Lee,Unisex
Bay-lih,M
Baya,F
Bayaan,Unisex
Bayad,M
Bayah,F
Bayan,Unisex
Bayane,F
Bayani,M
Bayann,F
Bayant,M
Bayar,M
Bayard,M
Bayardo,M
Baydan,Unisex
Bayde,M
Bayden,M
Baydn,M
Baydon,M
Baye,F
Baye-Lee,F
Bayete,M
Bayfield,M
Bayhlee,M
Bayla,F
Baylaa,F
Baylan,M
Bayle,Unisex
Baylea,F
Baylee,F
Baylee-Anne,F
Baylee-jade,F
Baylee-rose,F
Baylee-Winter,M
Bayleen,F
Baylei,F
Bayleigh,F
Bayleigh-Mae ,F
Bayleigh-Paige,F
Baylem,M
Baylen,Unisex
Bayler,Unisex
Bayless,M
Bayley,Unisex
Bayley-Anne,F
Bayley-rose,F
Bayli,F
Bayli-Anne,F
Baylian,M
Baylie,F
Bayliee,F
Bayliegh,F
Baylii,F
Baylin,Unisex
Bayln,M
Baylon,M
Baylor,Unisex
Bayly,Unisex
Baylyn,F
Baylynn,F
Bayn,M
Bayna,F
Baynard,M
Bayne,M
Bayram ,M
Bayro,M
Bayron,M
Bayshawn,M
Bayyinah,F
Bayzawit,F
Bayze,Unisex
Baz-ramu,M
Bazal,M
Bazalel,M
Baze,M
Bazel,M
Bazil,M
Bazler,M
Bazra,F
Bazscel,M
Bazyl,M
Bb,M
Be,Unisex
Be-jay,M
Bea,F
Bea-Jen,F
Bea-Laurice,F
Bea-Marie,F
Beach,M
Beacher,M
Beadie,F
Beah,F
Beal,M
Bealal,M
Beale,M
Beaman,M
Beamer,M
Beamon,M
Bean,M
Beanca,F
Beancia,F
Beandon,M
Beaney,F
Beanna,F
Beaonca,F
Bear,M
Beara,F
Bearett,M
Bearj,M
Bearl,M
Bearnice,F
Bearry,M
Bearson,M
Bearta,F
Bearwalker,M
Bearwon,F
Beasia,F
Beasley,M
Beata,F
Beatah,M
Beate,F
Beatha,F
Beathe,F
Beather,F
Beathrice,F
Beatial,F
Beatle,F
Beatric,F
Beatrica,F
Beatrice,F
Beatris,F
Beatrisa ,F
Beatrise ,F
Beatrisha,F
Beatrix,F
Beatrix-lily,F
Beatriz,F
Beatrize,F
Beatryce,F
Beatta,F
Beattie,Unisex
Beatty,M
Beau,M
Beau-Dakota,M
Beau-daniel,M
Beau-dean,M
Beau-dylan,M
Beau-glenn,M
Beau-john,M
Beau-Justice,M
Beau-Lily ,F
Beau-Marcus,M
Beau-Ray,M
Beau-regard,M
Beau-riley,M
Beaudan,M
Beaudean,M
Beauden,M
Beaudene,M
Beaudi,M
Beaudiene,M
Beaudine,F
Beaudon,M
Beaudrie,M
Beaudry,M
Beaudy,M
Beauen,M
Beauford,M
Beaufort,M
Beauh,M
Beaui,M
Beaujenet,M
Beaula,F
Beaulah,F
Beauman,M
Beaumont,M
Beaumy,F
Beauregard,M
Beauteani,M
Beautesha,F
Beautiful,F
Beautifull,F
Beauton,F
Beautrice,F
Beauty,F
Beautyful,F
Beaux,Unisex
Beav,M
Beavan,M
Beaver,M
Beaza,F
Beba,F
Bebe,F
Bebeci,F
Bebeollam,F
Bebesis,F
Bebhinn,F
Bebra,F
Bebula,F
Beca,F
Becca,F
Becca-Joy,F
Becchara,F
Becci,F
Beccianna,F
Beccy,M
Bechara,M
Bechir,M
Beck,M
Becka,F
Beckah,F
Beckam,M
Beckem,M
Becker,M
Becket,M
Beckett,M
Beckett-Joesph,M
Beckette,Unisex
Beckey,F
Beckham,M
Beckhem,M
Becki,F
Becki-jo,F
Becki-Rae,F
Beckiann,F
Beckianne,F
Beckie,F
Beckley,Unisex
Beckr,M
Becks ,M
Beckum,M
Becky,F
Becky-Ann,F
Becky-dee,F
Becky-Jean,F
Becky-jo,F
Becky-Lee,F
Becky-Sue,F
Becra-ann,F
Beda,F
Bedan,M
Bedar,F
Beddie,F
Bede ,M
Bedelia,F
Bedell,F
Bedford,M
Bedie,F
Bedilu,M
Bedirhan ,M
Bedokare,F
Bedran ,M
Bedreldeen,M
Bedrich,M
Bedrria,F
Bedwyr ,M
Bee,Unisex
Bee-jay,M
Beebe,Unisex
Beecher,M
Beedie,F
Beejal,F
Beejay,M
Beelal,M
Been,M
Beena,F
Beenadd,M
Beenish,F
Beer,M
Beerinder,M
Beesan,F
Beesham,M
Beeta,F
Befbhfnn,F
Beff,M
Bego,F
Begum,F
Begw ,F
Behati,F
Beheshta ,F
Behir,F
Behishta,F
Behlul,M
Behn,M
Behnam,M
Behnaz,F
Behnaz-Vanassa,F
Behnjamin,M
Behr,M
Behrad,M
Behram ,M
Behrang,M
Behrett,M
BehrHard,M
Behrod,M
Behroz,M
Behruz,M
Behshta,F
Behtash,M
Behtzy,F
Behzad ,M
Behzod,M
Bei,F
Beibhinn ,F
Beige,F
Beigha,F
Beighley,F
Beiha-malen,F
Beija,F
Beila,F
Beilea,F
Beilul,F
Beily,F
Beimnet,F
Beint-Axile,M
Beinvenito,M
Beira,F
Beirut,F
Beisha,F
Bejamin,M
Bejan,M
Bejay,M
Bejean,F
Bejhan,M
Bejna ,F
Bek,M
Beka,Unisex
Bekah,F
Bekalu,M
Bekam,M
Bekett,M
Bekha,F
Bekham,M
Beki,F
Bekim,M
Bekir ,M
Bekk,F
Bekka,F
Bekkam,M
Bekkett,M
Bekki,F
Bekki-Anne,F
Bekki-Dawn,F
Bekki-lee,F
Bekkie-jae,F
Bekky,F
Bekzod,M
Bel,F
Bela,Unisex
Belah,F
Belail,M
Belal,M
Belall,M
Belan,F
Belana,F
Belane,F
Belanna,F
Belany,F
Belarmino,M
Belauna,F
Belaynesh,F
Belayse,F
Belce,F
Belden,M
Beldon,M
Belecia,F
Belem,F
Belen,F
Belen-sian,F
Belena,F
Belenda,F
Beleta,F
Belford,M
Belgarion,M
Belgica,F
Belia,F
Belichia,F
Belicia,F
Believe,Unisex
Belili,F
Belim,M
Belina,F
Belinay ,F
Belinda,F
Belinda-Ann,F
Belinda-anne,F
Belinda-cari,F
Belinda-gene,F
Belinda-jade,F
Belinda-jane,F
Belinda-jayne,F
Belinda-jean,F
Belinda-jo,F
Belinda-lea,F
Belinda-lee,F
Belinda-Rose,F
Belinda-sue,F
Belinde,F
Belinder,F
Belindia,F
Beline,F
Belisa,F
Belisario,M
Belisarius,M
Belissa,F
Belita,F
Beliz,F
Belize,F
Belkes,F
Belkis,F
Belky,F
Belkys,F
Bell,F
Bella,F
Bella-ann,F
Bella-Beau ,F
Bella-Brianne,F
Bella-Grace ,F
Bella-Jade ,F
Bella-jane,F
Bella-kate,F
Bella-Louise ,F
Bella-Mae ,F
Bella-Mai ,F
Bella-Marie ,F
Bella-May ,F
Bella-mia,F
Bella-Rae ,F
Bella-Renee ,F
Bella-Rosa,F
Bella-Rose ,F
Bella-Starr,F
Bellaann,F
Bellabrie,F
Belladonna,F
Bellagrace,F
Bellah,F
Bellah-may,F
Bellal,M
Bellaluna,F
Bellalynn,F
Bellamae,F
Bellamarie,F
Bellamay,F
Bellami,F
Bellamia,F
Bellamie,F
Bellamy,F
Bellana,F
Bellange ,F
Bellani,F
Bellanie,F
Bellanira,F
Bellany,F
Bellarae,F
Bellarosa,F
Bellarose,F
Bellasophia,F
Bellatrix,F
Belle,F
Belle-cherie,F
Belle-lana,F
Bellecia,F
Bellerose,F
Bellicia,F
Bellina,F
Bellinda,F
Bellino,M
Bellisa,F
Bellissa,F
Bellmin,M
Bellona,F
BellT,F
Belma,F
Belmaj,M
Belmaris,F
Belmeda,F
Belmin,M
Belmira,F
Belmont,M
Belnest,M
Belon,F
Beloved,F
Belqis,F
Belsy,F
Beltana,F
BelTn,F
Belton,M
Beltra,M
Beltran ,M
Belua,F
Beluchi,M
Belva,F
Belverly,F
Belvia,F
Belvie,F
Belvin,M
Belyn,F
Belynda,F
Belzora,F
Bema,F
Bemba,M
Bemi,F
Bemiamino,M
Bemjamin,M
Bemnet,Unisex
Bemshima,M
Ben,M
Ben-Ben,M
Ben-emmanuel,M
Ben-james,M
Ben-Luca,M
Bena,F
Benadict,M
Benae,F
Benaebi,M
Benaiah,M
Benajamin,M
Benajmin,M
Benan,M
Benancia,F
Benancio,M
Benard,M
Benardetta,F
Benardina,F
Benardino,M
Benardo,M
Benas,M
Benat,M
Benay,F
Benazir ,F
Bence,M
Benda,F
Bende ,M
Bendeguz ,M
Bendetta,F
Bendrick,M
Bendt,M
Bendu,F
Bene,F
Beneamin ,M
Beneche,M
Benecia,F
Benecio,M
Benedek,M
Benedetta,F
Benedetto,M
Benedict,M
Benedict-james,M
Benedicta,F
Benedicte,F
Benedicto,M
Benedikt,M
Benee,Unisex
Beneet,F
Beneeta,F
Benegdik,M
Benelli,F
Benen,M
Benesha,F
Benesi,M
Benessa,F
Benet,Unisex
Beneta,F
Benetia,F
Beneto,M
Benett,M
Benetta,F
Benette,F
Beneva,F
Benevolent,M
Benford,M
Beng,Unisex
Beng-Lind,M
Bengamin,M
Bengerman,M
Bengi,M
Bengie,M
Bengilina,F
Bengiman,M
Bengt,M
Bengy,M
Benhamin,M
Benhard,M
Benhardt,M
Benhart,M
Benhord,M
Benhur,M
Beni,Unisex
Beniah,M
Beniam,M
Beniamin,M
Beniamino,M
Beniamino-robert,M
Benica,F
Benicia,F
Benicio,M
Benidict,M
Benie,M
Benigna,F
Benigno,M
Benika,F
Benilda,F
Benilde,F
Benin,Unisex
Benina,F
Benino,M
Benish,F
Benisha,F
Benissa,F
Benistan,M
Benita,F
Benitez,M
Benito,M
Benj,M
Benjahmin,M
Benjaimin,M
Benjain,M
Benjaman,M
Benjamen,M
Benjamen-bradley,M
Benjamfn,M
Benjamim,M
Benjamin,M
Benjamin-alexander,M
Benjamin-Arya,M
Benjamin-Ephraim,M
Benjamin-James ,M
Benjamin-john,M
Benjamin-josef,M
Benjamin-kevin,M
Benjamin-Lee,M
Benjamin-noel,M
Benjamin-Parker,M
Benjamin-paul,M
Benjamin-Robert,M
Benjamin-Stephen,M
Benjamine,M
Benjaminjoseph,M
Benjammin,M
Benjamon,M
Benjamyn,M
Benjamynn,M
Benjanin,M
Benjarmin,M
Benje,M
Benjee,M
Benjeman,M
Benjemin,M
Benjen,M
Benjenmin,M
Benjermain,M
Benjerman,M
Benjermen,M
Benjermin,M
Benjermyn,M
Benji,M
Benji-terrence,M
Benjiam,M
Benjie,M
Benjiman,M
Benjimann,M
Benjimen,M
Benjimin,M
Benjjamin,M
Benjmain,M
Benjman,M
Benjmen,M
Benjola,F
Benjoshua,M
Benjun,M
Benjy,M
Benkey,M
Benley,M
Benn,M
Benna,F
Bennan,M
Bennard,M
Bennardina,F
Bennardino,M
Bennardus,M
Benne,Unisex
Benneit,M
Benner,M
Bennet,M
Bennett,M
Bennetta,F
Bennette,Unisex
Benney,M
Benni,Unisex
Bennice,F
Bennie,Unisex
Bennington,M
Bennion,M
Bennita,F
Bennito,M
Bennjamin,M
Benno,M
Bennward,M
Benny,M
Benny-Thiessen-Reimer,M
Bennye,F
Bennyshia,F
Beno,M
Benoet,M
Benoit,M
Bensalih,M
Bensen,M
Bensley,M
Benson,M
Bensyn,M
Bent,M
Bente,F
Bentely,M
Benten,M
Benter,M
Bentin,M
Bentje,F
Bentjiman,M
Bentlea,F
Bentlee,Unisex
Bentlei,Unisex
Bentleigh,Unisex
Bentley,M
Bentli,Unisex
Bentlie,Unisex
Bently,M
Benton,M
Bentura,Unisex
Bentyn,M
Bentz,M
Bentzion,M
Benuel,M
Benvear,M
Benvina,F
Benvinda,F
Beny,M
Benyam,M
Benyameen ,M
Benyamen,M
Benyamin,M
Benyetor,M
Benygach,M
Benz,M
Benzel,M
Benzeman,M
Benzen,M
Benzino,M
Benzion,M
Benzon,M
Beoan,M
Beola,F
Beonca,F
Beonce,F
Beonica,F
Beonika,F
Beonka,F
Beorn,M
Beowolf,M
Beowulf,M
Beppino,M
Ber,M
Bera,F
Berakh-El,M
Beran,M
Beranda,F
Berania,F
Beraniece,F
Berardino,M
Berardo,M
Berat,M
Beray ,F
Bercan,M
Bercem ,F
Bercham,M
Berchie,F
Berchman,M
Berda,F
Berdan ,M
Berdean,F
Berdeen,F
Berdell,Unisex
Berdella,F
Berdena,F
Berdene,F
Berdia,F
Berdie,F
Berdina,F
Berdine,F
Berdyne,F
Bere-kai,M
Berea,F
Berek,M
Bereket,M
Berel,M
Beren,Unisex
Berend,M
Berenda,F
Berendina,F
Berenger,M
Berengere,F
Berenice,F
Berenika,F
Berenis,F
Berenise,F
Berenisse,F
Bereniz,F
Berenize,F
Beres ,M
Beresford,M
Beress,F
Beret,F
Beretta,F
Berfin ,F
Berg,M
Bergan,F
Berge,M
Bergeah,M
Bergen,Unisex
Berger,M
Bergetta,F
Berghetta,F
Bergin,F
Berginder,F
Berhan ,M
Berhanu,M
Berhia,M
Beri,F
Beria,F
Beriah,F
Beric,M
Berice,F
Berikus,M
Beril,Unisex
Berin ,Unisex
Berina,F
Berinda,F
Berinder,M
Berinice,F
Berinyuy,M
Berion,M
Beris,F
Berisa,M
Berish,M
Berislav,M
Berit,F
Berit-Jan,F
Berita,F
Beritan ,F
Berith,F
Berivan ,F
Berj,M
Berk,M
Berkan ,M
Berkana,F
Berkat,F
Berkay,M
Berke,M
Berkeley,Unisex
Berkeli,M
Berkin ,M
Berklee,F
Berkleigh,F
Berkley,Unisex
Berkli,F
Berklie,F
Berkly,F
Berklyn,F
Berkyn,M
Berl,M
Berla,F
Berle,M
Berleen,F
Berlen,M
Berlena,F
Berlene,F
Berley,M
Berlie,Unisex
Berlin,Unisex
Berlin-Ray,F
Berlina,F
Berlinda,F
Berline,F
Berlita,F
Berlon,M
Berlyn,Unisex
Berlyne,F
Berlynn,F
Berlynne,F
Berma,F
Berman,M
Bermata,F
Bermicka,F
Bermuda,F
Bern,M
Berna,F
Bernabe,M
Bernace,F
Bernada,F
Bernadean,F
Bernadeen,F
Bernadene,F
Bernadenne-joy,F
Bernadessi,M
Bernadet,F
Bernadeta,F
Bernadete,F
Bernadeth,F
Bernadett,F
Bernadetta,F
Bernadette,F
Bernadette-brigid,F
Bernadette-june,F
Bernadette-rose,F
Bernadica,F
Bernadina,F
Bernadine,F
Bernadino,M
Bernado,M
Bernadyne,F
Bernal,M
Bernaldo,M
Bernalee,F
Bernando,M
Bernar,M
Bernard,M
Bernard-richard,M
Bernarda,F
Bernardas ,M
Bernardes,M
Bernardetta,F
Bernardette,F
Bernardi,M
Bernardin-andru,M
Bernardina,F
Bernardine,F
Bernardino,M
Bernardita,F
Bernardka,F
Bernardo,M
Bernardus,M
Bernardyn,M
Bernardyna,F
Bernarr,M
Bernasia,F
Bernave,M
Bernay,F
Bernd,M
Bernda,F
Berndina,F
Berndt,M
Berne,M
Bernece,F
Berneda,F
Bernedeen,F
Bernedette,F
Berneice,F
Berneil,F
Berneita,F
Bernel,M
Bernelda,F
Bernell,Unisex
Bernella,F
Bernelle,F
Bernerd,M
Bernese,F
Bernesha,F
Bernessa,F
Bernessia,F
Bernest,M
Bernestine,F
Bernet,M
Berneta,F
Bernetha,F
Bernett,Unisex
Bernetta,F
Bernette,F
Berney,M
Bernhard,M
Bernhardina,F
Bernhardt,M
Bernhart,M
Bernherd,M
Bernherdt,M
Bernhord,M
Bernhort,M
Berni,F
Bernia,F
Bernice,F
Bernicia,F
Bernida,F
Bernie,Unisex
Berniece,F
Bernina,F
Bernine,F
Bernis,Unisex
Bernise,F
Bernisha,F
Bernistine,F
Bernita,F
Bernitha,F
Bernitta,F
Berniya,F
Bernley,F
Bernnadette,F
Bernnardine,F
Berno,M
Bernon,M
Bernt,M
Bernurdus,M
Bernward,M
Berny,M
Bernyce,F
Beronica,F
Berony,F
Berra,F
Berra-Betnl,F
Berrel,M
Berrett,M
Berri,F
Berrice,F
Berrick,M
Berrie,F
Berrik,M
Berrin,Unisex
Berris,F
Berrit,F
Berriwan,F
Berry,M
Berryman,M
Berryn,M
Bersabeh,F
Bersabel,F
Bersain,M
Bersayiss,F
Berseen,F
Bersh,M
Bershabe,F
Bersius,F
Berson,M
Bert,M
Berta,F
Bertalan,M
Bertan ,M
Berte,F
Berteal,F
Bertel,M
Bertell,M
Bertella,F
Bertelle,F
Berten,M
Bertena,F
Berth,F
Bertha,F
Bertha-Lyn,F
Berthal,Unisex
Berthalee,F
Berthamae,F
Berthe,F
Berthel,Unisex
Berthella,F
Berthena,F
Berthenia,F
Berther,F
Berthia,F
Berthina,F
Berthine,F
Berthol,M
Berthold,M
Bertia,F
Bertice,Unisex
Bertie,Unisex
Bertil,M
Bertile,F
Bertilla,F
Bertille,F
Bertin,M
Bertina,F
Bertine,F
Bertis,M
Bertlee-brendon,M
Berto,M
Berton,M
Bertram,M
Bertran,M
Bertrand,M
Bertrena,F
Bertrice,F
Bertrum,M
Bertrun,M
Bertus,M
Berty ,M
Beruk,M
Berverly,F
Bervick,M
Bervin,M
Berwick,M
Berwin,M
Berwyn,M
Beryl,Unisex
Beryle,Unisex
Berylinda,F
Beryn,F
Berynn,M
Beryon,M
Berys,F
Berzan ,M
Besa,F
Besam,M
Besan,F
Besart,M
Besarta ,F
Besemina,F
Beshara,M
Besharat,M
Beshlie,F
Beshoy,M
Besian ,M
Besiana,F
Besim,M
Besima,F
Besma,F
Besmir ,M
Besnik,M
Bess,F
Bess-serena,F
Bessamelia,F
Besse,F
Bessem,M
Bessi,F
Bessie,F
Bessie-Anna,F
Bessie-Lyn,F
Bessiemae,F
Bessma,F
Besson,M
Bessy,F
Bessy-may,F
Bessye,F
Best,M
Beste ,F
Bestt,M
Besty,F
Besufekad,M
Beta,F
Betania,F
Betaniya,F
Betanya,F
Betcha,M
Bete,F
Beteial,F
Betel,F
Betel-Melkamu,F
Beteleheme,F
Betelheim,F
Betelhim,F
Betelihem,F
Beth,F
Beth-Ann,F
Beth-Anne ,F
Beth-Ellen,F
Betha,F
Bethael,F
Bethal,F
Bethamy,F
Bethan,F
Bethane ,F
Bethanee,F
Bethanee-London,F
Bethaney,F
Bethani,F
Bethania,F
Bethanie,F
Bethanmie,F
Bethann,F
Bethanne,F
Bethanney ,F
Bethanni,F
Bethannie,F
Bethanny,F
Bethany,F
Bethany- ,F
Bethany-alu,F
Bethany-Ann ,F
Bethany-Anne ,F
Bethany-Jade ,F
Bethany-Jane ,F
Bethany-Jayne ,F
Bethany-Jean,F
Bethany-Jo ,F
Bethany-Joy,F
Bethany-kate,F
Bethany-lee,F
Bethany-Louise ,F
Bethany-Mae ,F
Bethany-Mai ,F
Bethany-Marie ,F
Bethany-May ,F
Bethany-Paige ,F
Bethany-Rose ,F
Bethanya,F
Bethanye,F
Bethe,F
Bethea,F
Betheiah,F
Bethel,Unisex
Bethel-Easter,F
Bethelehem,F
Bethellen,F
Bethen ,F
Bethena,F
Bethene,F
Betheney,F
Bethenia,F
Bethenny,F
Betheny,F
Bethia,F
Bethie,F
Bethina,F
Bethine,F
Bethiney,F
Bethinn ,F
Bethleem,F
Bethlehem,F
Bethlyn,F
Bethne,F
Bethney,F
Bethony,F
Bethsaida,F
Bethsheba,F
Bethsy,F
Bethune,F
Bethwyn,F
Bethy,F
Bethya,F
Bethyl,F
Bethynee,F
Bethywn,F
Bethzabel,F
Bethzabeth,F
Bethzaida,F
Bethzaira,F
Bethzi,F
Bethzy,F
Beti ,F
Betiel ,F
Betim,M
Betina,F
Betina-irene,F
Betina-jane,F
Betinella,F
Betlehem,F
Betnayel,F
Beto,M
Betony,F
Betrice,F
Betrina,F
Betroula,F
Betsabe,F
Betsabet,F
Betsabeth,F
Betsaida,F
Betsan ,F
Betsayda,F
Betselot,Unisex
Betsey,F
Betsi,F
Betsie,F
Betsua,F
Betswyn,F
Betsy,F
Betsy-Bo ,F
Betsy-Lou ,F
Betsy-Mae ,F
Betsy-May ,F
Betsy-Rae ,F
Betsy-Rose ,F
Betsy-Taylor,F
Betsye,F
Bett,F
Betta,F
Bette,F
Bette-Anne,F
Betteann,F
Betteanne,F
Bettee,F
Betteesha,F
Bettejane,F
Bettejean,F
Bettejo,F
Bettelou,F
Bettena,F
Bettey,F
Betthany,F
Betti,F
Bettial,F
Bettiann,F
Bettianne,F
Bettie,F
Bettiel,F
Bettijane,F
Bettilou,F
Bettina,F
Bettina-Catherina,F
Bettine,F
Bettrina,F
Bettsie ,F
Bettsy,F
Betty,F
Betty-Ann,F
Betty-Anne,F
Betty-eleanor,F
Betty-Jean,F
Betty-Jo,F
Betty-Lou ,F
Betty-May ,F
Betty-Rose ,F
Bettyann,F
Bettyanne,F
Bettye,F
Bettyel,F
Bettyjane,F
Bettyjean,F
Bettyjo,F
Bettylee,F
Bettylou,F
Bettylu,F
Bettymae,F
Bettymarie,F
Bettyna-kate,F
Bettzy,F
Betuel ,M
Betuela,F
Betul,F
Bety,F
Betzabe,F
Betzabel,F
Betzabet,F
Betzabeth,F
Betzaida,F
Betzaira,F
Betzalel,M
Betzayda,F
Betzayra,F
Betzhy,F
Betzi,F
Betzy,F
Beuford,M
Beula,F
Beulah,F
Beuna,F
Beunca,F
Beunka,F
Beuxy,F
Bev,F
Beva,F
Bevan,M
Bevann,M
Beveinda,F
Beveley,F
Bevely,F
Bevelyn,F
Beven,M
Bevereley,F
Beverely,F
Beverle,F
Beverlee,F
Beverley,F
Beverley-anne,F
Beverley-Carol,F
Beverley-Dawn,F
Beverli,F
Beverlie,F
Beverlin,F
Beverly,F
Beverly-Ann,F
Beverly-anne,F
Beverly-Lynn,F
Beverlyann,F
Beverlye,F
Beverlyn,F
Bevery,F
Bevie,F
Bevin,Unisex
Bevin-Alexis,F
Bevis,M
Bevleen,F
Bevoir,M
Bevon,M
Bevone,F
Bevra,F
Bevyn,F
Bevynn,F
Bex,Unisex
Bexlee,F
Bexleigh,F
Bexley,Unisex
Bexli,F
Bexon,M
Bexson,M
Bexton,M
Bey,Unisex
Beya,F
Beyah,F
Beyan,M
Beyanka,F
Beyar,M
Beyata,F
Beyazit,M
Beyda,F
Beyen,M
Beyhan,F
Beyien,F
Beyla,F
Beylul,F
Beynon,M
Beyonca,F
Beyonce,F
Beyoncee,F
BeyoncT,F
Beyonka,F
Beyonta,F
Beyounce,F
BeyouncF,F
Beytreicie,F
Beyunka,F
Beyza,F
Beyzagul,F
Beyzanur ,F
Beza,F
Bezaleel,M
Bezalel,M
Bezawet,F
Bezawit,F
Bg,F
Bhaavna,F
Bhableen,F
Bhagat,M
Bhagveer,M
Bhagwan,M
Bhagwant,Unisex
Bhagyashree,F
Bhairavi ,F
Bhajman,M
Bhakti,F
Bhalinder,M
Bhamini,F
Bhamy,F
Bhan,Unisex
Bhanu,F
Bhanupriya,F
Bhanuveer,M
Bhanvi,F
Bharat,M
Bharath,M
Bharathan,M
Bharathkumar,M
Bharati,F
Bharbara,F
Bhareh,F
Bhargav,M
Bhargava,M
Bhargavi,F
Bharghavi,F
Bharti,F
Bhattarai,M
Bhavagna,F
Bhavan ,Unisex
Bhavana,F
Bhavandeep ,Unisex
Bhavani,F
Bhavanjeet,F
Bhavanjit,M
Bhavanjot,M
Bhavanveer,M
Bhavdeep ,M
Bhaveesha,F
Bhaven ,M
Bhavendip,M
Bhavesh,M
Bhavgun,M
Bhavi,F
Bhavidhya,F
Bhavighna,F
Bhavik,M
Bhavika,F
Bhavin,M
Bhavina ,F
Bhavini,F
Bhavish ,M
Bhavisha ,F
Bhavishya ,F
Bhaviya,F
Bhavjeet,Unisex
Bhavjit,F
Bhavjot ,Unisex
Bhavjyot,M
Bhavkiran,F
Bhavkirat,F
Bhavkirt,M
Bhavleen,F
Bhavna,F
Bhavneet ,F
Bhavneeta,F
Bhavnett,F
Bhavnha,F
Bhavnish,M
Bhavnoor,Unisex
Bhavraj,M
Bhavreet,F
Bhavrit,M
Bhavsagar,M
Bhavshaun,M
Bhavsimran,M
Bhavtaj,M
Bhavy,M
Bhavya,Unisex
Bhawan,M
Bhawanjot,Unisex
Bhawanjyot,M
Bhawanpreet,F
Bhawisha,F
Bhawjot,M
Bhawna,F
Bhawndip,F
Bhaya,F
Bhea,F
Bhenjamin,M
Bhil,M
Bhindi,F
Bhisham,M
Bhodi,Unisex
Bhoe,M
Bhojraj,M
Bhol,M
Bhoomi,F
Bhoomika,F
Bhrair,M
Bhrandi-Rose,F
Bhrat,M
Bhreagh,F
Bhrianna,F
Bhrilseilar,F
Bhryeann,F
Bhulinder,M
Bhumi,F
Bhumik,M
Bhumika,F
Bhupal,M
Bhupender,M
Bhupesh,M
Bhuphinder,M
Bhupinder ,M
Bhupinderjeet,M
Bhupinderjit,Unisex
Bhuvan,M
Bhuvi,F
Bhuvjot,F
Bi,F
Bia,F
Biaca,F
Biach,M
Biafra,F
Biaggino,M
Biaggio,M
Biagina,F
Biagio,M
Biak,Unisex
Biala,F
Bian,Unisex
Biana,F
Bianaca,F
Bianca,F
Bianca-chantelle,F
Bianca-dakota,F
Bianca-holly,F
Bianca-Iulia,F
Bianca-jade,F
Bianca-jane,F
Bianca-kate,F
Bianca-lee,F
Bianca-Maria ,F
Bianca-nina,F
Bianca-raya,F
Bianca-Rose,F
Bianca-sarah,F
Biancah,F
BiancaMaria,F
Biancamarie,F
Biancca,F
Biancci,M
Biance,F
Biancha,F
Bianchina,F
Biancia,F
Biancka,F
Bianco,Unisex
Bianet,F
Bianeth,F
Bianey,F
Bianica,F
Bianka,F
Bianka-Maria,F
Biankah,F
Bianna,F
Biannca,F
Bianne,F
Bianney,F
Bianny,F
Biano,M
Biar,M
Biatris,F
Biatriz,F
Biaunca,F
Biayna,F
Bib-Gelmard,M
Biba ,F
Bibb,M
Bibek,M
Bibhuti,F
Bibi,F
Bibi-ann,F
Bibian,F
Bibiana,F
Bibianna,F
Bibianne,F
Bibiano,M
Biborka,F
Bibson,M
Bibyan,Unisex
Bicanca,F
Bicara,F
Bicardee,F
Bice,F
Bicente,M
Bich,F
Bich-ha,F
Bich-hanh,F
Bich-Hien,F
Bich-hoang,F
Bich-loan,F
Bich-ngan,F
Bich-Nghi,F
Bich-tram,F
Bickramjit,M
Bictor,M
Bidal,M
Biddie,F
Biddy,F
Bidhan,M
Bidisa,F
Bidong,M
Bidur,F
Bidushi,F
Bidwell,M
Biel,M
Bielen,F
Bielka,F
Biella,F
Bielle,M
Bienfait,M
Bienrose,F
Bienvenida,F
Bienvenido,M
Bienvenue,M
Biff,M
Biftu,F
Bige,M
Bigoa,Unisex
Bihamta,F
Bihan,M
Bihor,M
Biile,F
Bijaan,M
Bijal,F
Bijan,M
Bijan-Andre,M
Bijar,M
Bijek,M
Bijenthi,F
Bijhan,M
Bijon,Unisex
Bijou,F
Bijoux,F
Biju,M
Biker,M
Bikeramjit,M
Biko,M
Bikram,M
Bikramjeet,M
Bikramjit ,M
Bikrampal,M
Bikrantveer,M
Bikrum,M
Bilaal,M
Bilal,M
Bilal-Bassam,M
Bilal-Ul-Haque,M
Bilala,M
Bilan,F
Bilawal ,M
Bilbo,M
Bilby,F
Bilee,F
Bilen,F
Bilge ,F
Bilge-Kadirhan,M
Bilgena,F
Bilguun,M
Bili,F
Bilind,M
Bilinda,F
Bilio-koula,F
Bilisa,M
Bilisuma,M
Bilitis,F
Biljana,F
Bill,M
Bill-norman,M
Bill-Vasilis,M
Billa,F
Billal,M
Bille,Unisex
Bille-anne,M
Billea,F
Billea-jo,F
Billee,F
Billejean,F
Billey,M
Billi,F
Billi-claire,F
Billi-J,F
Billi-Jean,F
Billi-Jo ,F
Billi-Joe,F
Billi-rae,F
Billianna,F
Billie,Unisex
Billie- ,F
Billie-Ann ,F
Billie-Anne ,F
Billie-Dee,F
Billie-Gean,F
Billie-grace,F
Billie-Jade ,F
Billie-jai,F
Billie-Jane ,F
Billie-Jay ,F
Billie-jaye,F
Billie-Jean ,F
Billie-Jo ,F
Billie-joan,F
Billie-Joe ,Unisex
Billie-kaye,F
Billie-lace,F
Billie-Lea ,F
Billie-Lee,F
Billie-Lei,F
Billie-Leigh ,F
Billie-Louise ,F
Billie-Lynn,F
Billie-Mae ,F
Billie-Mai ,F
Billie-Marie ,F
Billie-May ,F
Billie-michelle,F
Billie-Rae ,F
Billie-Rose ,F
Billie-sky,F
Billie-sue,F
Billieanne,F
Billiejean,F
Billiejo,F
Billiejoe,F
Billieleigh,F
Billijean,F
Billijo,F
Billinda,F
Billion,Unisex
Billison,M
Billkui,M
Billy,M
Billy-brandon,M
Billy-Dean ,M
Billy-George ,M
Billy-Jack,M
Billy-James ,M
Billy-Jay ,M
Billy-Jean,F
Billy-Jo ,Unisex
Billy-Joe ,M
Billy-Joel,M
Billy-John ,M
Billy-Lee ,M
Billy-Ray ,M
Billyana,F
Billybob ,M
Billye,F
Billyjack,M
Billyjo,Unisex
Billyjoe,M
Billylee ,M
Billyo,M
Billyray,M
Billyroy,M
Bilma,F
Bilnd,M
Bilo,F
Bilol,M
Bilon,F
Bilqees ,F
Bilqis,F
Bilroy,M
Biltan,F
Bily,M
Bilynja,M
Bim,M
Bima,M
Bimal,M
Bimanpreet,F
Bimbo,M
Bimlesh,M
Bin,M
Bina,F
Binaca,F
Binafshah,F
Binah,F
Binal ,F
Binani,M
Binar,M
Binara,F
Binath,M
Binay,M
Binayak,M
Binaypal,M
Binaypaul,M
Binazra,F
Binca,F
Binda,M
Bindee,F
Bindhya,F
Bindi,F
Bindi-jo,F
Bindiya,F
Bindon,M
Bindu,F
Bindy,F
Bindy-lee,F
Bineeta,F
Bineta,F
Binford,M
Bing,M
Bing-xian,M
Bingham,M
Binh,M
Binhnarit,M
Binhnart,M
Binhthy,F
Biniam ,M
Binik,M
Binira,F
Binisha,F
Binita,F
Biniyam,M
Binjamin,M
Binky,F
Binni,Unisex
Binnie,Unisex
Binnson,M
Binny,F
Bino,M
Binsted,M
Binta,F
Bintang,M
Binti,F
Binto,F
Bintou,F
Bintu,F
Binu,M
Binudi,F
Binuga,M
Binuk,M
Binuli,F
Binwant,F
Binyam,M
Binyameen ,M
Binyamin,M
Binyoang,F
Binyomin,M
Biol,F
Bioleta,F
Bion,M
Bionca,F
Bionce,F
Bionda,F
Biong,M
Bionka,F
Bior,M
Bipal,M
Bipanjot,Unisex
Bipasha ,F
Bipasna,F
Bipen,F
Bipinjeet,M
Bipranshu,M
Bipul,M
Bir,M
Biraj,M
Birame,M
Biran,M
Biranavi,F
Biranna,F
Birant,M
Birch,M
Birchard,M
Birche,M
Birchel,M
Birchie,F
Bird,Unisex
Birda,F
Birdee,F
Birdell,F
Birdella,F
Birdena,F
Birdene,F
Birder,F
Birdia,F
Birdie,F
Birdine,F
Birdy,F
Birdye,F
Biren,M
Birger,M
Birgid,F
Birgit,F
Birgitt,F
Birgitta,F
Birgitte,F
Birhad,M
Birhat,M
Biridiana,F
Birinder,M
Biriute,F
Birjot,F
Birju,M
Birk,M
Birkarn,M
Birken,F
Birkland,M
Birklee,F
Birkley,F
Birl,M
Birmadu,M
Birneet,F
Birney,M
Biron,M
Birpal,M
Birpartap,M
Birpaul,M
Birpreet,M
Birsen-Gulsen,F
Birsvtar,F
Birt,M
Birta,F
Birtej,M
Birtha,F
Birthel,F
Birtie,F
Birttany,F
Birty,F
Biruk,M
Biruta,F
Birute,F
Biryar,M
Birydiana,F
Bisa,F
Bisaan,F
Bisahr,M
Bisan,F
Bisangwa,M
Bisayo,F
Bisceglia,F
Bisente,M
Biserka,F
Biserko,M
Bishal,M
Bishan ,M
Bishara,M
Bisharo,F
Bishavtaj,M
Bisher,M
Bishesta,F
Bishoi,M
Bishop,M
Bishoy,M
Bisika,F
Bisleidy,F
Bisma,F
Bismaad,Unisex
Bismah,F
Bisman,M
Bismanraj,M
Bismarck,M
Bismark,M
Bismen,F
Bismilla,F
Bismillah,M
Bisola,F
Bison,M
Bissam,M
Bissan,F
Bissie,F
Bit,M
Bita,F
Bitania,F
Bitaniya,F
Bitanya,F
Bith,M
Bitha,F
Bithania,F
Bithia,F
Bithiah,F
Bitia,F
Bitisho,F
Bitite,F
Bitsy,F
Bittania,F
Bittany,F
Biunca,F
Bivaan,M
Bivash,M
Bivian,Unisex
Biviana,F
Bivob,M
Bivon ,M
Bivor,M
Bix,M
Bixby,Unisex
Biyanca,F
Biyanka,F
Biyo,M
Bizou,F
Bj,M
Bj-basil,M
Bj÷rn,M
Bjana,F
Bjar,M
Bjarne,M
Bjay,M
Bjerre,M
Bjoern,M
Bjorgvin,M
Bjork,F
Bjorn,M
Bjornda,F
Bjorne,M
BjornJack,M
Bjornstjerne,M
Bla,F
Blace,M
Black,M
Blacker,M
Blackie,M
Blade,M
Bladen,M
Bladeyn,M
Bladimir,M
Bladin,F
Bladyn,M
Blae,M
Blaec,M
Blaed,M
Blaeden,M
Blaenau,F
Blaeze,F
Blaga,F
Blagoje,M
Blaid,M
Blaidd ,M
Blaide,M
Blaiden,M
Blaidin,M
Blaidyn,M
Blaik,M
Blaike,Unisex
Blaiklee,F
Blaikley,F
Blain,M
Blaine,M
Blair,Unisex
Blair-Ann,F
Blair-Marie,F
Blaire,F
Blais,M
Blaise,M
Blaithe,M
Blaithin ,F
Blaiz,M
Blaize,Unisex
Blaize-aanton,M
Blake,M
Blake-anthony,M
Blake-corey,M
Blake-stephen,M
Blake-william,M
Blakelee,F
Blakeleigh,F
Blakeley,Unisex
Blakeli,F
Blakelie,F
Blakely,Unisex
Blakelyn,F
Blakelynn,F
Blaken,M
Blakeney,F
Blakeny,F
Blakesley,F
Blaklee,F
Blakleigh,F
Blakley,Unisex
Blaklie,F
Blakney,F
Blalin,M
Blan,M
Blanaid ,F
Blanca,F
Blancaestela,F
Blanch,F
Blancha,F
Blanchard,M
Blanche,F
Blanchefleur,F
Blanchie,F
Bland,M
Blandina,F
Blandine,F
Blandon,M
Blandy,F
Blane,M
Blaney,Unisex
Blanka,F
Blannie,F
Blanton,M
Blare,F
Blarra,F
Blas,M
Blasa,F
Blase,M
Blasko,F
Blass,M
Blathin,F
Blaxlan,M
Blay,M
Blayce,M
Blayd,M
Blayde,M
Blayden,M
Blaydin,M
Blaydon,M
Blayk,M
Blayke,Unisex
Blayke-Lee,F
Blayklee,F
Blayn,M
Blayne,M
Blayr,F
Blayre,F
Blayse,M
Blayson,M
Blayten,M
Blayton,M
Blayz,M
Blayze,M
Blaz,M
Blaza,F
Blazc,M
Blaze,M
Blaze-cody,M
Blazej ,M
Blazen,M
Blazenka,F
Blazer,M
Blazze,M
Blazzek,M
Bleart,M
Blease,M
Bledar,M
Bleddyn ,M
Bleeker,F
Bleeval,M
Bleidy,F
Blen,F
Blend ,M
Blenda,F
Blendi ,M
Blendia,F
Blendin,F
Blenya,F
Bleon ,M
Bleona,F
Blerdi,M
Blerim,M
Blerina,F
Bleron ,M
Blerta,F
Blerton ,M
Bless,Unisex
Blessa,F
Blessed,Unisex
Blessen,F
Blessi,F
Blessie,F
Blessin,F
Blessing,Unisex
Blessings,F
Blessn,F
Blesson,M
Blessy,F
Blessyn,F
Bleta,F
Bleu,Unisex
Bleyd,M
Bleyk,M
Blia,F
Bligh,Unisex
Blima,F
Blimi,F
Blimie,F
Blimy,F
Blin,M
Blina ,F
Blinda,F
Blinera,F
Bliss,Unisex
Blissannie,F
Blissany,F
Blithe,F
Blitz,F
Blodwen,F
Blodwyn,F
Blon,F
Blondean,F
Blondell,F
Blondelle,F
Blondena,F
Blondie,F
Blondina,F
Blondine,F
Bloneva,F
Blong,M
Blonlee,M
Blonnie,F
Bloom,F
Bloomie,F
Blossie,F
Blossom,F
Blouncie,M
Blousey ,F
Blu,Unisex
Blu-Belle ,F
Bluann,F
Blubelle ,F
Blue,Unisex
Blue-Quill,M
Bluebell ,F
Bluebelle ,F
Bluesky,M
Bluestone,F
Bluew,M
Bluford,M
Bluma,F
Bly,M
Blye,Unisex
Blynda,F
Blynn,M
Blys,M
Blyss,F
Blyth,Unisex
Blythe,F
Bnai,F
Bnar,F
Bo,Unisex
Bo'az,M
Bo'Danya,M
Bo-dean,M
Bo-dylan,M
Bo-James,M
Bo-John,M
Bo-luke,M
Bo-Rham,M
Bo-tarah,F
Bo-Ty,M
Boadicea ,F
Boadie,M
Boady,M
Boas,M
Boasi,M
Boaz,M
Bob,M
Boback,M
Bobak,M
Boban,M
Bobasha,M
Bobb,M
Bobbe,F
Bobbee,F
Bobbetta,F
Bobbette,F
Bobbi,F
Bobbi-Ann,F
Bobbi-Anne,F
Bobbi-Dawn,F
Bobbi-Dean,F
Bobbi-deanne,F
Bobbi-Jean,F
Bobbi-Jo ,F
Bobbi-Joe,F
Bobbi-Lea,F
Bobbi-Lee ,F
Bobbi-Leigh ,F
Bobbi-Lyn,F
Bobbi-Lynn,F
Bobbi-Mae ,F
Bobbi-Marie ,F
Bobbi-Rose ,F
Bobbi-Sue,F
BobbiAnn,F
Bobbie,Unisex
Bobbie-Ann,F
Bobbie-anne,F
Bobbie-Jade ,F
Bobbie-Jean,F
Bobbie-Jo ,F
Bobbie-Jo-Francis,F
Bobbie-Joe,F
Bobbie-Jolene,F
Bobbie-Lee ,Unisex
Bobbie-Leigh ,F
Bobbie-Lise,F
Bobbie-lou,F
Bobbie-louise,F
Bobbie-Lynn,F
Bobbie-Mae ,F
Bobbie-Marie,F
Bobbie-Rae,F
Bobbie-Sue,F
Bobbiejean,F
Bobbiejo,F
Bobbielee,F
Bobbiesue,F
Bobbijo,F
Bobbilee,F
Bobbilynn,F
Bobbisue,F
Bobby,M
Bobby-anne,F
Bobby-Dean ,M
Bobby-Gene,M
Bobby-George ,M
Bobby-Jack ,M
Bobby-Jai ,M
Bobby-James ,M
Bobby-Jay ,M
Bobby-Jean,F
Bobby-Jo ,Unisex
Bobby-Joe ,M
Bobby-John ,M
Bobby-Lee ,M
Bobby-Lyn,F
Bobby-Lynn,F
Bobby-Ray ,M
Bobbye,F
Bobbyetta,F
Bobbyjo,F
Bobbyjoe,M
Bobbylee,Unisex
Bobetta,F
Bobette,F
Bobey,M
Bobi,F
Bobi-Jo-Anne,F
Bobi-Sue,F
Bobie,Unisex
Bobie-jo,F
Bobiena,F
Bobijo,F
Bobijot,M
Bobilee,F
Bobo,M
Bobra,F
Bobtail,M
Boby,M
Bobyier,F
Bocar,M
Bocephus,M
Bochdan,M
Bochra-Sabreen,F
Bodacious,M
Bodan,M
Bodana,F
Bodann,M
Bode,M
Bodean,M
Bodee,M
Bodeen,F
Bodel,M
Bodell,M
Bodelle,F
Boden,M
Bodene,M
Bodey,M
Bodhan,M
Bodhe,M
Bodhi,M
Bodhi-leigh,M
Bodhie,M
Bodhin,M
Bodhy,M
Bodi,M
Bodicca,F
Bodicea,F
Bodie,M
Bodin,M
Bodine,M
Bodinya,F
Bodni,F
Bodo,M
Bodoor,F
Bodrul ,M
Bodyn,M
Boe,Unisex
Boe-Jeremy,M
Boede,M
Boeden,M
Boedergard,M
Boedi,M
Boedy,M
Boen,M
Boey,F
Bofan,M
Bogar,M
Bogart,M
Bogda,M
Bogdam,M
Bogdan,M
Bogdan-Bob,M
Bogdana,Unisex
Bogdon,M
Bogena,F
Boghra,M
Boglarka ,F
Bognuslaw,M
Bogoslow,M
Bogumila,F
Boguslaw,M
Boguslaws,M
Boh,M
Bohan,M
Bohand,M
Bohannon,M
Bohdahna,F
Bohdan,M
Bohdana,F
Bohdarianna,F
Bohdee,M
Bohden,M
Bohdi,M
Bohdie,M
Bohdin,M
Bohdy,M
Bohdy-jay,M
Bohdyn,M
Bohe,M
Bohen,M
BohFme,F
Boholam,M
Bohtan,M
Bohumil,M
Bohun,M
Boi,M
Boice,M
Boikago,M
Boimah,M
Boipuso,F
Boise,M
Boisey,M
Boisy,M
Boitshepo,F
Boiyer,M
Boja,F
Bojan,M
Bojana,F
Bojidar ,M
Bojin,F
Bok,M
Bokan,M
Bokken,M
Bokolo,M
Bokru,M
Bokyung,F
Bol,M
Bolaji,M
Boland,M
Bolanle,F
Bolden,M
Boldwin,M
Bolenda,F
Boleslaus,M
Boleslaw,M
Bolette,F
Boleyn,F
Bolin,M
Bolish,M
Bolivar,M
Bolivia,F
Bolko,M
Bolling,M
Bolon,M
Bolor,M
Bolton,M
Bolun,M
Bolutife,M
Boluwatife,Unisex
Boluwatiwi,F
Boma,M
Bomani,M
Bombina,M
Bomer,M
Bomkouth,M
Bon,M
Bona,F
Bonalyn,F
Bonanza,M
Bonar,M
Bonard,M
Boncile,F
Bond,M
Bonda,F
Bondie,F
Bone,Unisex
Boneita,F
Bonell,Unisex
Bonet,F
Boneta,F
Bonetta,F
Boneva,F
Boney,M
Bong,M
Bongeka,F
Bongnwi,M
Bonham,M
Boni,F
Bonica,F
Bonieta,F
Boniface,M
Bonifacia,F
Bonifacio,M
Bonika,F
Bonikah,F
Bonique,F
Bonita,F
Bonitia,F
Bonitta,F
Boniver,M
Bonmatthew,M
Bonn,M
Bonna,F
Bonne,F
Bonne-carey,F
Bonnee,F
Bonnell,F
Bonnelle,F
Bonner,M
Bonnessa,F
Bonnet,F
Bonnetta,F
Bonnette,F
Bonney,F
Bonneyville,F
Bonni,F
Bonni-Anne,F
Bonni-lee,F
Bonnibel,F
Bonnibelle,F
Bonnie,F
Bonnie-Anne,F
Bonnie-Blu ,F
Bonnie-Blue ,F
Bonnie-cherie,F
Bonnie-jade,F
Bonnie-Jane,F
Bonnie-Jean,F
Bonnie-jo,F
Bonnie-lea,F
Bonnie-Lee ,F
Bonnie-Leigh ,F
Bonnie-Lou ,F
Bonnie-Louise ,F
Bonnie-Lynn,F
Bonnie-Lynne,F
Bonnie-Mae ,F
Bonnie-Mai ,F
Bonnie-Marie,F
Bonnie-May ,F
Bonnie-Rae ,F
Bonnie-Rose ,F
Bonnie-sue,F
Bonniejean,F
Bonniejo,F
Bonnielee,F
Bonnielou,F
Bonnii,F
Bonnii-ann,F
Bonnilyn,F
Bonnita,F
Bonnitta,F
Bonny,F
Bonny-Jo,F
Bonny-lee,F
Bonny-Lynn,F
Bonnye,F
Bonnylee,F
Bono ,M
Bontu,F
Bonty,F
Bonzie,F
Bonzyk,M
Boo ,F
Booi,M
Booker,M
Bookert,M
Boomer,M
Boon,M
Boona,M
Boone,M
Boonsa,M
Booth,M
Boothe,M
Boots,Unisex
Bopha,F
Bopha-malis,F
Boqonna,F
Bora,Unisex
Borach,M
Borakil,M
Boramay,M
Boran,M
Borann,M
Borar,M
Borden,M
Borek,M
Boresa,M
Borg,M
Borghild,F
Borgny,F
Borhan,M
Borida,M
Boris,M
Borislav ,M
Boriss,M
Borje,M
Borka,F
Born,M
Borna,M
Bornita,F
Bornyang,M
Boromir,M
Borong,M
Boronia,F
Borrey,M
Boru,M
Boruch,M
Borvin,M
Borwoi,M
Borys,M
Bosanna,F
Bosch,M
Bosco,M
Bose,M
Bosede,F
Bosen,M
Boseuko,F
Boshra ,F
Bosie,M
Bosiljka,F
Bosit,M
Bosko,M
Boss,M
Bossden,M
Bossie,M
Bosston,M
Bosten,M
Bostian,M
Bostin,M
Boston,M
Bostyn,Unisex
Bostynn,F
Boswell,M
Botaina,F
Botan ,M
Botayna,F
Both,M
Bothina,F
Botond ,M
Bottearieach,M
Bottrey,F
Bou-Justin,M
Boua,F
Boualavanh,F
Bouathong,M
Boubacar,M
Bouchra ,F
Boudica ,F
Boudicca ,F
Boudicea,F
Boue,M
Bouedean,M
Bougena,F
Boukan,F
Bouke,M
Boula,F
Boulder,M
Boulton,M
Boun,M
Bounheng,F
Bounkang,M
Bounsavanh,F
Bourke,M
Bourne,M
Bourneart,M
Bousavanh,F
Bouthayna,F
Boutheina,F
Bouvier,M
Boux ,F
Bovey,M
Bovon,M
Bow,Unisex
Bowan,M
Bowdan,M
Bowde,M
Bowdean,M
Bowden,M
Bowdey,M
Bowdi,M
Bowdie,M
Bowdrie,M
Bowdry,M
Bowdy,M
Bowdyn,M
Bowe,M
Bowen,M
Bower,M
Bowie,Unisex
Bowin,M
Bowjay,F
Bowman,M
Bowofoluwa,M
Bowyn,M
Boxi,F
Boy,M
Boya,F
Boyan,M
Boyana,F
Boyce,M
Boycie ,M
Boycus,M
Boyd,M
Boyda,F
Boyde,M
Boyden,M
Boye,M
Boyed,M
Boyet,M
Boyevin,M
Boyi,F
Boykin,M
Boyne,F
Boynton,M
Boysie,M
Boyue,M
Boyvin,M
Boyza,M
Boz,M
Bozajian,M
Bozana,F
Bozena,F
Bozhena,F
Bozhi,M
Bozhidar ,M
Bozica,F
Bozidar,M
Bozidarka,F
Bozidor,M
Bozo,M
Braaden,M
Braah,F
Braahm,M
Braasen,M
Brace,M
Bracelyn,F
Bracelynn,F
Bracen,M
Bracey,Unisex
Brach,M
Bracha,F
Brachel,F
Bracie,F
Brack,M
Bracken,Unisex
Brackston,M
Bracy,M
Bracyn,M
Brad,M
Brad-Lee ,M
Bradagen,M
Bradamante,F
Bradan,M
Bradbury,M
Bradd,M
Bradden,M
Braddi-John,M
Braddley,M
Braddock,M
Braddon,M
Braddox,M
Braddson,M
Brade,M
Bradean,F
Bradee,Unisex
Bradely,M
Braden,M
Bradenna,F
Braderick,M
Bradeus,M
Bradey,M
Bradeyn,M
Bradfield,M
Bradford,M
Bradi,F
Bradi-Anne,F
Bradie,Unisex
Bradin,M
Bradlee,M
Bradleigh,Unisex
Bradlen,M
Bradley,M
Bradley-colan,M
Bradley-Dean,M
Bradley-Everett,M
Bradley-hans,M
Bradley-James ,M
Bradley-Jean,M
Bradley-John ,M
Bradley-paul,M
Bradley-scott,M
Bradli,F
Bradlie,Unisex
Bradliegh,M
Bradly,M
Bradly-Adam,M
Bradlyn,M
Bradman,M
Bradmen,M
Bradmyn,M
Bradney,M
Bradnon,M
Brado,M
Bradoc,M
Bradon,M
Bradrick,M
Bradshaw,M
Bradson,M
Bradtke,M
Bradwell,M
Brady,M
Brady-Cole,M
Brady-Jo-Robbie,M
Brady-Kahil,M
Brady-Leigh,Unisex
Bradyen,M
Bradyn,M
Bradyne,F
Bradynn,Unisex
Brae,Unisex
Brae-Ann,F
Brae-Anna,F
Brae-Lea,F
Brae-Leigh,F
Brae-Lyn,F
Brae-Lynn,F
Brae-lynne,F
Braea,F
Braeann,F
Braeanne,F
Braedan,M
Braedan-Elysse,F
Braedd,M
Braede,F
Braede-Laine,F
Braeden,M
Braedi,M
Braedie,F
Braedin,M
Braedn,M
Braedon,M
Braedy,M
Braedyn,Unisex
Braegan,M
Braeker,M
Braeklyn,M
Braela,F
Braelan,M
Braeland,M
Braelee,F
Braelei,F
Braeleigh,F
Braelen,M
Braelene,F
Braeley,F
Braeli,F
Braelie,F
Braelin,Unisex
Braelinn,F
Braell,F
Braelon,M
Braely,F
Braelyn,Unisex
Braelynd,M
Braelyne,F
Braelynn,F
Braelynne,F
Braem,M
Braesen,M
Braeson,M
Braesyn,M
Braetanna,F
Braetel,M
Braetin,M
Braeton,M
Braewyn,F
Braeya,F
Brage,M
Braham,M
Brahamjit,M
Brahamjot,M
Brahamvir,M
Brahdilleone,M
Braheem,M
Brahian,M
Brahim,M
Brahin,M
Brahm,M
Brahma,M
Brahmdeep,M
Brahmer,M
Brahmi,F
Brahmjot,M
Brahmleen,F
Brahmpreet,M
Brahmsevak,M
Brahmveer,M
Brahmvir,M
Braia,F
Braian,M
Braid,M
Braidan,M
Braide,F
Braidee,Unisex
Braiden,M
Braiden-david,M
Braiden-Lee ,M
Braidi,F
Braidie,Unisex
Braidiey,M
Braidin,M
Braidon,M
Braidon-Alexander,M
Braidy,Unisex
Braidyn,Unisex
Braie,F
Braiens ,M
Braigh,M
Braigha,F
Braighton,M
Braijon,M
Braila,F
Brailea,F
Brailee,F
Braileen,F
Braileigh,F
Brailen,M
Brailey,F
Brailin,M
Braillie,F
Brailon,M
Braily,F
Brailyn,Unisex
Brailynn,F
Brain,M
Braina,F
Brainard,M
Brainna,F
Brais,M
Braisley,F
Braislyn,M
Braison,M
Brait,M
Braith ,M
Braithan,M
Braithe,M
Braiya,F
Braiyden,M
Braiyten,M
Braizlee,M
Brajan ,M
Brajon,M
Brakalia,F
Brake,M
Brakkas,M
Brakken,M
Bralan,M
Bralee,F
Bralei,F
Braleigh,F
Bralen,M
Braley,F
Bralie,F
Bralim,M
Bralin,M
Brallan,M
Bralon,M
Bralyn,Unisex
Bralynn,Unisex
Bralynne,F
Bram,M
Bramden,M
Bramjot,M
Bramley ,M
Bramm,M
Brampton,M
Bramwell ,M
Bran,M
Brana,F
Branae,F
Branagh,F
Branan,M
Branasia,F
Branavee,F
Branaya,F
Brance,M
Branch,M
Branco,M
Brancon,M
Brancy,F
Brand,M
Branda,F
Brandace,F
Brandae,F
Brandais,F
Brandal,M
Brandale,M
Brandall,M
Brandalyn,F
Brandalynn,F
Brandan,M
Brandarius,M
Brandasia,F
Branddon,M
Branddy,F
Branddyn,M
Brande,F
Brande-Leigh,F
Brandea,F
Brandean,F
Brandee,F
Brandee-Lyne,F
Brandeis,F
Brandel,Unisex
Brandele,F
Brandelene,F
Brandell,M
Brandelle,F
Brandelyn,F
Brandelynn,F
Branden,M
Branden-Lee ,M
Brandenn,M
Brander,M
Brandessa,F
Brandey,F
Brandi,F
Brandi-Dawn,F
Brandi-Jo,F
Brandi-Lea,F
Brandi-Leah,F
Brandi-Lee,F
Brandi-Leigh,F
Brandi-Liegh,F
Brandi-Lou,F
Brandi-Lyn,F
Brandi-Lynn,F
Brandi-Mae,F
Brandi-Rae,F
Brandia,F
Brandiann,F
Brandice,F
Brandice-Lynn,F
Brandie,F
Brandie-Lee,F
Brandie-Lynn,F
Brandii,F
Brandilea,F
Brandilee,F
Brandilin,F
Brandilyn,F
Brandilynn,F
Brandin,M
Brandin-Lee,M
Brandina,F
Brandir,M
Brandis,Unisex
Brandise,F
Brandisha,F
Brandiss,F
Brandley,M
Brandlyn,F
Brandn,M
Brando,M
Brandol,M
Brandolyn,F
Brandolynn,F
Brandom,M
Brandon,M
Brandon- ,M
Brandon-darong,M
Brandon-Gerardo,M
Brandon-James ,M
Brandon-jay,M
Brandon-joe,M
Brandon-Khai,M
Brandon-Lee ,M
Brandon-Leigh ,Unisex
Brandon-Nicholas,M
Brandonjames,M
Brandonkyle,M
Brandonlee,M
Brandonmichael,M
Brandonn,M
Brandonray,M
Brandson,M
Brandt,M
Brandtley,M
Brandtly,M
Brandton,M
Brandun,M
Brandur,M
Brandy,F
Brandy-Amelia,F
Brandy-Ann,F
Brandy-Jo,F
Brandy-Layne,F
Brandy-lea,F
Brandy-Lee,F
Brandy-Lyn,F
Brandy-Lynn,F
Brandy-Marie,F
Brandy-Neilson,M
Brandy-Rae,F
Brandy-Sue,F
Brandyann,F
Brandyce,F
Brandye,F
Brandylee,F
Brandylynn,F
Brandymae,F
Brandyn,M
Brandynn,F
Braneisha,F
Branek,M
Branen,M
Branesha,F
Branford,M
Brang,M
Branham,M
Branht,M
Brania,F
Braniah,F
Branigan,Unisex
Branimir,M
Branisha,F
Branishava,F
Branislav,M
Branislava,F
Braniya,F
Braniyah,F
Branka,F
Brankah,F
Brankica,F
Branko,M
Branlee,M
Branley,M
Branlin,M
Branly,M
Brann,M
Branna,F
Brannagh ,F
Brannan,M
Branndon,M
Brannen,M
Brannick,M
Brannigan,Unisex
Brannock,M
Brannon,M
Brano,M
Branon,M
Branoon,M
Branse,M
Bransen,M
Bransford,M
Bransin,M
Branson,M
Branston,M
Bransyn,M
Brant,M
Branten,M
Brantford,M
Brantin,M
Brantin-James,M
Brantlee,Unisex
Brantleigh,F
Brantley,M
Brantlie,F
Brantly,M
Brantner,M
Branton,M
Brantson,M
Brantt,M
Brantyn,M
Branwen,F
Branwyn,F
Brany,F
Branya,F
Branyah,F
Brare,M
Brasen,M
Brashad,M
Brashaun,M
Brashawn,M
Brasher,M
Brashton,M
Brasi,M
Brasia,F
Brasil,M
Brasildo,M
Brason,M
Braston,M
BraTden,M
Brauc,M
Braulia,F
Braulio,M
Braun,M
Braunagh,M
Braunsen,M
Braunson,M
Braunsyn,F
Braunt,M
Braunwyn,F
Brauunson,M
Brave,Unisex
Braven,M
Braver,M
Bravery,Unisex
Bravin,M
Bravlio,M
Bravo,M
Bravon,M
Bravyn,M
Brawimir,M
Brawley,M
Brawly,M
Brawn,M
Brax,M
Braxden,M
Braxdon,M
Braxdyn,M
Braxen,M
Braxlee,Unisex
Braxleigh,F
Braxley,Unisex
Braxlin,M
Braxon,M
Braxsen,M
Braxson,M
Braxsten,M
Braxstin,M
Braxston,M
Braxstyn,M
Braxtan,M
Braxten,M
Braxtin,M
Braxton,M
Braxtyn,Unisex
Braxtynn,Unisex
Braxx,M
Braxxden,M
Braxxi,F
Braxxon,M
Braxxton,M
Braxyn,M
Bray,M
Braya,F
Brayah,F
Brayam,M
Brayan,M
Brayana,F
Brayann,F
Brayanna,F
Brayant,M
Brayce,M
Braycen,M
Brayd'n,M
Brayda,F
Braydan,M
Braydane,F
Brayde,M
Braydee,Unisex
Braydeen,F
Braydel,F
Brayden,M
Brayden-Arsan,M
Brayden-Ivan,M
Brayden-jake,M
Brayden-james,M
Brayden-jessie,M
Brayden-john,M
Brayden-Lee ,M
Brayden-mark,M
Brayden-Mathew,M
Brayden-shayne,M
Braydenc,M
Braydence,M
Braydenn,M
Braydeon,M
Braydey,M
Braydi,F
Braydian,M
Braydie,M
Braydin,M
Braydn,M
Braydo,M
Braydon,M
Braydon-Lee,M
Braydyn,M
Braye,Unisex
Brayella,F
Brayelle,F
Brayen,M
Brayer,M
Brayhan,M
Brayker,M
Brayla,F
Braylah,F
Braylan,M
Brayland,M
Brayle,F
Braylea,F
Braylee,F
Brayleen,F
Braylei,F
Brayleigh,F
Brayleigha,F
Braylen,M
Braylend,M
Braylene,F
Braylenn,Unisex
Brayley,F
Brayli,F
Braylie,F
Braylin,Unisex
Braylinn,F
Brayln,M
Braylon,M
Brayly,F
Braylyn,Unisex
Braylynn,Unisex
Braylynne,F
Braymon,M
Braymond,M
Brayn,M
Braynt,M
Brayon,M
Brayonna,F
Brayse,M
Braysen,M
Brayshaun,M
Braysin,M
Brayson,M
Brayston,M
Brayten,M
Brayton,M
Brayven,M
Brayvon,M
Brayzen,M
Brayzley,M
Brazdin,M
Braze,M
Brazen,M
Brazen-Lee,M
Brazil,Unisex
Brazos,M
Bre,F
Bre'anna,F
Bre-Ann,F
Bre-Anna,F
Bre-Anne,F
Bre-arne,F
Brea,F
Brea-Ann,F
Brea-Anna,F
Brea-Lyn,F
Breaanna,F
Breaden,M
Breadon,M
Breadyn,M
Breaelle,F
Breagh ,F
Breagha ,F
Breah,F
Breah-Anne,F
Breahanah-ellen,F
Breahanna,F
Breahna,F
Breahnn,F
Breahnna,F
Breaira,F
Breaja,F
Breajah,F
Breaker,M
Breale,F
Brealeigh,F
Brealie,F
Brealle,F
Brealle-Amberlyn,F
Brealyn,F
Brealynn,F
Brean,F
Breana,F
Breana-Gabrielle,F
Breana-marie,F
Breanah,F
Breanalee,F
Breanalynn,F
Breanan,Unisex
Breanca,F
Breanda,F
Breandan,M
Breando,M
Breandra,F
Breandrea,F
Breane,F
Breanen,F
Breania,F
Breanika,F
Breann,F
Breanna,F
Breanna-allanna,F
Breanna-Amber,F
Breanna-Dawn,F
Breanna-Lee,F
Breanna-Leigh,F
Breanna-Lynn,F
Breanna-Lynne,F
Breanna-Reese,F
Breanna-Rose,F
Breanna-starr,F
Breannah,F
Breannan,F
Breanne,F
Breanne-Lee,F
Breanne-Lynne,F
Breanne-Renaya,F
Breannen,F
Breannia,F
Breannon,F
Breannyn,F
Breara,F
Brearna,F
Brearnna,F
Breasha,F
Breashia,F
Breasia,F
Breasya,F
Breaun,Unisex
Breauna,F
Breaunna,F
Breaux,M
Breawna,F
Breayla,F
Breayna,F
Breaz,F
Breazae,F
Breaze,F
Breazia,F
Brec,M
Brecan,M
Brecca,F
Breccan,M
Brece,M
Brechan,F
Brechen,M
Brechin,Unisex
Brecia,F
Breck,Unisex
Breckan,M
Breckann,F
Brecken,Unisex
Brecker,M
Breckery,M
Breckin,Unisex
Breckke,M
Brecklin,F
Brecklyn,F
Brecklynn,F
Breckon,M
Breckyn,Unisex
Breckynn,F
Brecon,Unisex
Breda,F
Breda-angela,F
Bredan,M
Brede,M
Bredin,M
Brednor,M
Bredon,M
Bredy,M
Bredyn,M
Bree,F
Bree'An,F
Bree-ana,F
Bree-Ann,F
Bree-Anna,F
Bree-Anne,F
Bree-arna,F
Bree-chaste,F
Bree-danielle,F
Bree-ella,F
Bree-elle,F
Bree-hannah,F
Bree-Lynn,F
Bree-nichole,F
Bree-Sage,F
Breea,F
Breeace,F
Breeah,F
Breeahn,F
Breeahna,F
Breean,F
Breeana,F
Breeanah,F
Breeann,F
Breeanna,F
Breeanna-Leigh,F
Breeanna-maree,F
Breeannah,F
Breeanne,F
Breeanon,F
Breearna,F
Breeauna,F
Breeaunna,F
Breece,Unisex
Breegan,F
Breege,F
Breeghan,F
Breehannon,F
Breelan,F
Breelee,F
Breeleigh,F
Breeley,F
Breeli,F
Breelin,F
Breella,F
Breelle,F
Breely,F
Breelyn,F
Breelynn,F
Breen,Unisex
Breena,F
Breeona,F
Breeonna,F
Breeony,F
Breera,F
Brees,Unisex
Breesa,F
Breese,F
Breeseis,F
Breesha,F
Breeta,F
Breeya,F
Breeyah,F
Breeyan,F
Breeyana,F
Breeyanna,F
Breez,Unisex
Breeza,F
Breeze,F
Breezi,F
Breezie,F
Breezy,F
Bregane,F
Bregeita,F
Bregitta,F
Bregitte,F
Breh,M
Brehan,F
Brehana,F
Brehanna,F
Brehannon,F
Brehea,F
Brehn,M
Brehon,M
Breht,M
Brei,F
Breia,F
Breiah,F
Breiana,F
Breiann,F
Breianna,F
Breianne,F
Breiden,M
Breidy,F
Breidyn,M
Breigh,F
Breigh-An,F
Breigh-Ana,F
Breigha,F
Breighana,F
Breighann,F
Breighanna,F
Breighanne,F
Breighden,M
Breighlyn,F
Breighlynn,F
Breightin,M
Breighton,M
Breila,F
Breilyn,F
Breilynn,F
Breimen,M
Brein,F
Breina,F
Breindel,F
Breindy,F
Breinne,F
Breion,Unisex
Breiona,F
Breionna,F
Breisha,F
Breith,M
Breize,F
Brejae,F
Brejah,F
Brejana,F
Brejon,M
Brek,M
Brekan,M
Brekell,F
Breken,M
Brekia,F
Brekin,M
Brekk-Lyn,F
Brekka,F
Brekkan,Unisex
Brekke,F
Brekken,M
Brekkin,M
Brekkyn,Unisex
Breklin,M
Breklyn,F
Breklynn,F
Brekon,M
Brekyn,Unisex
Brelan,M
Breland,Unisex
Brelanda,F
Brelayna,F
Brelee,F
Breleigh,F
Brelen,M
Brelene,F
Brelin,M
Brell,M
Brelle,F
Brelon,M
Brely,F
Brelyn,F
Brelynd,M
Brelynn,F
Brelynne,F
Breman,M
Bremen,M
Bremer,M
Bremner ,Unisex
Bren,Unisex
Brena,F
Brenae,F
Brenah,F
Brenah-may,F
Brenai,F
Brenainn,F
Brenal,M
Brenam,F
Brenan,M
Brenard,M
Brenasia,F
Brenay,F
Brenaya,F
Brence,M
Brencis,M
Brend,F
Brenda,F
Brenda-Ann,F
Brenda-joan,F
Brenda-Lee,F
Brenda-Marie,F
Brendaa,F
Brendal,M
Brendalea,F
Brendalee,F
Brendalis,F
Brendaliz,F
Brendaly,F
Brendalyn,F
Brendalynn,F
Brendan,M
Brendan-junior,M
Brendan-Lee ,M
Brendann,M
Brendao,M
Brendasia,F
Brendell,Unisex
Brendella,F
Brenden,M
Brender,F
Brendetta,F
Brendhan,M
Brendi,F
Brendia,F
Brendin,M
Brendl,M
Brendle,M
Brendolyn,F
Brendon,M
Brendt,M
Brendy,F
Brendyn,M
Brendyne,M
Brendzan,M
Brendzy,F
Brene,F
Brenea,F
Brenee,F
Breneisha,F
Brenek,M
Brenen,M
Brener,M
Brenesha,F
Breneshia,F
Brenetta,F
Brenette,F
Brenford,M
Brenham,M
Brenhan,M
Brenia,F
Breniah,F
Brenice,F
Brenicia,F
Brenika,F
Brenin,M
Brenisha,F
Brenita,F
Brenitta,F
Breniya,F
Breniyah,F
Brenlea,F
Brenlee,F
Brenleen,F
Brenleigh,F
Brenley,F
Brenli,F
Brenlie,F
Brenly,F
Brenlyn,F
Brenlynn,F
Brenn,Unisex
Brenna,F
Brenna-Anne,F
Brenna-Evri,F
Brenna-Lee,F
Brenna-Leigh,F
Brenna-Lynn,F
Brenna-Quynhuong,F
Brennae,F
Brennagh,F
Brennah,F
Brennain,M
Brennalee,F
Brennalyn,F
Brennan,M
Brennan-ceasor,M
Brennand,M
Brennda,F
Brenndan,M
Brennden,M
Brenndon,M
Brennel,F
Brennen,M
Brenner,M
Brennick,M
Brennig ,M
Brennin,M
Brennley,F
Brennon,M
Brennor,M
Brennos,M
Brennus,M
Brennyn,Unisex
Breno,M
Brenon,M
Brenrich,M
Brensen,M
Brensley,M
Brenson,M
Brent,M
Brent-francis,M
Brent-Michael,M
Brentan,M
Brenten,M
Brentin,M
Brentlee,Unisex
Brentleigh,F
Brentley,M
Brently,M
Brentney,F
Brentnie,F
Brenton,M
Brenton-andrew,M
Brenton-glenn,M
Brenton-robert,M
Brentson,M
Brentt,M
Brentten,M
Brentton,M
Brentwood,M
Brentyn,M
Brenver,M
Brenwyn,M
Brenya,F
Brenyel,M
Brenyn,Unisex
Brenz,M
Breoghan,M
Breon,Unisex
Breona,F
Breonah,F
Breonca,F
Breonda,F
Breondra,F
Breonia,F
Breonica,F
Breonka,F
Breonna,F
Breonnah,F
Breonne,F
Breonny,F
Breontae,M
Breonte,Unisex
Breony,F
Breosha,F
Brescia,F
Breseis,F
Bresha,F
Breshae,F
Breshai,F
Breshana,F
Breshaun,M
Breshauna,F
Breshawn,Unisex
Breshawna,F
Breshay,F
Breshayla,F
Breshey,F
Breshia,F
Breshna ,F
Breshonna,F
Breshton,M
Breshuna,F
Breslin,Unisex
Breslyn,F
Breslynn,F
Bret,M
Bret-Alise,F
Breta,F
Bretan,M
Bretany,F
Brete,M
Breten,M
Bretha,F
Bretley,M
Bretlyn,F
Bretner,M
Bretney,F
Breton,M
Bretonie,F
Bretonnie,F
Brett,M
Brett-Anne,F
Brett-Julian,M
Brett-tyson,M
Bretta,F
Brettaigne,M
Brettainy,F
Brettan,Unisex
Brettaney,F
Brettany,F
Brette,F
Brette-Anna,F
Brette-ashley,F
Brettelle,F
Bretten,M
Bretteny,F
Brettin,M
Brettlee,M
Brettley,M
Brettly,M
Brettlyn,F
Brettlynn,F
Brettnee,F
Brettney,F
Brettnie,F
Bretton,M
Brettrick,M
Brettyn,F
Bretyca-Raye,F
Bretyn,F
Bretynn,F
Breuna,F
Breunna,F
Brevan,M
Brevard,M
Breven,M
Brevin,M
Brevon,M
Brevyn,M
Brewen,M
Brewer,M
Brewster,M
Brex,M
Brexlee,F
Brexley,F
Brexlie,F
Brexlyn,F
Brexten,M
Brextin,M
Brexton,M
Brextyn,M
Brey,M
Brey-Anna,F
Brey-Anne,F
Breya,F
Breyah,F
Breyan,Unisex
Breyana,F
Breyanah,F
Breyanna,F
Breyannah,F
Breyanne,F
Breyar,F
Breyauna,F
Breyawna,F
Breydan,M
Breyden,M
Breydi,F
Breydin,M
Breydon,M
Breyell,F
Breyelle,F
Breyen,M
Breyena,F
Breyenne,F
Breyer,Unisex
Breylan,M
Breylee,F
Breylen,M
Breylin,Unisex
Breylon,M
Breylyn,F
Breylynn,F
Breyn,F
Breyon,Unisex
Breyona,F
Breyonce,F
Breyonia,F
Breyonna,F
Breysen,M
Breyson,M
Breyten,M
Breyton,M
Breyunna,F
Breyze,F
Brezae,F
Brezdon,M
Breze,F
Brezhane,F
Brezilla,F
Brezlin,Unisex
Brezlyn,F
Brezlynn,F
Brezzy,F
Brhea,F
Brhealle,F
Brhett,M
Brhianna,F
Brhiannan,F
Brhiannon,F
Brhy,M
Brhyanne,F
Bri,F
Bri'elle,F
Bri-Ann,F
Bri-Anna,F
Bri-Anne,F
Bri-hanna,F
Bria,F
Bria-Anne,F
Bria-Bella,F
Bria-Lynn,F
Briage,F
Briah,F
Briahn,F
Briahna,F
Briahne,F
Briahnna,F
Briahnon,F
Briaja,F
Briajah,F
Briali,F
Brialle,F
Briallen ,Unisex
Briam,M
Briamarie,F
Brian,M
Brian-andrew,M
Brian-James,M
Brian-Joseph,M
Brian-Kiet,M
Brian-Matthew,M
Brian-Patrick,M
Brian-Rich,M
Brian-sidney,M
Brian-Thang-Vo,M
Briana,F
Briana-rose,F
Brianae,F
Brianagh,F
Brianah,F
Brianalee,F
Brianamarie,F
Brianan,F
Briananthony,M
Brianca,F
Briance,F
Briand,F
Brianda,F
Briandra,F
Briane,Unisex
Briani,F
Briania,F
Brianica,F
Brianie,Unisex
Brianiee,F
Brianka,F
Briann,F
Brianna,F
Brianna-Daile,F
Brianna-Eillis,F
Brianna-Jan,F
Brianna-Jean,F
Brianna-Lynne,F
Brianna-Marie,F
Brianna-Michelle,F
Brianna-paige,F
Brianna-rose,F
Brianna-Sue,F
Briannagh,F
Briannah,F
Briannalee,F
Briannam,F
Briannan,F
Brianne,F
Brianney,F
Brianni,F
Briannia,F
Briannica,F
Briannie,F
Briannon,F
Brianny,F
Brianon,F
Briant,M
Briante,F
Briany,F
Briar,Unisex
Briar-Rose ,F
Briara,F
Briarlee,F
Briarley,F
Briarn,F
Briarna,F
Briarne,F
Briarnna,F
Briarrose,F
Briary,F
Briasha,F
Briasia,F
Briauna,F
Briaunna,F
Briawna,F
Briayan,M
Briayshia,F
Briazia,F
Bric,M
Brice,M
Briceida,F
Briceidy,F
Bricelle,F
Bricelyn,F
Bricelynn,F
Bricen,M
Briceson,M
Briceston,M
Briceton,M
Briceyda,F
Brichelle,F
Bricia,F
Bricin,M
Brick,M
Bricker,M
Bricklin,F
Bricklyn,F
Bricola,F
Bricyn,M
Bridan,M
Bride ,F
Bridee,F
Brideeta,F
Briden,M
Bridey,F
Bridge,Unisex
Bridger,M
Bridges,M
Bridget,F
Bridget-Joyce,F
Bridget-louise,F
Bridgete,F
Bridgett,F
Bridgetta,F
Bridgette,F
Bridgette-Lee,F
Bridgid,F
Bridgie ,F
Bridgit,F
Bridgitt,F
Bridgitte,F
Bridgitte-Ann,F
Bridie,F
Bridie-Leigh ,F
Bridie-marie,F
Bridie-rose,F
Bridjet,F
Bridjette,F
Bridney,F
Bridon,M
Bridy,F
Bridyn,M
Brie,F
Brie'enna,F
Brie-Anna,F
Brie-Anne,F
Brie-Elle,F
Briea,F
Brieah,F
Brieahna,F
Brieal,F
Briean,M
Brieana,F
Brieana-Leigh,F
Brieana-marie,F
Brieanah,F
Brieann,F
Brieanna,F
Brieanna-Lynn,F
Brieannah,F
Brieanne,F
Brieanne-Marie,F
Brieawna,F
Briegan,F
Briege ,F
Briehton,F
Briel,F
Briel-Nailah,F
Briela,F
Briele,F
Brielee,F
Briell,F
Briella,F
Briellah,F
Brielle,F
Briellen,F
Brielley,F
Briely,M
Brielyn,F
Brielynn,F
Brielynne,F
Brieman,M
Brien,M
Briena,F
Brienda,F
Brienna,F
Brienne,F
Brieon,F
Brieona,F
Brieonna,F
Brier,Unisex
Brier-Lynn,F
Briere,M
Brierley ,F
Brierra,F
Brierre,F
Briesha,F
Brieshen,M
Briesk,M
Briet,F
Brieten,M
Brietta,F
Briettah-nicole,F
Briette,F
Brieya,F
Brieze,F
Briezja,F
Brig,M
Brigam,M
Brigden,M
Brigdon,M
Briget,F
Brigett,F
Brigetta,F
Brigette,F
Brigg,M
Briggdon,M
Briggett,F
Briggette,F
Briggitte,F
Briggs,M
Briggston,M
Brigham,M
Brighanna-Jaimz,F
Brighde,F
Brighetta,F
Brighid,F
Brighley,F
Bright,M
Brighten,Unisex
Brightly,F
Brightlyn,F
Brighton,Unisex
Brighton-Lee,M
Brightyn,F
Brigid,F
Brigida,F
Brigido,M
Brigietta,F
Brigina,F
Brigit,F
Brigita,F
Brigite,F
Brigitt,F
Brigitta,F
Brigitte,F
Brigitte-anne,F
Brigitte-michelle,F
Brigitti,F
Brigm,M
Brigon,M
Brigston,M
Brigz,M
Briha,F
Brihana,F
Brihanna,F
Brihannah,F
Brihany,F
Brihgent,M
Brihony,F
Briianka,F
Brij,M
Brijae,F
Brijanand,M
Brijanne,F
Brijelle,F
Brijesh,M
Brijet,F
Brijette,F
Brijida,F
Brijido,M
Brijin,F
Brijlata,F
Brik,M
Briklyn,F
Bril,M
Brila,F
Brilan,M
Brilar,M
Brilea,F
Brilee,F
Brilei,F
Brileigh,F
Brilen,M
Brilene,F
Briley,Unisex
Briley-Jo,F
Brilhantina,F
Brilie,F
Brill,M
Brillana,F
Brillante,M
Brillante-pellegrino,M
Brillia,F
Brillian,M
Brilliant,M
Brilly,M
Brilyanz,F
Brilyn,Unisex
Brilynn,F
Brilynne,F
Brim,M
Brima,M
Brin,Unisex
Brina,F
Brinae,F
Brinaina,F
Brinay,F
Brinda,F
Brindal,F
Brinden,M
Brinder,Unisex
Brinder-Singh,M
Brindi,F
Brindin,M
Brindle,F
Brindley,Unisex
Brindon,M
Brindy,F
Brindyn,F
Brine,M
Brinelle,F
Brinesha,F
Briney,F
Bring,F
Brings,F
Brinisha,F
Brinita,F
Briniya,F
Briniyah,F
Brinja,F
Brink,M
Brinklee,F
Brinkley,F
Brinlea,F
Brinlee,F
Brinleigh,F
Brinley,F
Brinli,F
Brinlie,F
Brinly,F
Brinlyn,F
Brinlynn,F
Brinn,F
Brinna,F
Brinnan,F
Brinnen,F
Brinnia,F
Brinnlee,F
Brinnley,F
Brinnly,F
Brinony,F
Brinslee,F
Brinsley,F
Brinson,M
Brint,M
Brinta,F
Brintney,F
Brinton,M
Briny,F
Brinya,F
Brio,Unisex
Briodie,F
Briohney,F
Briohny,F
Brion,M
Briona,F
Brionca,F
Brione,Unisex
Brionee,F
Brioney ,F
Brioni,F
Brionica,F
Brionie ,F
Brionna,F
Brionnae,F
Brionnah,F
Brionne,F
Brionni,F
Brionny ,F
Briony,F
Briony-leigh,F
Brisa,F
Brisaida,F
Brisais,F
Brisamar,F
Brisan,M
Brisana,F
Brisayda,F
Brisayis,F
Brisbin,M
Brisco,M
Briscoe,M
Brisea,F
Briseida,F
Briseidy,F
Briseis,F
Briselda,F
Brisen,M
Briseyda,F
Brisha,F
Brishae,F
Brishan,M
Brishana,F
Brishaun,M
Brishauna,F
Brishawn,M
Brishelle,F
Brishen,M
Brishna ,Unisex
Brishon,F
Brishti ,F
Brisia,F
Brisias,M
Brisinda,F
Brisk,M
Brismoh,M
Brisna,F
Brisny,F
Brison,M
Brissa,F
Brisseida,F
Brisseyda,F
Brissia,F
Bristal,F
Bristelle,F
Bristen,Unisex
Brister,M
Bristie,F
Bristin,Unisex
Bristol,F
Briston,M
Bristy,F
Bristyl,F
Bristyn,F
Brisy,F
Brisyn,M
Brit,Unisex
Brit-Leigh,F
Brita,F
Britain,Unisex
Britainnie,F
Britainy,F
Britan,Unisex
Britane,F
Britanee,F
Britaneigh,F
Britaney,F
Britani,F
Britania,F
Britanie,F
Britanna,F
Britanni,F
Britannia,F
Britannia-Mae-Trotter,F
Britannica,F
Britannie,F
Britanny,F
Britany,F
Britany-jayde,F
Britany-Marie,F
Britanya,F
Briten,F
Briteney,F
Briteny,F
Brithanny,F
Brithany,F
Brithney,F
Brithny,F
Brithor,M
Briti,F
Britian,Unisex
Britiany,F
Britinee,F
Britiney,F
Britini,F
Britiny,F
British,F
Britlany,F
Britlee,F
Britleigh,F
Britley,F
Britlyn,F
Britlynn,F
Britnae,F
Britnai,F
Britnay,F
Britne,F
Britnee,F
Britnei,F
Britney,F
Britney-Ann,F
Britney-Dawn,F
Britney-jane,F
Britney-lee,F
Britney-Ngo,F
Britni,F
Britnie,F
Britny,F
Britnye,F
Briton,M
BriTona,F
Britt,Unisex
Britt-amber,F
Britt-Marie,F
Britta,F
Britta-Lynne,F
Brittain,Unisex
Brittaine,F
Brittainey,F
Brittaini,F
Brittainie,F
Brittainy,F
Brittan,Unisex
Brittana,F
Brittanae,F
Brittane,F
Brittanee,F
Brittanee-teneille,F
Brittaney,F
Brittani,F
Brittani-Paige,F
Brittania,F
Brittanica,F
Brittanie,F
Brittanii,F
Brittanna,F
Brittanney,F
Brittanni,F
Brittannie,F
Brittanny,F
Brittant,F
Brittany,F
Brittany-Ann,F
Brittany-claire,F
Brittany-Diana,F
Brittany-Jacqueline,F
Brittany-Jade,F
Brittany-Jean,F
Brittany-Lee,F
Brittany-Leigh,F
Brittany-Lynn,F
Brittany-Marie,F
Brittany-may,F
Brittany-Rae,F
Brittany-Rose,F
Brittanya,F
Brittanyann,F
Brittanye,F
Brittanylee,F
Brittanymarie,F
Brittanynicole,F
Brittary,F
Brittay,F
Britte,F
Britten,Unisex
Brittenay,F
Brittene,F
Britteney,F
Britteni,F
Britteny,F
Britthany,F
Brittia,F
Brittian,Unisex
Brittiana,F
Brittiani,F
Brittianni,F
Brittiany,F
Brittica,F
Brittie,F
Brittin,Unisex
Brittina,F
Brittinay,F
Brittine,F
Brittinee,F
Brittiney,F
Brittini,F
Brittinie,F
Brittinna,F
Brittinni-Rose,F
Brittiny,F
Brittish,F
Brittlee,F
Brittley,F
Brittlyn,F
Brittlynn,F
Brittna,F
Brittna-Leah,F
Brittnae,F
Brittnany,F
Brittnay,F
Brittne,F
Brittnea,F
Brittnee,F
Brittnei,F
Brittney,F
Brittney-Adel,F
Brittney-Ann,F
Brittney-Dawn,F
Brittney-Janell,F
Brittneyann,F
Brittneylynne,F
Brittni,F
Brittnie,F
Brittnii,F
Brittny,F
Brittnye,F
Britton,Unisex
Brittoney,F
Brittoni,F
Brittony,F
Britttany,F
Brittyn,F
Brittyne,F
Brityn,F
Britynn,F
Britza,F
Britzel,F
Britzy,F
Briuna,F
Briunna,F
Brix,M
Brixley,F
Brixon,M
Brixtin,M
Brixtn,M
Brixton,Unisex
Brixtyn,F
Briya,F
Briyah,F
Briyahna,F
Briyan,M
Briyana,F
Briyanah,F
Briyanna,F
Briyelle,F
Briyenne,F
Briyit,F
Briyith,F
Briyon,M
Briyona,F
Briyonna,F
Briza,F
Brizah,F
Brizeida,F
Brizeth,F
Brizeyda,F
Brizia,F
Brizleth,F
Brizza,F
Brizzia,F
Brjana,F
Brnadon,M
Brndon,M
Bro,M
Broadie,Unisex
Broadus,M
Broady,M
Broagan,M
Broayden,M
Broc,M
Brocan,M
Broch,M
Brocha,F
Brochelle,F
Brocho ,F
Brock,M
Brock-jacob,M
Brock-T-Anthony,M
Brockee,M
Brockk,M
Brocklin,M
Brockman,M
Brocko,M
Brockson,M
Brockston,M
Brockton,M
Brocton,M
Brodae,M
Brodan,M
Brodde,M
Brodderick,M
Broddrick,M
Broddy,M
Brode,M
Brodee,M
Broden,M
Brodene,Unisex
Broder,M
Broderic,M
Broderick,M
Broderick-Joshua,M
Broderik,M
Broderson,M
Brodey,M
Brodgerick,M
Brodhi,M
Brodhie,M
Brodi,Unisex
Brodie,M
Brodie-jack,M
Brodie-james,M
Brodie-jay,M
Brodie-Lee ,M
Brodie-Leigh ,F
Brodie-lewis,M
Brodie-luc,M
Brodie-Lyn,F
Brodie-Lynn-Leslie,F
Brodie-Michael,M
Brodie-sian,F
Brodii,F
Brodin,M
Brodix,M
Brodney,M
Brodon,M
Brodric,M
Brodrick,M
Brodus,M
Brody,M
Brody-allen,M
Brody-James,M
Brody-joe,F
Brody-Lee ,M
Brody-Lynn,F
Brodye,M
Brodyn,M
Broedan,M
Broedi,F
Broedie,M
Broedy,M
Broek,Unisex
Broen,M
Broenyn,F
Brogan,Unisex
Brogan-Lee ,M
Brogen,Unisex
Broghan,Unisex
Brogin,M
Brogun ,M
Brogyn,Unisex
Brohan,M
Brohden,M
Brohdy,M
Brohm,M
Brohnwyn,F
Brok,M
Broker,M
Brokk,M
Brolan,M
Broley,M
Brolga,F
Brolin,M
Broly,M
Brolyn,M
Brom,M
Bromley,Unisex
Bromlyn,F
Bromlynn,F
Bromwyn ,F
Bromwyne,F
Bron,M
Brona,F
Bronagh,F
Bronan,M
Bronc,M
Bronce,M
Broncent,M
Bronco,M
Bronda,F
Brondan,M
Brondon,M
Brondon-Chase,M
Brone,F
Bronek,M
Broni,F
Bronia ,F
Bronica,F
Bronie,F
Bronique,F
Bronis,M
Bronislaus,M
Bronislava,F
Bronislaw,M
Bronislawa,F
Bronix,M
Bronkay,F
Bronko,M
Bronkson,M
Bronlee,F
Bronlie-anne,F
Bronlyn,F
Bronlynn,F
Bronn,M
Bronna,F
Bronne,F
Bronnen ,F
Bronner,M
Bronnia,F
Bronnie,Unisex
Bronnie-lee,F
Bronsen,M
Bronsenn,M
Bronson,M
Bronsonn,M
Bronston,M
Bronsyn,M
Brontae,F
Brontay,M
Brontd,F
Bronte,Unisex
Bronte-ellen,F
Bronte-john,M
Brontey,M
Bronti,F
Brontie ,Unisex
Bronton,M
Brontson,M
BrontT,F
Bronty ,Unisex
Brontyn,M
Bronween,F
Bronwen,F
Bronwin,Unisex
Bronwyn,F
Bronwyn-anne,F
Bronwyne,F
Bronwynn,F
Bronwynne,F
Bronx,M
Bronxton,M
Bronya ,F
Bronze,M
Bronzyn,M
Broodie-Jo,F
Brook,Unisex
Brook-Kynne,F
Brook-Lan,F
Brook-Lee,F
Brook-Lyn,F
Brook-Lyne,F
Brook-Lynn,F
Brook-Lynne,F
Brookann,F
Brooke,F
Brooke-Aline,F
Brooke-Amelia ,F
Brooke-Ann,F
Brooke-anne,F
Brooke-chenae,F
Brooke-Elise ,F
Brooke-jane,F
Brooke-Lea ,F
Brooke-lee,F
Brooke-Leigh ,F
Brooke-Louise ,F
Brooke-Lyn ,F
Brooke-Lynn ,F
Brooke-Lynne,F
Brooke-Marie ,F
Brooke-Maxima,F
Brooke-tia,F
Brookeann,F
Brookelan,F
Brookelin,F
Brookelle,F
Brookelyn,F
Brookelyn-Ava,F
Brookelyne,F
Brookelynn,F
Brookelynne,F
Brooker,M
Brookes,Unisex
Brookhaven,F
Brookie,F
Brooklan,Unisex
Brookland,M
Brooklea,F
Brooklee,F
Brookleigh,F
Brooklen,F
Brooklende,F
Brooklene,F
Brooklenn,F
Brookley,F
Brooklian,F
Brooklin,F
Brooklinn,F
Brookllin,F
Brooklon,F
Brookly,F
Brooklyen,F
Brooklyin,F
Brooklyn,F
Brooklyn-Lee ,M
Brooklyn-louise,F
Brooklyn-Mai ,F
Brooklyn-Paige,F
Brooklyn-Rae,F
Brooklyn-rose,F
Brooklyne,F
Brooklynn,F
Brooklynn-Christa,F
Brooklynn-Daisy,F
Brooklynn-Rae,F
Brooklynn-Skii,F
Brooklynne,F
Brooklynrose,F
Brookney,F
Brooks,M
Brooksey,F
Brooksie,F
Brooksley,F
Brookson,M
Brookston,M
Brookwynn,F
Brookyln,F
Broolklyn,F
Broolyn,F
Broolynn,F
Broox,M
Brooxie,F
Bror,M
Brosea,F
Brosius,M
Brosnan,M
Brosnon,M
Brother,M
Brouc,F
Brougham,M
Broughan,F
Broughton,M
Brouklyn,F
Brounie,M
Broward,M
Browder,M
Browdy,M
Browen,F
Brown,M
Brownell,M
Brownie,Unisex
Browning,M
Brownlow,M
Browyn,F
Browynne,F
Brox,M
Broxten,M
Broxton,M
Broxy,M
Broyce,M
Broyden,M
Broydun,M
Broynn,F
Brozjenna,F
Brozyk,M
BrTlynne,F
Brttany,F
Bruce,M
Bruce-alan,M
Bruce-Marko,M
Bruce-Van,M
Brucelee,M
Brucha,F
Bruchy,F
Brucie,F
Bruck,M
Bruen,M
Brugh,M
Bruho,M
Bruin,M
Bruk,M
Bruke,M
Bruktait,F
Bruktawit,F
Brulan,M
Brulen,M
Brumby,M
Bruna,F
Brunda,F
Brunei,M
Brunel,M
Brunell,Unisex
Brunella,F
Brunelle,F
Bruner,M
Brunetta,F
Brunette,F
Brunhilda,F
Brunilda,F
Brunna,F
Bruno,M
Brunson,M
Brusk ,M
Bruster,M
Brustun,M
Brutus,M
Brux,M
Brwa,M
Bry,M
Bry-Ann,F
Bry-Anna,F
Brya,F
Brya-Lee,F
Bryah,F
Bryahna,F
Bryam,M
Bryan,M
Bryan-Khoa,M
Bryan-Paul,M
Bryan-singh,M
Bryan-Young,M
Bryana,F
Bryanah,F
Bryand,M
Bryanda,F
Bryani,F
Bryanie ,F
Bryann,Unisex
Bryanna,F
Bryanna-Marie,F
Bryanna-Shanice,F
Bryannah,F
Bryannan,F
Bryanne,F
Bryannon,F
Bryant,M
Bryany ,F
Bryar,Unisex
Bryar-Dawn,F
Bryar-Rose,F
Bryarly,F
Bryasha,F
Bryasia,F
Bryatt,M
Bryauna,F
Bryaunna,F
Brycal,F
Bryce,M
Brycelyn,F
Brycelynn,F
Brycen,M
Brycenn,M
Bryceon,M
Bryceson,M
Bryceton,M
Brychan ,M
Brychen,M
Brycie,F
Brycin,M
Brycine,M
Brycn,M
Brycne,M
Brycon,M
Brycson,M
Brycten,M
Brycyn,M
Brycynn,F
Bryda,F
Brydan,M
Bryde,F
Brydee,F
Brydee-jean,F
Brydelle,F
Bryden,M
Bryden-lee,M
Brydey,F
Brydi,F
Brydian,M
Brydie,F
Brydie-anne,F
Brydie-lee,F
Brydin,M
Brydon,M
Brydy,F
Brye,Unisex
Brye-Ann,F
Bryell,F
Bryella,F
Bryelle,F
Bryellen,F
Bryen,M
Bryenna,F
Bryent,M
Bryer,M
Bryer-Dallas,M
Brygida,F
Bryhana,F
Bryhanna,F
Bryheem,M
Bryher ,F
Bryhett,M
Bryhn,F
Bryhton,M
Bryia,F
Bryian,M
Bryiana,F
Bryianna,F
Bryiar,F
Bryice,M
Bryin,M
Bryken,M
Bryker,M
Bryla,F
Brylan,M
Bryland,M
Brylar,M
Bryle,M
Brylea,F
Bryleah,F
Brylee,F
Bryleen,F
Brylei,F
Bryleigh,F
Brylen,Unisex
Bryler,M
Bryley,Unisex
Bryli,F
Brylie,F
Brylin,Unisex
Brylinn,F
Brylon,M
Brylyn,Unisex
Brylynn,F
Bryn,Unisex
Bryn-Lee,F
Bryna,F
Brynae,F
Brynda,F
Bryndal,F
Bryndan,M
Bryndee,F
Bryndelle,F
Brynden,M
Bryndin,M
Bryndis,F
Bryndle,F
Bryndon,M
Bryne,M
Bryneal,F
Brynee,F
Brynelle,F
Brynen,M
Bryner,M
Brynesha,F
Brynessa,F
Bryney,F
Bryni,F
Brynia,F
Bryniah,F
Brynie ,F
Brynisha,F
Brynja,F
Brynjulf,M
Brynlea,F
Brynlee,F
Brynleh,F
Brynlei,F
Brynleigh,F
Brynley,F
Brynli,F
Brynlie,F
Brynlin,F
Brynly,F
Brynlyn,F
Brynlynn,F
Brynmor ,M
Brynmore,M
Brynn,F
Brynn-Lee,F
Brynna,F
Brynna-Jo,F
Brynnae,F
Brynnah,F
Brynnan,F
Brynndan,M
Brynndelyn,F
Brynndon,M
Brynne,F
Brynne-Leigh,F
Brynneka,F
Brynnelle,F
Brynnen,Unisex
Brynner,M
Brynnin,F
Brynnlea,F
Brynnlee,F
Brynnleigh,F
Brynnley,F
Brynnli,F
Brynnlie,F
Brynnly,F
Brynsley,F
Brynson,M
Brynt,M
Brynton,M
Brynzlee,F
Bryon,M
Bryon-Allen,M
Bryona,F
Bryone,F
Bryoney ,F
Bryoni ,F
Bryonie ,F
Bryonna,F
Bryonni,F
Bryonny ,F
Bryony,F
Bryor,M
Bryre,M
Brys,M
Brysa,F
Brysan,M
Bryscn,M
Brysco,M
Bryse,M
Bryseida,F
Brysen,M
Bryshaun,M
Bryshawn,M
Bryshon,M
Brysin,M
Bryslend,M
Bryson,M
Bryson-Gaige,M
Bryson-Liam,M
Brysonn,M
Bryssa,F
Bryssia,F
Brystal,F
Brysten,M
Brystin,M
Brystle,F
Brystol,F
Bryston,M
Brysun,M
Brysyn,M
Brytan,M
Brytani,F
Brytanie,F
Brytanni,F
Brytany,F
Bryten,M
Bryth,F
Brython ,M
Brytin,M
Brytne,F
Brytnee,F
Brytney,F
Brytni,F
Brytnie,F
Brytny,F
Bryton,M
Brytone,M
Bryttani,F
Bryttanie,F
Bryttanni,F
Bryttany,F
Bryttnee,F
Bryttney,F
Bryttni,F
Bryttnie,F
Bryttnii,F
Brytton,Unisex
Bryun,M
Bryvon,M
Bryx,M
Bryxton,M
Bryyanne,F
Bryzen,M
Bsma,F
Bsrat,M
BTa,F
BTatrice,F
Btittany,F
BTnTsha,F
BTrengFre,F
Bua,F
Buang,M
Buay,M
Bub,M
Bubacarr ,M
Buban,F
Bubba,M
Bubber,M
Bubbles,F
Bubby,M
Bubita,F
Bubleen,F
Buchanan,M
Buchi,M
Buck,M
Buck-lee,M
Buckey,M
Buckie,M
Buckley,M
Buckly,M
Buckner,M
Bucky,M
Bud,M
Budawia,F
Budd,M
Buddhima,Unisex
Buddi,F
Buddie,M
Buddug ,F
Buddy,M
Buddy-joel,M
Buder,M
Budi,M
Budimir,M
Budweya,F
Bue,M
Bueford,M
Buel,M
Buela,F
Buelah,F
Buell,M
Buena,F
Buenaventura,M
Bufard,M
Buff,Unisex
Buffalo,M
Buffalochild,M
Buffeno,M
Buffey,F
Buffi,F
Buffie,F
Bufford,M
Buffy,F
Buffy-Jo,F
Buford,M
Bugra,M
Bui,F
Buick,M
Buk,F
Buka,F
Bukarie,F
Buket ,F
Bukhari,M
Bukhosi,M
Bukhsish,F
Bukhtawer,F
Bukurije,F
Bul,M
Bula,F
Bulah,F
Bulan,M
Bular,F
Bulchaa,M
Buldarline,F
Buldavith,M
Buleah,F
Bulent ,M
Bulere,F
Bullet,M
Bully,M
Bulmaro,M
Bulo,M
Bulqis,F
Bulut,M
Bulza,F
Bumbum,M
Bun,M
Buna,F
Bunda,F
Bundura,F
Bundy,M
Buneet,F
Bungo,M
Bunia,F
Bunice,F
Bunie,F
Bunion,M
Bunita,F
Bunk,M
Bunni,F
Bunnia,M
Bunnie,F
Bunny,F
Bunrathany,M
Bunrathmony,M
Bunreach,M
Buntharith,M
Bunthearuck,M
Buntheary,F
Bunthida,F
Bunthong,M
Bunthorn,M
Bunti,F
Bunty ,F
Bunya,M
Bunyamin,M
Bunyan,M
Bunyeau,M
Bunyon,M
Buok,F
Buol,M
Buom-sop,M
Buomkuoth,Unisex
Buot,F
Buoy,M
Bupe ,Unisex
Burach,M
Burak,M
Bural,M
Burbon,M
Burce,M
Burch,M
Burchard,M
Burchel,M
Burchell,M
Burcin ,F
Burcu ,F
Burdell,Unisex
Burdella,F
Burdelle,F
Burdena,F
Burdene,F
Burdett,M
Burdetta,F
Burdette,M
Burdie,F
Burdine,F
Burech,M
Burel,M
Burell,M
Buren,M
Burford,M
Burg,M
Burgandi,F
Burgandie,F
Burgandy,F
Burgess,M
Burgh,M
Burghard,M
Burgie,M
Burgin,M
Burguandy,F
Burgundie,F
Burgundy,F
Burhaan ,M
Burhan,M
Burhanuddin,M
Burie,M
Burim,M
Burk,M
Burke,M
Burkeley,M
Burkely,M
Burkhard,M
Burklee,F
Burkleigh,F
Burkley,Unisex
Burklie,F
Burkson,M
Burl,M
Burla,F
Burle,M
Burleen,F
Burleigh,M
Burlen,M
Burlene,F
Burley,M
Burlie,Unisex
Burlin,M
Burline,F
Burlington,M
Burlon,M
Burlyn,M
Burlynn,F
Burma,F
Burmah,F
Burman,M
Burna,F
Burnaby,M
Burnace,M
Burnadette,F
Burnadine,F
Burnam,M
Burnard,M
Burneice,F
Burnell,Unisex
Burnelle,F
Burnes,M
Burnese,F
Burness,M
Burnest,M
Burnestine,F
Burnet,M
Burneta,F
Burnett,Unisex
Burnetta,F
Burnette,Unisex
Burney,M
Burnham,M
Burnice,Unisex
Burnie,M
Burniece,F
Burnis,M
Burnita,F
Burnley,M
Burnnie,M
Burns,M
Burny,M
Buron,M
Burr,M
Burraq,M
Burrel,M
Burrell,M
Burrill,M
Burris,M
Burrus,M
Burt,M
Burtha,F
Burtie,F
Burtis,M
Burton,M
Buruk,M
Burushat,F
Burvin,M
Burwell,M
Buryl,M
Busby ,M
Buse,F
Bush,M
Bushara,F
Bushiri,M
Bushra,F
Bushraa ,F
Bushrah ,F
Busime,F
Businge,M
Busisiwe,F
Busra,F
Buss,M
Bussam,M
Buster,M
But,M
Buta,M
Butch,M
Buthayna ,F
Buthiena,F
Butler,M
Butterfly,F
Buu,Unisex
Buvini,F
Buvly,M
Buvneet,F
Buvnoor,F
Buwantjara,M
Buwyn,M
Buxton,M
Buyli,F
Buyuk,M
Buz,M
Buzz,M
Buzzby,M
Buzzy,M
Bwalya,F
Bwana,M
Bwanzu,M
Bwenin,M
Bwiza,F
Byabene,F
Byan,M
Byana,F
Byanca,F
Byanka,F
Byard,M
Byata,F
Bydia,M
Byeong,M
Byford,M
Byishimo,M
Bylasan,F
Byllie,F
Byntlee,Unisex
Bynum,M
Byom,M
Byonce,F
Byra,F
Byran,M
Byrant,M
Byrce,M
Byrd,Unisex
Byrde,F
Byrdie,F
Byren,M
Byrham,M
Byrin,M
Byrklie,F
Byrl,M
Byrle,Unisex
Byrnard,M
Byrne,M
Byrnece,F
Byrnes,M
Byron,M
Byron-james,M
Byrton,M
Byrum,M
Byryn,M
Byson,M
Byung,M
Byung-Chul,M
Bzrat,M