E,Unisex
E'Hab,M
E'ireamhoin,M
E'leia,F
E'Lisa,F
E'lyna,F
E'lyssia,F
E'taige,F
E'than,M
Ea,F
Eaan,M
Eabha,F
Ead,M
Eadan,Unisex
Eadaoin,F
Eade,F
Eadee,F
Eaden,Unisex
Eadgyth,F
Eadi,F
Eadie,F
Eadie-Rose,F
Eadin,M
Eadith,F
Eadlin,F
Eadon,Unisex
Eady,F
Eadyn,Unisex
Eaekas,F
Eaen,M
Eagan,M
Eagle,M
Eaglechild,M
Eagleheart,F
Eagleson,M
Eaglestar,F
Eagon,M
Eahon,M
Eahung,M
Eaiden,M
Eain,M
Eaka,F
Eakamjot,F
Eaknoor,F
Eakum,F
Ealaf,F
Ealat-Orvalis,F
Ealon,M
Ealyn,F
Eam,M
Eama,F
Eaman,F
Eamenn,F
Eames,M
Eamily,F
Eammon,M
Eamon,M
Eamonn,M
Ean,M
Eana,F
Eanid,F
Eanika,F
Eann,M
Eanna,F
Eannah,F
Eapen,M
Eara,F
Earanee,F
Eardie,F
Earic,M
Earica,F
Earie,F
Earin,M
Earl,M
Earla,F
Earland,M
Earlane,F
Earldean,F
Earldene,F
Earldine,F
Earle,M
Earlean,F
Earleane,F
Earlee,Unisex
Earleen,F
Earleene,F
Earlen,F
Earlena,F
Earlene,F
Earlesha,F
Earletta,F
Earlette,F
Earley,M
Earlie,Unisex
Earlin,M
Earlina,F
Earline,F
Earling,M
Earlis,M
Earlisa,F
Earlisha,F
Earlon,M
Earlston,M
Early,M
Earlyn,F
Earlyne,F
Earlynn,F
Earma,F
Earman,M
Earmel,M
Earmer,F
Earmie,F
Earmon,M
Earn,M
Earna,F
Earnease,F
Earnell,Unisex
Earnest,M
Earnestean,F
Earnesteen,F
Earnestene,F
Earnestine,F
Earney,M
Earnice,F
Earnie,Unisex
Earnistine,F
Earnst,M
Earnstine,F
Earny,M
Earon,M
Earron,M
Earsel,M
Earsell,F
Earsie,F
Earskin,M
Earsley,F
Earstine,F
Earth,F
Eartha,F
Earthalee,F
Earthel,F
Earther,F
Earthy,M
Earven,M
Earvie,M
Earvin,M
Eary,F
Easa,M
Easen,M
Easha,F
Eashaan,M
Eashal,F
Eashan,M
Eashaneet,F
Eashar,M
Eashen,M
Easher,M
Eashver,M
Easley,M
Eason,M
Eassa,M
Eassah,M
Easson,M
Eastan,M
Easten,M
Easter,F
Easterm,M
Easther,F
Eastin,M
Eastlyn,F
Eastman,M
Easton,M
Eastton,M
Eastyn,Unisex
Eastynn,F
Easwar,M
Eatdal,F
Eathan,M
Eathan-lee,M
Eathar,F
Eathel,F
Eathen,M
Eather,F
Eathin,M
Eathon,M
Eathyn,M
Eaton,M
Eatton,M
Eau,M
Eaugenia,F
Eav,Unisex
Eav-lan,M
Eavah,F
Eavan,F
Eaveen,F
Eaven,M
Eavie,F
Eaving,F
Eavy,F
Eavyn,F
Eaylah,F
Eayon,M
Eayyan,M
Eb,M
Eba,F
Ebaad,M
Ebad,M
Ebadur,M
Eban,M
Ebanee,F
Ebaney,F
Ebani,F
Ebanie,F
Ebanney,F
Ebany,F
Ebaristo,M
Ebay,M
Ebb,M
Ebba,F
Ebbe,M
Ebben,M
Ebbeney,F
Ebbeny,F
Ebberly,F
Ebbie,Unisex
Ebbin,M
Ebbonie,F
Ebbonnie,F
Ebbony,F
Ebborn,F
Ebby,Unisex
Ebbyan,F
Ebe,F
Ebecca,F
Ebele,F
Ebelia,F
Ebelin,F
Ebelina,F
Ebelyn,F
Eben,M
Ebende,F
Ebenee,F
Ebeney,F
Ebenezer,M
Ebenhard,M
Ebenzer,M
Eber,M
Eberardo,M
Ebere,F
Eberhard,M
Eberle,Unisex
Eberlee,F
Eberley,Unisex
Eberlie,F
Ebers,M
Ebert,M
Ebhoni,F
Ebin,M
Ebiney,F
Ebissa,M
Eblashine,F
Ebn,M
Ebna,F
Ebo,M
Ebon,M
Ebon'ee,F
Ebone,F
Ebonea,F
Ebonee,F
Ebonee-rose,F
Eboney,F
Eboni,F
Eboni-kate,F
Ebonie,F
Ebonie-Mai,F
Ebonie-Rose,F
Ebonii,F
Ebonii-lynn,F
Ebonique,F
Ebonne,F
Ebonnee,F
Ebonney,F
Ebonni,F
Ebonnie,F
Ebonny,F
EbonTe,F
Ebony,F
Ebony-,F
Ebony-anne,F
Ebony-Dawn,F
Ebony-Grace,F
Ebony-Jade,F
Ebony-lee,F
Ebony-Leigh,F
Ebony-Louise,F
Ebony-Mae,F
Ebony-Mai,F
Ebony-May,F
Ebony-michaela,F
Ebony-paige,F
Ebony-Rae,F
Ebony-Rose,F
Ebony-summa,F
Ebonye,F
Ebosetale,M
Ebraheem,M
Ebrahim,M
Ebrahima,M
Ebrahm,M
Ebrar,F
Ebrilla,F
Ebrima,M
Ebru,F
Ebtehage,F
Ebtehal,F
Ebtehel,F
Ebtihal,F
Ebu,M
Ebube,F
Ebubechi,Unisex
Ebubechukwu,M
Ebubekir,M
Ebun,F
Ebunola,F
Ebunoluwa,F
Ebutaib,M
Ebuwa,F
Ebward,M
Ebyan,F
Ebyn,M
Ecaterina,F
Ecclesia,F
Ecco,F
Ece,F
Ecem,F
Ecenaz,F
Ecequiel,M
Echelle,F
Echen,F
Echo,F
Echo-Lynne,F
Echo-Marie,F
Echodawn,F
Echoe,F
Echohawk,M
Echol,M
Eckamm,M
Ecker,M
Ecko,F
Eckoe,F
Eclypse,F
Eco-Lynn,F
Economo,M
Ecrin,F
Ecstasy,F
Ector,M
Ed,M
Ed-Bert,M
Eda,F
Eda-Rosalie,F
Edad,M
Edaena,F
Edah,M
Edahi,M
Edai,M
Edain,F
Edainya,F
Edalen,F
Edalia,F
Edalyn,F
Edan,Unisex
Edana,F
Edanaz,F
Edani,M
Edanna,F
Edanya,F
Edas,M
Edasa,M
Edavardo,M
Edawrd,M
Edberg,M
Edbert,M
Edd,M
Edda,F
Eddar,M
Eddason,M
Edde-rose,F
Eddel,M
Edden,Unisex
Edder,M
Eddi,M
Eddica,F
Eddie,M
Eddieberto,M
Eddiel,M
Eddierose,F
Eddin,M
Eddis,Unisex
Eddison,M
Eddith,F
Eddrick,M
Eddward,M
Eddwyn,M
Eddy,M
Eddy-darcy,M
Eddye,F
Eddyrae,F
Eddysen,M
Eddyson,M
Eddythe,F
Ede,F
Edee,F
Edeen,M
Edeena,F
Edel,Unisex
Edelaine,F
Edelawit,F
Edele,F
Edelia,F
Edelin,F
Edelina,F
Edeline,F
Edell,Unisex
Edelle,F
Edelmira,F
Edelmiro,M
Edeltraud,F
Edeltraut,F
Edeltrud,F
Edelweiss,F
Edelyn,F
Edelyne,F
Edelynn,F
Edem,M
Edemondo,M
Eden,Unisex
Eden-Dawn,F
Eden-grace,F
Eden-jade,F
Eden-james,M
Eden-Kiri,F
Eden-Leigh,F
Eden-Lilly,F
Eden-Lily,F
Eden-Lynn,F
Eden-Monais,F
Eden-Rae,F
Eden-Raine,F
Eden-Raye,F
Eden-Rose,F
Edena,F
Edengrace,F
Edenilson,M
Edeno,M
Edenrose,F
Eder,M
Ederick,M
Ederis,M
Ederlyn,F
Ederson,M
Edeson,M
Edessa,F
Edeth,F
Edewede,F
Edey,F
Edfer,M
Edford,M
Edgar,M
Edgaras,M
Edgard,M
Edgardo,M
Edgardo-Aaron,M
Edgareduardo,M
Edgars,M
Edgbert,M
Edge,M
Edgel,M
Edgely,F
Edger,M
Edgeren,M
Edgerin,M
Edgerrin,M
Edgerton,M
Edguin,M
Edha,F
Edher,M
Edi,M
Edia,F
Ediberto,M
Edica,F
Edice,F
Edid,F
Edidiong,F
Edidiong-Abasi,M
Edie,F
Edie-Mae,F
Edie-May,F
Edie-Rose,F
Ediel,M
Edier,M
Edieth,F
Edijs,M
Edika,F
Edikan,M
Edil,Unisex
Edil-Biniam,M
Edilberto,M
Edilia,F
Edilson,M
Edin,M
Edina,F
Edinam,Unisex
Edinson,M
Edio,M
Edion,M
Edir,M
Edis,Unisex
Edisa,F
Edisha,F
Edison,M
Edisson,M
Edit,F
Edita,F
Edite,F
Edith,F
Edith-anne,F
Editha,F
Edithe,F
Edithmae,F
Ediz,M
Edjeni,F
Edjuan,M
Edker,M
Edla,F
Edleanne-Kate,F
Edlee,M
Edleenna,F
Edley,M
Edlin,F
Edlinn,F
Edlore,M
Edlow,M
Edly,M
Edlyn,F
Edlynn,F
Edma,F
Edmae,F
Edman,M
Edmanuel,M
Edmar,M
Edmarc,M
Edmario,M
Edmarson,M
Edmay,F
Edmee,F
Edmen,M
Edmere,F
Edmerei,F
Edmilson,M
Edmon,M
Edmona,F
Edmond,M
Edmondo,M
Edmonia,F
Edmont,M
Edmound,M
Edmun,M
Edmund,M
Edmundas,M
Edmundo,M
Edmunds,M
Edmunlynn,F
Edna,F
Edna-mai,F
Ednah,F
Ednamae,F
Ednamay,F
Ednar,F
Edneil,M
Edner,Unisex
Ednesha,F
Edney,M
Ednita,F
Edo,M
Edoardo,M
Edolia,F
Edom,F
Edon,M
Edona,F
Edonis,M
Edony,F
Edora,F
Edorardo,M
Edoro,F
Edouard,M
Edra,F
Edras,M
Edrea,F
Edreece,M
Edrees,M
Edrei,M
Edrena,F
Edrey,M
Edreyk,M
Edria,F
Edrian,M
Edriana,F
Edriane,M
Edrianna,F
Edric,M
Edrica,F
Edrick,M
Edricka,F
Edrie,F
Edrieana,F
Edriel,M
Edrielle,F
Edrihan,M
Edrik,M
Edrin,M
Edrina,F
Edris,Unisex
Edrissa,M
Edro,M
Edroy,M
Edsel,M
Edsell,M
Edsil,M
Edsol,M
Edson,M
Edsson,M
Edton,M
Edu,M
Eduan,M
Eduar,M
Eduard,M
Eduarda,F
Eduardas,M
Eduardo,M
Eduardo-Enzo,M
Eduardoluis,M
Eduards,M
Eduardus,M
Eduart,M
Edugie,F
Eduin,M
Eduino,M
Edurdo,M
Eduvigen,F
Eduviges,F
Eduvijes,F
Eduvina,F
Eduward,M
Edvard,M
Edvardas,M
Edvardo,M
Edvards,M
Edvin,M
Edvinas,M
Edvino,M
Edvins,M
Edw,M
Edwa,F
Edwad,M
Edwana,F
Edwar,M
Edward,M
Edward-alexander,M
Edward-Bence,M
Edward-Genry,M
Edward-Mina,M
Edward-Vern,M
Edwarda,F
Edwardas,M
Edwardd,M
Edwardine,F
Edwardjames,M
Edwardo,M
Edwards,M
Edwart,M
Edweina,F
Edwell,M
Edwen,M
Edwena,F
Edwerlyn,F
Edwidge,Unisex
Edwill,M
Edwin,M
Edwin-kian,M
Edwina,F
Edwind,M
Edwing,M
Edwinn,M
Edwinna,F
Edwon,M
Edwood,M
Edword,M
Edwrd,M
Edwuin,M
Edwyn,M
Edwyna,F
Edwynn,M
Edy,Unisex
Edyce,F
Edye,F
Edyn,F
Edynn,F
Edynne,F
Edyson,M
Edyta,F
Edyta-elzbieta,F
Edyth,F
Edytha,F
Edythe,F
Edytka,F
Edzon,M
Ee,F
Eean,M
Eeda,F
Eedie,F
Eedyn,M
Eefa,F
Eeffae,F
Eelaf,M
Eelco,M
Eele,F
Eeli,M
Eelicia,F
Eelijah,M
Eelis,M
Eeliyah,F
Eelyn,F
Eemaan,F
Eeman,F
Eera,F
Eerat,F
Eeric,M
Eerik,M
Eerin,Unisex
Eero,M
Eesa,M
Eesaa,M
Eesah,M
Eesha,F
Eeshal,F
Eeshan,M
Eeshwar,M
Eessa,M
Eesten,F
Eeston,M
Eethan,M
Eeva,F
Eevah,F
Eevee,F
Eevi,F
Eevie,F
Eeyan,M
Eezah,F
Efa,F
Efan,M
Efaruk,M
Efay,M
Efaz,M
Efe,M
Efemena,F
Efemeona,M
Efeoghene,F
Efetobore,M
Effa,F
Effi,F
Effia,F
Effie,F
Effie-kay,F
Effiemia,F
Effinia,F
Efford,M
Effram,M
Effrem,M
Effren,M
Effrey,M
Effrosini,F
Effrum,M
Effstathia,F
Effy,F
Efgenia,F
Efi,F
Efia,F
Efie,F
Efigenia,F
Efimia,F
Efisio,M
Eflfsh,F
Efmorphia,F
Eforia,F
Efosa,M
Efposini,F
Efpraxia,F
Efraim,M
Efrain,M
Efram,M
Efran,M
Efrat,F
Efrata,F
Efrayim,M
Efre,M
Efrem,M
Efren,M
Efrian,M
Efrim,M
Efrin,M
Efrocieny,F
Efron,M
Efrosene,F
Efrosine,F
Efrosini,F
Efrosinia,F
Efrossini,F
Efrosyne,F
Efruz,F
Efsa,F
Efsevia,F
Efstathia,F
Efstathios,M
Efstatios,M
Efstradios,M
Efstratia,F
Efstratios,M
Efstratios-evangelos,M
Efstratoula,F
Efsun,F
Eftechia,F
Eftehea,F
Eftehia,F
Eftekhar,M
Eftelpia,F
Eftelya,F
Efterpe,F
Efterpi,F
Efthalia,F
Efthasia,F
Efthemia,F
Efthimia,F
Efthimio,M
Efthimios,M
Efthimitsa,F
Efthymia,F
Efthymios,M
Eftichia,F
Eftihia,F
Eftihios,M
Eftihis,M
Eftim,M
Eftimios,M
Eftimiya,F
Eftisia,F
Efton,M
Eftyhia,F
Eftyhios,M
Efua,F
Efuluka,M
Egan,M
Egberdina,F
Egbert,M
Egbertina,F
Ege,M
Egea,F
Eghe-Osa,F
Eghin,M
Eghoghoseme,F
Eghosa,M
Egide,M
Egidio,M
Egilda,F
Egils,M
Egina,F
Egla,F
Egle,F
Eglie,F
Egon,M
Egons,M
Egor,M
Egshiglen,F
Eguasa,M
Egya,M
Egypt,F
Egzon,M
Egzona,F
Eh,Unisex
Ehaan,M
Ehab,M
Ehabe,M
Ehan,M
Ehap,M
Ehdaa,F
Ehdrea,F
Ehhlam,F
Ehidebame,M
Ehiemua,M
Ehimwenma,M
Ehisann,F
Ehitan,M
Ehko,F
Ehlain,F
Ehlam,F
Ehlan,M
Ehlana,F
Ehlijah,M
Ehmel,M
Ehornam,F
Ehra,F
Ehrar,M
Ehren,M
Ehrentraud,F
Ehrienne,F
Ehrin,Unisex
Ehrn,F
Ehron,M
Ehryn,F
Ehsaan,M
Ehsan,M
Ehsan-Ul,M
Ehsanul,M
Ehsanullah,M
Ehsen,M
Ehson,M
Ehssan,M
Ehsun,M
Ehtan,M
Ehtasham,M
Ehtesham,M
Ehtisham,M
Ehud,M
Ehvan,M
Ehwemena,F
Ehzra,M
Eiad,M
Eian,M
Eianna,F
Eibblin,F
Eibert,M
Eibhleann,F
Eibhlin,F
Eibhlinn,F
Eiblis,F
Eibron,M
Eichael,M
Eichi,M
Eid,M
Eidan,M
Eidanas,M
Eiddon,M
Eidean,M
Eideann,F
Eidel,F
Eiden,M
Eidenas,M
Eidenn,F
Eidly,M
Eidlynn,F
Eidy,F
Eieyana,F
Eifa,F
Eifar,M
Eifion,M
Eighan,M
Eighrene,F
Eigil,M
Eigin,M
Eiichi,M
Eijah,M
Eijaz,M
Eiji,M
Eik,M
Eiker,M
Eiki,M
Eiko,F
Eikram,F
Eila,F
Eila-marie,F
Eilah,F
Eilain,F
Eilam,M
Eilan,M
Eilana,F
Eilani,F
Eilany,F
Eileah,F
Eilean,F
Eilee,F
Eileen,F
Eileena,F
Eileene,F
Eileidh,F
Eileigh,F
Eilen,F
Eilena,F
Eilendra,F
Eilene,F
Eiler,M
Eilert,M
Eilesha,F
Eiley,F
Eiliana,F
Eilidh,F
Eilijah,M
Eilin,F
Eilir,F
Eilis,F
Eilis-Sarah,F
Eilise,F
Eilish,F
Eilithyia,F
Eiliya,F
Eiliyah,F
Eiljah,M
Eilla,F
Eillara,F
Eillea,F
Eilleen,F
Eillen,F
Eillene,F
Eilley,F
Eillie,F
Eillien,F
Eilmyra,F
Eilo,F
Eilon,M
Eilonwy,F
Eily,F
Eilyas,M
Eilyn,F
Eilynn,F
Eilynrose,F
Eilysh,F
Eilzabeth,F
Eimaan,F
Eimaj,M
Eiman,F
Eimantas,M
Eimear,F
Eimer,F
Eimi,F
Eimile,F
Eimistone,F
Eimly,F
Eimmy,F
Eimonn,M
Eimy,F
Ein,M
Eina,F
Einar,M
Einard,M
Einas,F
Einav,F
Eine,F
Einer,M
Einin,F
Einion,M
Eino,M
Eins,M
Einstein,M
Eion,M
Eira,F
Eira-Denise,F
Eirachloe,F
Eiram,F
Eirann,F
Eirc,M
Eire,F
Eireann,F
Eireen,F
Eireland,F
Eirelynn,F
Eiren,Unisex
Eiren-Raechel,F
Eirena,F
Eirene,F
Eirenn,F
Eirenne,F
Eiri,F
Eirian,F
Eirick,M
Eirielle,F
Eirien,F
Eirik,M
Eirin,F
Eirini,F
Eirinn,F
Eirlyn,F
Eirlys,F
Eirnin,M
Eirny,F
Eiro,F
Eirona,F
Eirwen,F
Eirwyn,F
Eiry,F
Eiryn,F
Eirys,F
Eisa,M
Eisaa,M
Eisah,M
Eisele,F
Eisen,M
Eisenhower,M
Eisha,F
Eishaan,M
Eishan,M
Eisiah,F
Eisla,F
Eislee,F
Eisleigh,F
Eisley,F
Eislynn,F
Eissa,M
Eistrchin,F
Eisuke,M
Eita,M
Eitan,M
Eitel,M
Eith,M
Eithan,M
Eithel,F
Eithen,M
Eithin,M
Eithne,F
Eithon,M
Eithyn,M
Eito,M
Eiu,M
Eiva,F
Eivan,M
Eiven,M
Eivin,M
Eivissa,F
Eixeer,F
Eiyani,F
Eiyanna,F
Eiza,F
Eizabella,F
Eizabeth,F
Eizen,M
Eizley,F
Eizzabella,F
Ej,M
Eja,F
Ejaaz,M
Ejabo,F
Ejatu,F
Ejay,M
Ejaz,M
Ejazz,M
Ejiro,M
Ejoevhal,M
Ejona,F
Ejrin,F
Ejun,F
Ek,F
Ekaansh,M
Ekacia,F
Ekaete,F
Ekagar,M
Ekagarjot,F
Ekagarveer,F
Ekager,F
Ekala,F
Ekam,Unisex
Ekambir,M
Ekamdeep,Unisex
Ekamjeet,M
Ekamjeet-singh,M
Ekamjit,M
Ekamjot,Unisex
Ekamnoor,F
Ekampreet,Unisex
Ekamveer,M
Ekamvir,Unisex
Ekan,M
Ekanjeet,M
Ekanjot,F
Ekansh,M
Ekas,Unisex
Ekashanti,F
Ekaterina,F
Ekaterine,Unisex
Ekaterini,F
Ekaterinie,F
Ekatiryny,F
Ekatrina,F
Ekaum,M
Ekavir,M
Ekaya,F
Ekbir,M
Ekco,F
Ekelemchi,F
Ekene,Unisex
Ekenedilichukwu,M
Ekenedilinna,M
Ekenedirichukwu,M
Ekenemchukwu,M
Eker,M
Ekhlas,F
Ekhum,F
Ekiah,M
Ekin,Unisex
Ekjoban,M
Ekjot,Unisex
Ekjote,F
Ekjyot,F
Ekkam,F
Ekkia,F
Ekko,F
Ekkoe,F
Ekkum,F
Eklavya,M
Ekmal,Unisex
Ekman,Unisex
Ekmani,F
Ekmann,F
Eknoor,Unisex
Eko,M
Ekow,M
Ekpreet,F
Ekraj,M
Ekram,F
Ekreet,F
Ekrem,M
Ekroop,Unisex
Eksahib,M
Ekta,F
Ektaa,F
Ektaj,M
Ektoras,M
Ekum,M
Ekundayo,M
Ekveer,M
Ekyna,F
Ekyochi,M
El,Unisex
El-Bethel,F
El-Molamiwa,M
El-Tinukemiwa,F
Ela,F
Ela-Mai,F
Elaaf,F
Elaan,M
Elad,M
Elada,F
Eladia,F
Eladio,M
Elaena,F
Elaeth,F
Elaf,F
Elaff,F
Elah,F
Elah-daisy,F
Elaha,F
Elahe,F
Elahea,F
Elaheh,F
Elahlee,M
Elahn,M
Elahna,F
Elahni,F
Elahnore,F
Elahra,F
Elai,M
Elaia,F
Elaiah,F
Elaida,F
Elaigh,M
Elaijah,F
Elain,F
Elaina,F
Elaina-Mae,F
Elainah,F
Elainah-rose,F
Elaine,F
Elaine-Julie,F
Elainea,F
Elainee,F
Elainer,F
Elainey,F
Elaini,F
Elainie,F
Elainna,F
Elainnah,F
Elainne,F
Elainor,F
Elainrain,F
Elainy,F
Elais,F
Elaisa,F
Elaise,F
Elaisha,F
Elaiya,F
Elaiza,F
Elajah,F
Elajdin,M
Elajha,F
Elajuwon,M
Elam,M
Elamin,M
Elan,Unisex
Elana,F
Elana-jo,F
Elanah,F
Elanas,M
Elanaz,F
Eland,M
Elanda,F
Elander,F
Elandra,F
Elandriel,F
Elane,F
Elaney,F
Elani,F
Elania,F
Elanie,F
Elanja,F
Elanna,F
Elannah,F
Elanne,F
Elanni,F
Elannie,F
Elanny,F
Elano,M
Elanor,F
Elanora,F
Elanore,F
ElanT,F
Elanta,F
Elante,M
Elantis,F
Elantra,F
Elanur,F
Elany,F
Elanya,F
Elara,F
Elarah,F
Elari,M
Elaria,F
Elario,M
Elarna,F
Elarni,F
ElaRose,F
Elarry,M
Elary,M
Elasa,F
Elasha,F
Elashia,F
Elasia,F
Elatia,F
Elauna,F
Elaura,F
Elaura-Soleil,F
Elay,Unisex
Elaya,F
Elayah,F
Elayiah,F
Elayja,F
Elayjah,F
Elayla,F
Elayna,F
Elaynah,F
Elayne,F
Elayniah,F
Elaynna,F
Elayse,F
Elaysha,F
Elayshia,F
Elaysia,F
Elazar,M
Elazer,M
Elazia,F
Elba,F
Elbashir,M
Elbe,F
Elber,M
Elbern,M
Elbert,M
Elbert-Michael,M
Elberta,F
Elbertha,F
Elbethel,F
Elbetia,F
Elbia,F
Elbie,M
Elbijai,M
Elbin,M
Elbira,F
Elbis,M
Elbonie,F
Elbony,F
Elbridge,M
Elbrix,M
Elburn,M
Elby,M
Elca,F
Elced,M
Elchanan,M
Elchonon,M
Elcid,M
Elcie,F
Elco,M
Elcy,F
Elda,F
Eldad,M
Eldamae,F
Eldan,M
Eldana,F
Eldar,M
Eldea,F
Eldean,Unisex
Eldee,Unisex
Eldeen,F
Elden,M
Eldena,F
Eldene,F
Eldenia,F
Elder,M
Elderine,F
Elders,M
Eldie,Unisex
Eldin,M
Eldin-Jusuf,M
Eldina,F
Eldine,F
Eldion,M
Eldo,M
Eldon,M
Eldona,F
Eldonna,F
Eldor,M
Eldora,F
Eldoris,F
Eldra,Unisex
Eldred,M
Eldred-Nathaniel,M
Eldredge,M
Eldren,M
Eldrene,F
Eldrew,M
Eldric,M
Eldrich,M
Eldrick,M
Eldrid,Unisex
Eldridge,M
Eldrige,M
Eldrin,M
Eldrine,M
Eldwin,M
Eldyne,F
Ele,F
Elea,F
Elead,M
Eleadora,F
Eleah,F
Eleahn,F
Elean,Unisex
Eleana,F
Eleanar,F
Eleandra,F
Eleane,F
Eleaner,F
Eleanna,F
Eleanor,F
Eleanor-Mae,F
Eleanor-May,F
Eleanor-Rose,F
Eleanora,F
Eleanore,F
Eleany,F
Eleas,M
Eleasa,F
Eleasah,F
Eleasar,M
Elease,F
Eleasha,F
Eleaunah,F
Eleaz,F
Eleazandra,F
Eleazar,M
Eleazer,M
Eleazor,M
Elec,M
Elecia,F
Eleciah,F
Eleck,M
Elecktra,F
Electa,F
Electra,F
Electra-ann,F
Eleda,F
Elee,F
Eleecia,F
Eleen,F
Eleena,F
Eleene,F
Eleesa,F
Eleese,F
Eleesha,F
Eleesheva,F
Eleesia,F
Eleeza,F
Elefderios,M
Elefteria,F
Elefterios,M
Elefteriou,M
Elefteris,M
Eleftharia,F
Eleftheria,F
Eleftheria-irine,F
Eleftherios,M
Elegra,F
Eleigh,F
Eleigha,F
Eleighsha,F
Eleijan,M
Eleina,F
Eleira,F
Eleisa,F
Eleise,F
Eleisha,F
Eleita,F
Elejna,F
Elek,M
Eleke,F
Elektra,F
Elektra-Lee,F
Elektrah,F
Elelta,F
Elemer,M
Elemo,M
Elen,F
Elena,F
Elena-gaye,F
Elena-Marie,F
Elena-May,F
Elena-Rose,F
Elenah,F
Elenamarie,F
Elender,F
Elene,F
Elener,F
Elenh,F
Eleni,F
Eleni-georgia,F
Eleni-mary,F
Elenia,F
Elenie,F
Elenilson,M
Elenis,F
Elenita,F
Elenna,F
Elenni,F
Elenny,F
Eleno,M
Elenoa,F
Elenola,F
Elenor,F
Elenora,F
Elenore,F
Elenour,F
Eleny,F
Elenya,F
Eleodoro,M
Eleonor,F
Eleonora,F
Eleonore,F
Eleora,F
Eleorah,F
Eleousa,F
Eleptheria,F
Eleptherios,M
Elera,F
Eleri,F
Elery,M
Eles,M
Elesa,F
Elesabeth,F
Elescia,F
Elese,F
Elesey,M
Elesh,M
Elesha,F
Eleshia,F
Elesia,F
Elessa,F
Elessia,F
Elesta-Jamika,F
Elester,M
Elestine,F
Elet,M
Eleta,F
Eletha,F
Elethea,F
Eletheria,F
Eletherios,M
Elethia,F
Eletia,F
Eletise,M
Elettra,F
Eletu,F
Eleuteria,F
Eleuterio,M
Elevia,F
Elevtherios,M
Elex,M
Elexa,F
Elexander,M
Elexandra,F
Elexaray,F
Elexas,F
Elexcia,F
Elexes,F
Elexi,F
Elexia,F
Elexie,F
Elexis,F
Elexise,F
Elexiss,F
Elexius,F
Elexsis,F
Elexus,F
Elexxis,F
Elexys,F
Elexzeaha,F
Eley,M
Eleya,F
Eleyah,F
Eleyana,F
Eleyna,F
Eleyne,F
Elezabeth,F
Elezebeth,F
Elfa,F
Elfago,M
Elfasz,F
Elfego,M
Elfi,F
Elfida,F
Elfie,F
Elfin,F
Elfine,F
Elfio,M
ElFna,F
Elford,M
Elfred,M
Elfreda,F
Elfredda,F
Elfredia,F
Elfreida,F
Elfrida,F
Elfrieda,F
Elfriede,F
Elga,F
Elgan,M
Elgar,M
Elgene,Unisex
Elgenne,M
Elger,M
Elghan,F
Elgia,Unisex
Elgie,Unisex
Elgin,M
Elgina,F
Elglene,F
Elguli,F
Elha,F
Elhaam,Unisex
Elhaan,F
Elhadj,M
Elhadji,M
Elhaj,M
Elham,Unisex
Elhan,F
Elhana,F
Elhanan,M
Elhanna,F
Elhathe,M
Elhaum,F
Elhlorena-annie,F
Elhum,F
Eli,M
Eli-Andrew,M
Eli-James,M
Elia,Unisex
Elia-samuel,M
Eliaa,F
Eliab,M
Eliaba,M
Eliabeth,F
Eliada,M
Eliah,Unisex
Eliah-Daniel,M
Eliahjah,M
Eliahna,F
Eliahs,M
Eliahu,M
Eliajah,M
Eliakim,M
Eliam,M
Elian,M
Eliana,F
Eliana-Bianca,F
Eliana-Inez,F
Eliana-Laurine,F
Elianagrace,F
Elianah,F
Eliandra,F
Eliane,F
Eliane-Marie,F
Eliani,F
Elianie,F
Elianis,F
Elianna,F
Eliannah,F
Elianne,F
Elianni,F
Eliannie,F
Elianny,F
Eliano,M
Eliany,F
Elianys,F
Eliara,F
Elias,M
Elias-Ghassan,M
Elias-Juliano,M
Elias-Robert,M
Eliasali,M
Eliasar,M
Eliase,M
Eliash,M
Eliasha,F
Eliasib,M
Eliason,M
Eliasz,M
Eliauna,F
Eliav,M
Eliaz,M
Eliaza,Unisex
Eliazar,M
Eliazbeth,F
Eliazer,M
Eliberto,M
Elibeth,F
Eliborio,M
Elibryis,M
Elic,M
Elica,F
Elice,F
Elicea-jane,F
Eliceo,M
Elicia,F
Elicia-Lee,F
Eliciah,F
Eliciana,F
Elicio,M
Elick,M
Elida,F
Elide,F
Elided,F
Elidet,F
Elideth,F
Elidia,F
Elidio,M
Elie,M
Elie'n,M
Elieana,F
Eliecer,M
Elieen,F
Eliejah,M
Eliel,M
Eliena,F
Elienai,F
Eliene,F
Elier,M
Eliesa,Unisex
Eliese,F
Elieser,M
Eliesha,F
Elieshia,F
Eliette,F
Eliezar,M
Eliezel,M
Eliezer,M
Elif,F
Elifnaz,F
Elifnur,F
Elifsu,F
Elig-abdulkareem,M
Eliga,M
Eligah,M
Elige,M
Eliger,M
Eliggio,M
Eligh,M
Eligha,M
Elight,M
Eligia,Unisex
Eligio,M
Elih,M
Eliham,F
Elihas,M
Elihu,M
Elihue,M
Elii,M
Eliiahn,F
Eliijah,M
Eliina,F
Eliisa,F
Elija,M
Elijaah,M
Elijah,M
Elijah-Abel,M
Elijah-Chavez,M
Elijah-Ephraim,M
Elijah-Jaden,M
Elijah-James,M
Elijah-Joel,M
Elijah-john,M
Elijah-Moses,M
Elijah-Rain,M
Elijaha,M
Elijahh,M
Elijahjames,M
Elijahjohn,M
Elijahjuan,M
Elijahpaul,M
Elijahray,M
Elijahwan,M
Elijahwon,M
Elijames,M
Elijan,M
Elijanna,F
Elijas,M
Elijawon,M
Elijay,M
Elijh,M
Elijha,M
Elijhah,M
Elijia,M
Elijiah,M
Elijio,M
Elijjah,M
Elijsha,M
Elijuah,M
Elijus,M
Elik,M
Elika,F
Elikai,M
Elikem,Unisex
Eliki,M
Elikomida,F
Elikplim,F
Elila,F
Elilah,F
Elilei,M
Elilta,F
Elim,Unisex
Elima,F
Elimar,F
Elimelec,M
Elimelech,M
Elin,F
Elina,F
Elina-anna,F
Elina-Lynn,F
Elina-Otilia,F
Elinah,F
Elinam,F
Elinar,F
Elind,M
Elinda,F
Eline,F
Eliner,F
Elinique,F
Elinor,F
Elinor-ann,F
Elinora,F
Elinore,F
Elinya,F
Elio,M
Eliodoro,M
Elioenai,M
Elion,M
Eliona,F
Elionai,M
Elionaid,M
Elionna,F
Elionore,F
Elior,M
Eliora,F
Eliora-Marilou,F
Eliorah,F
Eliose,F
Eliot,M
Eliot-Lawrence,M
Eliot-Pierrick,M
Elioth,M
Eliott,M
Eliotte,F
Elioun,M
Eliphal,F
Elira,F
Elirah,F
Eliran,M
Elirose,F
Elis,Unisex
Elisa,F
Elisa-jane,F
Elisa-Kim,F
Elisa-Maria,F
Elisa-marie,F
Elisa-rose,F
Elisa-Young,F
Elisabbetta,F
Elisabeha,F
Elisabel,F
Elisabella,F
Elisabet,F
Elisabeta,F
Elisabeth,F
Elisabeth-angelike,F
Elisabeth-anne,F
Elisabeth-Danielle,F
Elisabeth-francis,F
Elisabeth-Hillegonda,F
Elisabeth-Joan,F
Elisabeth-Ruth,F
Elisabethe,F
Elisabett,F
Elisabetta,F
Elisabetta-marisa,F
Elisah,Unisex
Elisama,F
Elisandra,F
Elisandro,M
Elisapa,M
Elisaul,M
Elisavet,F
Elisaveta,F
Elisbeth,F
Eliscia,F
Elise,F
Elise-Marie,F
Elise-michelle,F
Elisea,F
Elisebeth,F
Elisee,M
Elisei,M
Elisemarie,F
Elisena,F
Eliseo,M
Eliset,F
Elisey,M
Elish,Unisex
Elisha,Unisex
Elisha-Dawn,F
Elisha-Joyce,F
Elisha-Mae,F
Elisha-Mai,F
Elisha-Marie,F
Elisha-May,F
Elisha-Melissa,F
Elisha-Young,F
Elishah,Unisex
Elishava,F
Elishe,F
Elishea,F
Elisheba,F
Elisheva,F
Elishia,F
Elishka,F
Elishua,M
Elishya,F
Elisia,F
Elisiah,M
Elisiana,F
Elisianna,F
Elisiba,M
Elisik,M
Elisio,M
Elisjah,M
Elisjha,M
Eliska,F
Elison,Unisex
Elissa,F
Elissa-Angeline,F
Elissa-Mae,F
Elissa-Marie,F
Elissa-Rita,F
Elissabeth,F
Elissah,F
Elissar,F
Elisse,F
Elisseos,M
Elissha,F
Elissia,F
Elista,F
Elistan,M
ElisTe,M
Elisya,F
Elit,M
Elita,F
Elitania,F
Elite,Unisex
Elitha,F
Elithia,F
Elitsa,F
Elitta,F
Elitzia,F
Eliu,M
Eliud,M
Elius,M
Eliut,M
Eliuth,M
Eliv,M
Eliva,F
Eliverto,M
Elivia,F
Eliviah,F
Eliviana,F
Elivra,F
Elix,M
Elixabeth,F
Elixander,M
Elixis,F
Eliya,Unisex
Eliyah,Unisex
Eliyahna,F
Eliyahu,M
Eliyana,F
Eliyanah,F
Eliyanna,F
Eliyar,M
Eliyas,M
Eliyezeri,M
Eliyjah,M
Eliyohu,M
Eliysah,F
Eliyse,F
Eliz,F
Eliza,F
Eliza-ann,F
Eliza-Beth,F
Eliza-diamond,F
Eliza-Grace,F
Eliza-jade,F
Eliza-Jane,F
Eliza-jayne,F
Eliza-kate,F
Eliza-Lilly,F
Eliza-Lily,F
Eliza-Mae,F
Eliza-Mai,F
Eliza-May,F
Eliza-Rae,F
Eliza-Rose,F
Elizabath,F
Elizabe,F
Elizabeath,F
Elizabeh,F
Elizabeht,F
Elizabel,F
Elizabela,F
Elizabell,F
Elizabella,F
Elizabelle,F
Elizaberh,F
Elizabet,F
Elizabet-Henok,F
Elizabeta,F
Elizabete,F
Elizabeth,F
Elizabeth-Ann,F
Elizabeth-Anne,F
Elizabeth-Elsie,F
Elizabeth-faye,F
Elizabeth-Grace,F
Elizabeth-jean,F
Elizabeth-kaye,F
Elizabeth-Layne,F
Elizabeth-Louise,F
Elizabeth-maria,F
Elizabeth-marie,F
Elizabeth-May,F
Elizabeth-Nina,F
Elizabeth-Rose,F
Elizabeth-Suzanne,F
Elizabetha,F
Elizabethann,F
Elizabethanne,F
Elizabethe,F
Elizabethgrace,F
Elizabethmarie,F
Elizabethrose,F
Elizabetta,F
Elizabith,F
Elizabth,F
Elizadeth,F
Elizaeth,F
Elizah,Unisex
Elizaida,F
Elizajane,F
Elizak,M
Elizama,F
Elizamarie,F
Elizander,M
Elizandra,F
Elizandro,M
Elizapeth,F
Elizar,M
Elizara,F
Elizardo,M
Elizaveta,F
Elizaveti,F
Elizavida,F
Elizbeath,F
Elizbeth,F
Elize,F
Elizeabeth,F
Elizear,M
Elizebath,F
Elizebeth,F
Elizebith,F
Elizebth,F
Elizeh,F
Elizel,F
Elizen,M
Elizeo,M
Elizer,M
Elizerbeth,F
Elizet,F
Elizeth,F
Elizette,F
Elizha,M
Elizia,F
Eliziah,M
Elizibeth,F
Elizjah,M
Elizjia,F
Elizsha,F
Elizya,F
Elizyah,F
Elizza,F
Elizzabeth,F
Elizzie,F
Eljah,M
Eljan,M
Eljay,M
Eljaye,M
Eljean,F
Eljed,M
Eljer,M
Eljin,M
Eljo,M
Eljon,M
Elka,F
Elkaduwe,F
Elkan,M
Elkanah,M
Elke,F
Elken,F
Elki,M
Elkie,F
Elkie-jaye,F
Elkin,M
Elkins,M
Elky,F
Ell,M
Ella,F
Ella-,F
Ella-Ann,F
Ella-Anne,F
Ella-Beth,F
Ella-blu,F
Ella-bree,F
Ella-Brooke,F
Ella-daisie,F
Ella-Dawn,F
Ella-Eve,F
Ella-Faith,F
Ella-Grace,F
Ella-Jade,F
Ella-Jai,F
Ella-Jane,F
Ella-Jay,F
Ella-jaye,F
Ella-Jayne,F
Ella-Jean,F
Ella-Jet,F
Ella-Jo,F
Ella-JosTe,F
Ella-Kate,F
Ella-lee,F
Ella-Leigh,F
Ella-lesley,F
Ella-Louise,F
Ella-Mae,F
Ella-Mai,F
Ella-maree,F
Ella-Maria,F
Ella-Marie,F
Ella-maude,F
Ella-May,F
Ella-Nicole,F
Ella-Rae,F
Ella-rene,F
Ella-Rose,F
Ella-Ruby,F
Ella-Saphina,F
Ella-Saundra,F
Ella-shae,F
Ella-Sophia,F
Ellaa,F
Ellabelle,F
Ellabeth,F
Ellace,F
Elladean,F
Elladee,F
Elladia,F
Elladie,F
Elladore,F
Ellagrace,F
Ellah,F
Ellah-rose,F
Ellaha,F
Ellaha-Zahra,F
Ellahae,F
Ellaina,F
Ellaine,F
Ellajane,F
Ellajayne,F
Ellajean,F
Ellajo,F
Ellaka,F
Ellakate,F
Ellalee,F
Ellalene,F
Ellalisia,F
Ellalouise,F
Ellalynn,F
Ellamae,F
Ellamai,F
Ellamaria,F
Ellamarie,F
Ellamay,F
Ellamenda,F
Ellamichele,F
Ellan,F
Ellana,F
Ellanah,F
Elland,F
Ellandra,F
Ellane,F
Ellani,F
Ellanie,F
Ellanize,F
Ellanna,F
Ellanna-Marie,F
Ellannah,F
Ellanor,F
Ellanora,F
Ellanore,F
Ellany,F
Ellaouise,F
Ellar,F
Ellarae,F
Ellard,M
Ellaree,F
Ellareen,F
Ellarene,F
Ellarie,F
Ellarine,F
Ellarna,F
Ellarose,F
Ellary,F
Ellasandra,F
Ellasia,F
Ellason,F
Ellasophia,F
Ellasyn,F
Ellaura,F
Ellawease,F
Ellawee,F
Ellawese,F
Ellawin,F
Ellawyn,F
Ellawynn,F
Ellay,F
Ellaya,F
Ellayah,F
Ellayla,F
Ellayna,F
Ellazae,F
Ellazynn,F
Ellca,F
Ellda,F
Elldon,M
Elle,F
Elle-,F
Elle-Ann,F
Elle-anne,F
Elle-ChaunTal,F
Elle-Jane,F
Elle-Jay,F
Elle-jean,F
Elle-Jo,F
Elle-Leigh,F
Elle-Louise,F
Elle-Mae,F
Elle-Mai,F
Elle-Marie,F
Elle-May,F
Elle-Rose,F
Ellea,F
Elleah,F
Ellean,F
Elleana,F
Elleanah,F
Elleanna,F
Elleanne,F
Elleanor,F
Elleanora,F
Elleanore,F
Ellease,F
Elleazar,M
Ellece,F
Ellecia,F
Elleciea,F
Elleda,F
Ellee,F
Elleece,F
Elleen,F
Elleeza,F
Elleftheryea,F
Ellei-rae,F
Elleiana,F
Elleigh,F
Elleigha,F
Elleinor,F
Elleira,F
Elleirah,F
Elleise,F
Elleisha,F
Elleissana,F
Elleiya,F
Elleke,F
Ellemae,F
Ellemay,F
Ellen,F
Ellen-John,F
Ellen-louise,F
Ellen-Maria,F
Ellen-nicole,F
Ellen-ruth,F
Ellen-Shea,F
Ellen-Zoe,F
Ellena,F
Ellena-eva,F
Ellenah,F
Ellender,F
Ellene,F
Ellener,F
Elleni,F
Ellenie,F
Ellenmarie,F
Ellenna,F
Ellenor,F
Ellenora,F
Ellenore,F
Elleny,F
Elleona,F
Elleora,F
Eller,F
Elleri,F
Ellerie,F
Ellerion,F
Ellerslie,F
Ellert,M
Ellery,Unisex
Elles,M
Ellesar,F
Ellese,F
Ellesette,F
Ellesha,F
Elleshia,F
Elleshia-jane,F
Ellesia,F
Elleson,F
Ellessa,F
Ellesse,F
Ellessia,F
Ellesyn,F
Ellet,M
Elletta,F
Ellette,F
Ellexa,F
Ellexandria,F
Ellexia,F
Ellexis,F
Ellexus,F
Elley,F
Elley-bree,F
Elleya,F
Elleyce,F
Elleytte,F
Ellham,F
Ellhiana,F
Elli,F
Elli-Anna,F
Elli-Mae,F
Elli-Mai,F
Elli-marie,F
Ellia,F
Elliah,F
Elliahn,F
Elliahna,F
Ellian,M
Elliana,F
Ellianah,F
Elliane,F
Elliann,F
Ellianna,F
Elliannah,F
Ellianne,F
Elliard,M
Elliarnah,F
Ellias,M
Elliauna,F
Ellice,F
Ellice-erica,F
Ellicia,F
Ellie,F
Ellie-,F
Ellie-Ann,F
Ellie-Anna,F
Ellie-Anne,F
Ellie-Brooke,F
Ellie-george,F
Ellie-Grace,F
Ellie-J,F
Ellie-Jade,F
Ellie-Jae,F
Ellie-Jai,F
Ellie-Jane,F
Ellie-Jay,F
Ellie-Jayne,F
Ellie-Jean,F
Ellie-Jo,F
Ellie-Kay,F
Ellie-Leigh,F
Ellie-Lou,F
Ellie-Louise,F
Ellie-Mae,F
Ellie-Mai,F
Ellie-Maii,F
Ellie-Marie,F
Ellie-May,F
Ellie-Maye,F
Ellie-Nicole,F
Ellie-olivia,F
Ellie-Paige,F
Ellie-Rae,F
Ellie-renae,F
Ellie-Rose,F
Ellie-Sue,F
Elliea,F
Ellieana,F
Ellieann,F
Ellieanna,F
Ellieanne,F
Elliegrace,F
Elliekate,F
Elliemae,F
Elliemai,F
Elliemarie,F
Elliemay,F
Elliena,F
Ellienna,F
Ellierose,F
Elliese,F
Elliesha,F
Elliet,F
Elliett,F
Elliette,F
Elliexiah,F
Ellii-brooke,F
Ellijade,F
Ellijah,M
Ellijana,F
Ellika,F
Ellilah,F
Ellimay,F
Ellin,F
Ellina,F
Elline,F
Ellington,Unisex
Ellinor,F
Ellinore,F
Ellio,M
Elliona,F
Ellionna,F
Ellionne,F
Elliora,F
Elliot,M
Elliot-James,M
Elliott,M
Elliott-James,M
Elliott-paul,M
Elliotte,Unisex
Elliotti,M
Ellira,F
Ellirah,F
Ellis,M
Ellis-James,M
Ellis-Jay,M
Ellisa,F
Ellisabeth,F
Ellise,F
Ellise-Rae,F
Ellisedd,M
Ellisen,F
Ellisha,F
Ellishia,F
Ellishka,F
Ellisia,F
Ellisin,M
Ellison,Unisex
Elliss,Unisex
Ellissa,F
Ellisse,F
Ellissia,F
Ellisten,M
Elliston,Unisex
Ellisya,F
Ellisyn,F
Ellivia,F
Elliw,F
Ellix,M
Elliya,F
Elliyah,F
Elliyana,F
Elliyanna,F
Elliza,F
Ellizabeth,F
Ellizabeth-marie,F
Elljay,M
Ellmund,M
Ellnora,F
Ello,F
Elloae,F
Ellodie,F
Ellody,F
Elloen,F
Elloise,F
Ellon,F
Ellona,F
Ellone,F
Ellora,F
Ellorah,F
Elloree,F
Ellorie,F
Ellory,F
Ellouise,F
Elloween,F
Ellowyn,F
Ellpida,F
Ellsa,F
Ellse,F
Ellsey,F
Ellsie,F
Ellslee,F
Ellsworth,M
Ellula,F
Ellwood,M
Ellwyn,M
Elly,F
Elly-arne,F
Elly-Jade,F
Elly-kate,F
Elly-Mae,F
Elly-May,F
Ellya,F
Ellyah,F
Ellyana,F
Ellyanah,F
Ellyanna,F
Ellyanne,F
Ellyas,M
Ellyauna,F
Ellyce,F
Ellycia,F
Ellyda,F
Ellye,F
Ellyette,F
Ellymae,F
EllyMay,F
Ellyn,F
Ellyna,F
Ellyne,F
Ellynn,F
Ellynor,F
Ellyona,F
Ellyonna,F
Ellyot,F
Ellyott,F
Ellyra,F
Ellys,Unisex
Ellysa,F
Ellyse,F
Ellyse-Rose,F
Ellysen,F
Ellysha,F
Ellyshia,F
Ellysia,F
Ellyson,F
Ellyss,F
Ellyssa,F
Ellysse,F
Ellyza,F
Elma,F
Elmae,F
Elman,M
Elmanuel-Isaac,M
Elmar,M
Elmarie,F
Elmars,M
Elmas,F
Elme,M
Elmeda,F
Elmedin,M
Elmedina,F
Elmen,M
Elmer,M
Elmer-Charles-Rylee,M
Elmera,F
Elmerine,F
Elmeta,F
Elmi,Unisex
Elmin,M
Elmina,F
Elmir,M
Elmira,F
Elmira-monireh,F
Elmire,F
Elmo,M
Elmon,M
Elmond,M
Elmont,M
Elmor,M
Elmore,M
Elmus,M
Elmyra,F
Elna,F
Elnadah,F
Elnara,F
Elnatal-Addisu,M
Elnatan,M
Elnathan,M
Elnaz,F
Elneda,F
Elner,F
Elneta,F
Elneth,F
Elnita,F
Elno,M
Elnor,F
Elnora,F
Elnorah,F
Elnore,F
Elnoria,F
Elo,M
Eloana,F
Eloda,F
Elodee,F
Elodi,F
Elodia,F
Elodie,F
Elody,F
Elof,M
Eloghosa,Unisex
Eloheeka,F
Elohim,M
Elohor,F
Eloi,M
Eloi-Jean,M
Eloida,F
Eloina,F
Eloine,F
Elois,F
Eloisa,F
Eloise,F
Eloise-Mae,F
Eloise-marie,F
Eloisia,F
Eloissa,F
Eloisza,F
Eloiza,F
Elom,M
Elon,Unisex
Elona,F
Elonda,F
Elondra,F
Elone,F
Elong,M
Eloni,F
Elonna,F
Elonora,F
Elonse,F
Elonte,M
Elony,F
Elonzo,M
Elooghene,F
Eloquence,F
Elora,F
Elora-Belle,F
Elora-Danan,F
Elora-Dannan,F
Elora-Lynn,F
Elora-Rose,F
Elorah,F
Elordy,F
Elori,F
Elorie,F
Eloris,F
Elorm,Unisex
Elorna,F
Elorra,F
Elosia,F
Elosie,F
Elou,F
Elouisa,F
Elouise,F
Eloura,F
Elouralyn,F
Elovie,F
Elowen,F
Elowese,F
Elowise,F
Elowyn,F
Eloy,M
Eloyce,F
Eloyd,M
Eloyse,F
Elozino,F
Elozor,M
Elpha,F
Elphege,M
Elphie,F
Elpida,F
Elpida-zoe,F
Elpidia,F
Elpidio,M
Elpiniki,F
Elpitha,F
Elra,M
Elray,M
Elrayah,M
Elree,Unisex
Elrena,F
Elrene,F
Elreta,F
Elrey,M
Elri,F
Elric,M
Elrick,M
Elrico,M
Elridge,M
Elrita,F
Elrod,M
Elroi,M
Elron,M
Elrose,F
Elroy,M
Elry,M
Elsa,F
Elsa-Evangeline,F
Elsa-Grace,F
Elsa-lee,F
Elsa-Lynn,F
Elsa-Mae,F
Elsa-Mai,F
Elsa-marie,F
Elsa-May,F
Elsa-Rose,F
Elsabeth,F
Elsah,F
Elsayed,M
Elsbeta,F
Elsbeth,F
Elsbieta,F
Elsdon,M
Else,F
Elsee,F
Elselijn,F
Elsey,F
Elsha,F
Elshaday,F
Elshaddai,Unisex
Elshadye,M
Elshay,F
Elshia,F
Elshodov,M
Elsi,F
Elsi-mae,F
Elsia,F
Elsie,F
Elsie-Anne,F
Elsie-Belle,F
Elsie-Jane,F
Elsie-jayne,F
Elsie-Jean,F
Elsie-Leigh,F
Elsie-Lou,F
Elsie-Louise,F
Elsie-Mae,F
Elsie-Mai,F
Elsie-Marie,F
Elsie-May,F
Elsie-Rae,F
Elsie-Rose,F
Elsie-Violet,F
Elsiemae,F
Elsien,F
Elsinore,F
Elsje,F
Elsmer,M
Elso,M
Elson,M
Elspeth,F
Elsren,M
Elssa,F
Elssa-Christina,F
Elssy,F
Elster,M
Elstin,M
Elston,M
Elstridar,F
Elsuyar,F
Elsworth,M
Elswyth,F
Elsy,F
Elsye,F
Elta,F
Eltayeb,M
Elten,M
Eltha,F
Elthea,F
Elthia,F
Eltik,M
Eltion,M
Eltis,F
Eltje,M
ElTna,F
Elton,M
Eltra,F
Elu,F
Elua,F
Eluid,M
Eluisa,F
Elul,F
Elula,F
Elum,M
Eluned,F
Elunwella,F
Elura,F
Eluster,M
Eluteria,F
Eluterio,M
Eluzer,M
Elva,F
Elva-elecele,F
Elvada,F
Elvan,M
Elvana,F
Elve,Unisex
Elveda,F
Elvedin,M
Elven,M
Elvena,F
Elvene,F
Elvenia,F
Elver,Unisex
Elvera,F
Elverda,F
Elveria,F
Elverio,M
Elvern,M
Elverna,F
Elverne,M
Elvert,M
Elverta,F
Elves,M
Elvester,M
Elveta,F
Elvi,Unisex
Elvia,F
Elvida,F
Elvie,Unisex
Elvin,M
Elvin-Angelo,M
Elvina,F
Elvine,F
Elvinia,F
Elvio,M
Elvir,M
Elvira,F
Elvire,F
Elviria,F
Elviro,M
Elvis,M
Elvis-ante,M
Elvisa,F
Elvita,F
Elviz,M
Elvon,M
Elvy,Unisex
Elvy-lee,F
Elvyn,Unisex
Elwaat,F
Elwanda,F
Elward,M
Elway,M
Elwell,M
Elwen,F
Elwillie,F
Elwin,M
Elwood,M
Elworth,M
Elwyn,M
Elwyne,Unisex
Elwynn,M
Elwynne,F
Ely,M
Elya,Unisex
Elyaas,M
Elyaen,F
Elyah,Unisex
Elyahna,F
Elyan,M
Elyana,F
Elyanah,F
Elyane,F
Elyanna,F
Elyannah,F
Elyas,M
Elyase,M
Elyass,M
Elyce,F
Elycea,F
Elycia,F
Elyda,F
Elydia,F
Elye,M
Elyes,M
Elyess,M
Elyet,F
Elyh,M
Elyijah,M
Elyis,M
Elyja,M
Elyjah,M
Elyjiah,M
Elyn,F
Elyna,F
Elynn,F
Elynna,F
Elynne,F
Elynor,F
Elynora,F
Elynore,F
Elyon,M
Elyott,M
Elys,Unisex
Elysa,F
Elysabeth,F
Elyscia,F
Elyse,F
Elyse-ann,F
Elysee,F
Elysha,F
Elyshia,F
Elyshiah,F
Elysia,F
Elysiah,F
Elysian,F
Elysiana,F
Elysie,F
Elysium,F
Elyssa,F
Elyssa-kate,F
Elysse,F
Elyssia,F
Elystan,M
Elytes,M
Elythea,F
Elyus,M
Elyvia,F
Elyxandra,F
Elyza,F
Elyzabella,F
Elyzabeth,F
Elyzah,F
Elyzar,M
Elyze,F
Elyzia,F
Elyzza,F
Elza,Unisex
Elzabeth,F
Elzada,F
Elzadie,F
ElzahnT,F
Elzahra,F
Elzar,F
Elzat,M
Elzbeth,F
Elzbieta,F
Elzbieta-urszula,F
Elze,Unisex
Elzea'Re,M
Elzear,M
Elzeigha,F
Elzena,F
Elzenia,F
Elzia,Unisex
Elziabeth,F
Elzie,Unisex
Elzina,F
Elzira,F
Elzo,M
Elzora,F
Elzy,M
Em,F
Em'ett,M
Em-Jai,F
Em-Me,F
Ema,F
Ema-Lee,F
Ema-Leigh,F
Emaad,M
Emaan,F
Emaandeep,F
Emaani,F
Emaara,F
Emad,M
Emad-Uddin,M
Emagene,F
Emaghea,F
Emagin,F
Emagine,F
Emah,F
Emahlie,F
Emahni,F
Emaje,M
Emajean,F
Emal,M
Emalayne,F
Emalea,F
Emaleah,F
Emalee,F
Emaleen,F
Emalei,F
Emaleigh,F
Emalen,F
Emalena,F
Emalene,F
Emaleti,F
Emaley,F
Emaleya,F
Emali,F
Emalia,F
Emalie,F
Emalin,F
Emalina,F
Emaline,F
Emalise,F
Emaliya,F
Emaliyah,F
Emally,F
Emaly,F
Emaly-Don,F
Emalyn,F
Emalyne,F
Emalynn,F
Emalynne,F
Eman,F
Emanae-Arzoo,F
Emanda,F
Emane,F
Emanee,F
Emani,F
Emanie,F
Emanii,F
Emann,Unisex
Emanne,F
Emanni,F
Emannoop,M
Emannuel,M
Emanoel,M
Emanoil,M
Emanouel,M
Emanouele,M
Emanouil,M
Emanual,M
Emanuel,M
Emanuela,F
Emanuela-Daniela,F
Emanuele,M
Emanuell,M
Emanuella,F
Emanuelle,Unisex
Emanuelly,F
Emanuiel,M
Emar,M
Emara,F
Emare,M
Emaree,F
Emareon,M
Emari,Unisex
Emaria,F
Emariah,F
Emarie,F
Emarii,M
Emarion,M
Emariya,F
Emarlee,F
Emarli,F
Emarlie,F
Emarn,F
Emarosa,F
Emarri,M
Emarus,M
Emary,Unisex
Emasyn,F
Emathyst,F
Emauni,F
Emauri,Unisex
Emaya,F
Emayah,Unisex
Embah,F
Embarka,F
Embathy,F
Ember,F
Ember-Lynn,F
Ember-Rae,F
Ember-Rose,F
Emberie,M
Emberlee,F
Emberleigh,F
Emberley,F
Emberli,F
Emberlie,F
Emberlin,F
Emberly,F
Emberlyn,F
Emberlynn,F
Embert,M
Embley,M
Embra,F
Embre,F
Embree,F
Embrey,F
Embri,F
Embrie,F
Embrielle,F
Embry,Unisex
Embrya,F
Embur,M
Emby,F
Embyr,F
Emdadul,M
Emdadur,M
Eme,F
Emeal,M
Emeallia,F
Emebet,F
Emedio,M
Emediong,F
Emee,F
Emefa,F
Emefa-Grace,F
Emehrey,F
Emei,F
Emeilia,F
Emeiya,F
Emeka,M
Emel,F
Emelda,F
Emele,Unisex
Emeleah,F
Emelee,F
Emeleigh,F
Emelene,F
Emeli,F
Emelia,F
Emelia-Eden,F
Emelia-fay,F
Emelia-Grace,F
Emelia-Rose,F
Emeliah,F
Emelian,M
Emeliana,F
Emelie,F
Emelie-Grace,F
Emeliene,F
Emeliia,F
Emelin,F
Emelina,F
Emelinda,F
Emeline,F
Emelio,M
Emelita,F
Emelle,F
Emellia,F
Emellian,M
Emellie,F
Emelly,F
Emelson,M
Emely,F
Emelya,F
Emelye,F
Emelyn,F
Emelyne,F
Emelynn,F
Emem,Unisex
Emema,F
Ememiel,M
Emence,F
Emer,F
Emera,F
Emeral,Unisex
Emerald,F
Emeralda,F
Emerance,Unisex
Emeraude,F
Emercen,F
Emercia,F
Emercyn,F
Emere,M
Emeree,F
Emereese,F
Emereigh,F
Emeren,F
Emerence,F
Emerencz,F
Emerentiana,F
Emerett,M
Emerey,F
Emergaid,F
Emeri,F
Emeria,F
Emeric,M
Emerice,F
Emerich,M
Emerick,M
Emerie,F
Emerii,F
Emerik,M
Emeril,Unisex
Emerine,F
Emeris,M
Emerise,F
Emerisse,F
Emerita,F
Emerito,M
Emeriza,F
Emerlee,F
Emerleigh,F
Emerline,F
Emerly,F
Emerlyn,F
Emerlynn,F
Emero,M
Emeron,M
Emerrie,F
Emerrit,M
Emersan,F
Emersen,F
Emerson,Unisex
Emerson-Lance,M
Emersyn,F
Emersynn,F
Emersynne,F
Emert,M
Emery,Unisex
Emery-James,M
Emery-Lee,F
Emery-Rose,F
Emery-Theo,M
Emery-Victoria,F
Emeryk,M
Emeryll,F
Emeryn,F
Emerys,M
Emerzon,M
Emese,F
Emeshe,F
Emesia,M
Emet,M
Emeterio,M
Emeth,M
Emethyst,F
Emett,M
Emette,F
Emhi,F
Emi,F
Emi-Leigh,F
Emia,F
Emiah,F
Emiddia,F
Emidia,F
Emidio,M
Emie,F
Emie-lee,F
Emie-Rose,F
Emiel,M
Emielia,F
Emiellia,F
Emier,M
Emierah,F
Emigdio,M
Emiglia,F
Emiika,F
Emijah,F
Emika,F
Emiko,F
Emikoritse,M
Emil,M
Emil-minu,M
Emila,F
Emilaine,F
Emilaya,F
Emilce,F
Emilda,F
Emile,M
Emilea,F
Emileah,F
Emilee,F
Emilee-Rose,F
Emileen,F
Emileena,F
Emileigh,F
Emilena,F
Emilene,F
Emilenne,F
Emileo,M
Emiley,F
Emileya,F
Emili,F
Emilia,F
Emilia-Grace,F
Emilia-isabella,F
Emilia-Rae,F
Emilia-Rose,F
Emiliah,F
Emilian,M
Emiliana,F
Emiliann,F
Emilianna,F
Emilianne,F
Emiliano,M
Emilianus,M
Emiliarose,F
Emilie,F
Emilie-anne,F
Emilie-Claire,F
Emilie-Grace,F
Emilie-jade,F
Emilie-Joy,F
Emilie-Justine,F
Emilie-mae,F
Emilie-May,F
Emilie-Noelle,F
Emilie-Rose,F
Emiliee,F
Emilien,M
Emilienne,F
Emiliey,F
Emilija,F
Emilija-Paula,F
Emilijah,F
Emilijus,M
Emilin,F
Emilina,F
Emiline,F
Emilio,M
Emilio-Anthony,M
Emilio-Casey,M
Emilios,M
Emilis,M
Emilisse,F
Emiliya,F
Emilja,F
Emilka,F
Emille,Unisex
Emillee,F
Emillia,F
Emilliana,F
Emillianna,F
Emilliano,M
Emillie,F
Emillio,M
Emillo,M
Emilly,F
Emillya,F
Emilo,M
Emils,M
Emilse,F
Emilson,M
Emily,F
Emily-,F
Emily-Alexis,F
Emily-Ann,F
Emily-Anne,F
Emily-Christine,F
Emily-Dawn,F
Emily-Elizabeth,F
Emily-Francis,F
Emily-Gaelle,F
Emily-Grace,F
Emily-Jade,F
Emily-Jane,F
Emily-Jayne,F
Emily-Jean,F
Emily-Jo,F
Emily-Joy,F
Emily-Juene,F
Emily-June,F
Emily-Kate,F
Emily-Kay,F
Emily-Louise,F
Emily-Lynn,F
Emily-Mae,F
Emily-Mai,F
Emily-Marie,F
Emily-May,F
Emily-Paige,F
Emily-Rae,F
Emily-Rose,F
Emily-shae,F
Emily-sue,F
Emily-tu,F
Emily-violet,F
Emilya,F
Emilyah,F
Emilyann,F
Emilyanne,F
Emilye,F
Emilyelizabeth,F
Emilygrace,F
Emilyjane,F
Emilyjo,F
Emilylynn,F
Emilymae,F
Emilymarie,F
Emilyn,F
Emilyna,F
Emilyne,F
Emilynn,F
Emilyrose,F
Emilytherese,F
Emima,F
Emin,M
Emina,F
Emina-Mina,F
Emine,F
Eminenur,F
Emione,F
Emir,M
Emira,F
Emirah,F
Emircan,M
Emiree,F
Emireth,F
Emirhan,M
Emirhan-Taha,M
Emiri,F
Emirick,M
Emirra,F
Emiru,M
Emiry,F
Emirye,F
Emis,F
Emisha,F
Emison,Unisex
Emisyn,F
Emit,M
Emiterio,M
Emitt,M
Emitte,M
Emitty,F
Emix,M
Emiya,F
Emiya-Lei,F
Emiyah,F
Emjai,Unisex
Emjay,Unisex
Emjed,M
Emlaisanaung,M
Emlee,F
Emley,F
Emli,F
Emlie,F
Emliy,F
Emly,F
Emlyn,Unisex
Emlynn,F
Emm,M
Emma,F
Emma'lee,F
Emma-,F
Emma-Allah,F
Emma-Anne,F
Emma-bell,F
Emma-Belle,F
Emma-chelsea,F
Emma-Claire,F
Emma-Dawn,F
Emma-Faith,F
Emma-Fay,F
Emma-faye,F
Emma-Grace,F
Emma-Jade,F
Emma-Jane,F
Emma-Jay,F
Emma-Jayne,F
Emma-Jean,F
Emma-Jeane,F
Emma-Jo,F
Emma-Joan,F
Emma-jocelyn,F
Emma-Joelle,F
Emma-Joy,F
Emma-Kate,F
Emma-kay,F
Emma-kaye,F
Emma-Lea,F
Emma-Leah,F
Emma-Lee,F
Emma-Leigh,F
Emma-Lily,F
Emma-Lisa,F
Emma-Lou,F
Emma-Louise,F
Emma-louise-mary,F
Emma-louize,F
Emma-Lyn,F
Emma-lynn,F
Emma-lynne,F
Emma-Mackenzie,F
Emma-Mae,F
Emma-Mae-Carmel,F
Emma-Mai,F
Emma-Maria,F
Emma-Marie,F
Emma-May,F
Emma-mei,F
Emma-michelle,F
Emma-Nicole,F
Emma-Paige,F
Emma-Priya,F
Emma-Rae,F
Emma-ray,F
Emma-roger,F
Emma-Rose,F
Emma-ruth,F
Emma-Sally,F
Emma-Star-Ulaniq,F
Emma-tien,F
Emma-Tiger,F
Emmabella,F
Emmabelle,F
Emmabeth,F
Emmaclaire,F
Emmaculate,F
Emmadaea,F
Emmadell,F
Emmae,F
Emmagene,F
Emmagrace,F
Emmah,F
Emmah-leigh,F
Emmajane,F
Emmajay,F
Emmajean,F
Emmajo,F
Emmakate,F
Emmakay,F
Emmalani,F
Emmalayna,F
Emmalea,F
Emmaleah,F
Emmaleanne,F
Emmalee,F
Emmaleen,F
Emmalei,F
Emmaleigh,F
Emmaleise,F
Emmalena,F
Emmalene,F
Emmalenne,F
Emmaley,F
Emmaleyn,F
Emmali,F
Emmalia,F
Emmaliah,F
Emmalie,F
Emmalin,F
Emmalina,F
Emmaline,F
Emmalinn,F
Emmalisa,F
Emmalise,F
Emmalize,F
Emmalleen,F
Emmalou,F
Emmalouise,F
Emmalu,F
Emmaly,F
Emmalyn,F
Emmalyne,F
Emmalynn,F
Emmalynne,F
Emmalyse,F
Emmalysse,F
Emmamae,F
Emmamarie,F
Emman,F
Emmanauel,M
Emmanel,M
Emmaneul,M
Emmani,F
Emmanoel,M
Emmanoil,M
Emmanouel,M
Emmanouil,M
Emmanoyel,M
Emmanoyil,M
Emmanual,M
Emmanuel,M
Emmanuel-Caleb,M
Emmanuel-Zeru,M
Emmanuela,F
Emmanuele,M
Emmanuell,M
Emmanuella,F
Emmanuelle,Unisex
Emmanul,M
Emmanulea,F
Emmara,F
Emmarae,F
Emmarea,F
Emmaree,F
Emmari,F
Emmariah,F
Emmarie,F
Emmarita,F
Emmarose,F
Emmarsyn,F
Emmary,F
Emmasofia,F
Emmason,F
Emmasophia,F
Emmasue,F
Emmasyn,F
Emmauel,M
Emmaunel,M
Emmaus,M
Emmazandra,F
Emmazyn,F
Emme,F
Emme-lee,F
Emmee,F
Emmel,F
Emmelee,F
Emmelene,F
Emmelia,F
Emmeliah,F
Emmelie,F
Emmelin,F
Emmelina,F
Emmelinda,F
Emmeline,F
Emmell,M
Emmellia-Rose,F
Emmely,F
Emmelyn,F
Emmelyne,F
Emmelynn,F
Emmer,F
Emmercyn,F
Emmerence,F
Emmeri,F
Emmeriah,F
Emmeric,M
Emmerich,M
Emmerick,M
Emmerie,F
Emmerik,M
Emmerlee,F
Emmerri,F
Emmersen,F
Emmersenne,F
Emmerson,Unisex
Emmersyn,F
Emmersyn-Dawn,F
Emmersynn,F
Emmert,M
Emmery,F
Emmeryn,F
Emmet,M
Emmett,M
Emmett-carey,M
Emmette,M
Emmey,F
Emmi,F
Emmi-Leigh,F
Emmi-Lou,F
Emmi-Louise,F
Emmica,F
Emmie,F
Emmie-Grace,F
Emmie-jean,F
Emmie-Leigh,F
Emmie-Lou,F
Emmie-Louise,F
Emmie-Mae,F
Emmie-May,F
Emmie-Rae,F
Emmie-Rose,F
Emmielou,F
Emmii,F
Emmilea,F
Emmilee,F
Emmilene,F
Emmiley,F
Emmilia,F
Emmiliano,M
Emmilie,F
Emmiline,F
Emmilly,F
Emmilou,F
Emmily,F
Emmily-ann,F
Emmily-Lynn,F
Emmilyn,F
Emmilynn,F
Emmirrordh,M
Emmison,F
Emmit,M
Emmitt,M
Emmitte,M
Emmity,F
Emmo,F
Emmogene,F
Emmolin,F
Emmon,M
Emmoni,F
Emmons,M
Emmora,F
Emmorie,F
Emmory,F
Emmott,M
Emmrie,F
Emmry,F
EmmT,F
Emmule,M
Emmy,F
Emmy-Lou,F
Emmy-Rae,F
Emmye,F
Emmyjoyce,F
Emmylou,F
Emmynuella,F
Emmytt,M
Emna,F
Emnet,F
Emnly,F
Emny,F
Emo,Unisex
Emogean,F
Emogen,F
Emogene,F
Emogin,F
Emogine,F
Emojean,F
Emojen,F
Emolene,F
Emon,Unisex
Emonah,F
Emond,M
Emone,F
Emonee,F
Emoney,F
Emoni,F
Emonie,F
Emonii,F
Emonni,F
Emonnie,F
Emontae,M
Emonte,M
Emony,F
Emor,M
Emora,F
Emoree,F
Emorey,M
Emorfia,F
Emori,Unisex
Emorie,F
Emory,Unisex
Emory-Joel,M
Emosi,M
Emperatriz,F
Emperess,F
Emperor,M
Empress,F
Empria,F
Empris,F
Empriss,F
Empryss,F
Emra,Unisex
Emraan,M
Emrah,M
Emran,M
Emre,M
Emree,F
Emren,Unisex
Emrence,F
Emrey,Unisex
Emrhys,M
Emri,F
Emric,M
Emrick,M
Emrie,F
Emrie-lyn,F
Emrielle,F
Emrik,M
Emril-Rayne,F
Emron,M
Emronjeet,F
Emrosie,F
Emroy,M
Emry,Unisex
Emryck,M
Emryk,M
Emryn,F
Emrynce,F
Emrynn,F
Emrys,Unisex
Emryss,F
Emslee,F
Emsley,F
Emslie,F
EmTlie,F
Emueje,F
Emuel,M
Emuna,F
Emunah,F
Emy,F
Emy-Jade,F
Emy-Leigh,F
Emya,F
Emyah,F
Emyia,F
Emyiah,F
Emyla,F
Emyle,F
Emylee,F
Emyleigh,F
Emylene,F
Emyli,F
Emylia,F
Emylie,F
Emylin,F
Emyly,F
Emylya,F
Emyr,M
Emyree,F
Emyri,F
Emyrie,F
Emyrsen,F
Emyrson,F
Emytt,M
Emzee,F
Emzie,M
Emzley,F
Emzy,M
En,Unisex
Ena,F
Ena-jane,F
Enaam,F
Enaara,F
Enaas,F
Enaaya,F
Enack,M
Enad,M
Enafa,F
Enagelo,M
Enah,F
Enaha,F
Enaiya,F
Enaja,F
Enajah,F
Enajiah,F
Enajori,F
Enalee,F
Enalina,F
Enam,M
Enamul,M
Enan,M
Enara,F
Enari,F
Enaro,M
Enas,F
Enasia,F
Enass,F
Enaya,F
Enayah,F
Enayat,Unisex
Enaysia,F
Encarnacion,Unisex
Enchante,F
Enchantee,F
Enchantra,F
Encho,M
Encil,M
Enda,F
Endale,M
Endalynne,F
Endea,F
Ender,M
Enderson,M
Endesha,F
Endi,M
Endia,F
Endiah,F
Endie,F
Endija,F
Endijs,M
Endion,M
Endiya,F
Endiyah,F
Endon,M
Endora,F
Endra,F
Endre,M
Endrea,M
Endrew,M
Endrey,M
Endri,M
Endrit,M
EndrT,M
Endsley,F
Endy,M
Endya,F
Endyah,F
Endyia,F
Ene,F
Enea,Unisex
Eneas,M
Enedelia,F
Enedina,F
Enedino,M
Eneece,F
Eneev,F
Eneia,F
Eneida,F
Enely,F
Enemencio,M
Eneni,F
Eneo,M
Ener,M
Eneri,F
Enerino,M
Enerlen,F
Enes,Unisex
Enesa,F
Enesha,F
Enesi,M
Eness,F
Enessa,F
Enette,F
Eneyda,F
Eneyi,F
Enez,F
Enfinity,F
Enfys,F
Eng,Unisex
Eng-chieu,M
Enga,F
Engel,M
Engela,F
Engelbert,M
Engelberto,M
Engelica,F
Engelika,F
Engelina,F
Engelos,M
Enger,F
Engie,F
Engin,M
Engjell,M
England,Unisex
Englebert,M
English,Unisex
Engracia,F
Engrid,F
Enhalla,F
Enhui,F
Eni,Unisex
Eni-Ibukunoluwa,F
Enia,F
Eniah,F
Eniah-Allah,F
Enice,F
Enid,F
Eniesha,F
Enifty,M
Enigk,M
Enih,F
Eniibukunoluwa,M
Enija,F
Enijah,F
Enik÷,F
Enika,F
Eniko,F
Enila,F
Enilda,F
Enio,M
Eniola,Unisex
Eniolaoluwa,M
Enioluwa,F
Enis,Unisex
Enisa,F
Enise,F
Enisha,F
Enissa,F
Enita,F
Enitan,Unisex
Enith,F
Eniya,F
Eniyah,F
Eniylah,F
Eniz,M
Eniza,F
Enja,F
Enjamin,M
Enji,F
Enjoli,F
Enjolie,F
Enkayla,F
Enkela,F
Enken,F
Enkhsuvd,F
Enki,Unisex
Enkida,F
Enlai,M
Enlli,F
Enloe,M
Enma,F
Enmanuel,M
Enn,Unisex
Enna,F
Enner,M
Enneth,M
Ennette,F
Ennice,F
Ennie,F
Ennifer,F
Ennika,F
Ennio,M
Ennio-massimo,M
Ennio-micheal,M
Ennis,M
Enno,M
Ennoaj,F
Ennok,M
Enny,F
Eno,Unisex
Eno-Abasi,F
Eno-Obong,F
Enoc,M
Enoch,M
Enoch-Anthony,M
Enock,M
Enoe,M
Enola,F
Enola-gay,F
Enolia,F
Enolla,F
Enon,M
Enone,F
Enora,F
Enos,M
Enosh,M
Enri,M
Enric,M
Enrica,F
Enrichetta,F
Enrick,M
Enrico,M
Enricque,M
Enrigue,M
Enrik,M
Enrika,F
Enrikas,M
Enrike,M
Enriko,M
Enrique,M
Enriqueta,F
Enriquetta,F
Enriquez,M
Enriquo,M
Enrrik,M
Enrrique,M
Enrriqueta,F
Enry,M
Ensan,M
Ensar,M
Ensha,F
Enshi,M
Ensiah,F
Ensign,M
Ensio,M
Enslee,F
Ensleigh,F
Ensley,F
Enslie,F
Enso,M
Enson,M
Enssaf,F
Entei,M
Enthemion,M
Enthia,F
Entil,M
Entoniy,M
Entri,M
Enuka,M
Enum,F
Enuri,F
Envee,F
Enver,M
Envi,F
Envie,F
Envy,F
Envyi,F
Enwer,M
Enxi,F
Enya,F
Enya-Grace,F
Enyah,F
Enyaw,F
Enyca,F
Enyce,F
Enye,F
Enyia,F
Enyinnaya,M
Enyla,F
Enylah,F
Enyonam,F
Enyrah,F
Enys,F
Enyssa,F
Enyziah,F
Enza,F
Enze,M
Enzee,F
Enzel,M
Enzi,M
Enzie,Unisex
Enzio,M
Enzlee,F
Enzley,F
Enzlie,F
Enzo,M
Enzzo,M
Eoann,M
Eoannis,M
Eochy,M
Eoghain,M
Eoghan,M
Eoghßn,M
Eoin,M
Eoina,M
Eola,F
Eolia,F
Eoline,F
Eon,M
Eona,F
Eordea,F
Eorge,M
Eos,F
Eosif,M
Eouad,M
Eowan,M
Eowon,M
Eowyn,F
Eowynn,F
Epaminoda,M
Epaminodas,M
Epaminondas,M
Epazis,M
Epenesa,F
Eph,M
Ephemia,F
Ephenia,F
Epherata,F
Ephi,F
Ephie,F
Ephra,M
Ephraim,M
Ephrain,M
Ephram,M
Ephrata,F
Ephratah,F
Ephrathah,F
Ephrem,M
Ephren,M
Ephriam,M
Ephrim,M
Ephron,M
Ephrosyne,F
Ephrum,M
Ephthalia,F
Ephy,F
Ephyfany,F
Epic,Unisex
Epifania,F
Epifanio,M
Epigmenio,M
Epimenia,F
Epimenio,M
Epiphany,F
Epistimeya,F
Epitacio,M
Epolito,M
Eponine,F
Eppie,Unisex
Epsie,F
Epsita,F
Eqra,F
Equan,M
Equasha,F
Equasia,F
Equilla,F
Era,F
Erabella,F
Eraca,F
Eraclio,M
Eraclis,M
Eradin,F
Eragon,M
Erah,F
Eraina,F
Eraine,F
Eraj,Unisex
Eraklis,M
Erald,M
Eralda,F
Eraldo,M
Eralia,F
Eralyn,F
Eralynn,F
Eram,F
Eramyah,M
Eran,Unisex
Eran-lee,F
Erana,F
Erandi,F
Erandy,F
Erani,F
Erann,F
Erantha,M
Eraryk,M
Erasmia,F
Erasmo,M
Erasmus,M
Eraste,M
Erasto,M
Erastus,M
Erat,M
Erato,F
Eray,M
Eraynd,M
Erayshha,F
Erbey,M
Erbie,M
Erbin,M
Erblin,M
Erby,M
Ercan,M
Ercel,Unisex
Ercell,Unisex
Ercelle,F
Ercia,F
Ercie,F
Ercil,M
Ercilia,F
Ercnment,M
Ercole,M
Ercole-nicola,M
Erda,F
Erdal,M
Erdell,F
Erdem,M
Erdene,F
Erdi,M
Erdine,F
Erdman,M
Erdrina,F
Ereah,F
Erec,M
Ereca,F
Erecca,F
Erechka,F
Ereda,F
Ereeb,F
Ereena,F
Ereinne,F
Erek,M
Ereka,F
Erel,M
Erelee,F
Erelene,F
Ereline,F
Erellah,F
Erem,M
Eremon,M
Eremy,M
Eren,Unisex
Eren-Semih,M
Erena,F
Erencan,M
Erendida,F
Erendira,F
Erene,F
Erenest,M
Ereni,F
Erenke,F
Erenst,M
Ereny,F
Eres,F
Eresmia,F
Eretta,F
Erez,M
Erfaan,M
Erfan,M
Erfk,M
Erford,M
Erfun,M
Erfyl,F
Ergi,M
Ergun,M
Ergys,M
Erhan,M
Erhard,M
Erhardt,M
Erhart,M
Erhin,F
Eri,Unisex
Eria,F
Eriah,F
Erial,F
Erian,Unisex
Eriana,F
Erianah,F
Eriane,F
Eriani,F
Eriann,F
Erianna,F
Eriannah,F
Erianne,F
Erianny,F
Erias,M
Eribella,F
Eriberto,M
Eric,M
Eric-Alexander,M
Eric-Anthony,M
Eric-James,M
Eric-Jim,M
Eric-Junior,M
Eric-Karlan,M
Eric-Khang,M
Eric-Kieth,M
Eric-raymond,M
Eric-Simon,M
Erica,F
Erica-Ann,F
Erica-elisabeta,F
Erica-jane,F
Erica-may,F
Erica-Rae,F
Erica-Rose,F
Ericah,F
Erical,F
Ericalynn,F
Ericamarie,F
Ericanicole,F
Ericanthony,M
Ericberto,M
Ericc,M
Ericca,F
Ericdaniel,M
Erice,Unisex
Erich,M
Ericha,F
Ericia,F
Ericjames,M
Erick,M
Ericka,F
Erickah,F
Erickia,F
Ericko,M
Erickson,M
Ericlee,M
Ericlindross,M
Ericmichael,M
Erico,M
Ericson,M
Ericsson,M
Erida,F
Eridan,M
Eridani,F
Eridanio,M
Erie,Unisex
Erieanna,F
Eriel,Unisex
Eriella,F
Erielle,F
Erien,F
Eriene,F
Erienne,F
Erieonna,F
Eries,M
Erifili,F
Erifilli,F
Erihana,F
Erihanna,F
Erik,M
Erik-Jon,M
Erika,F
Erika-Ann,F
Erika-jane,F
Erika-Jean,F
Erika-Jo,F
Erika-Lee,F
Erika-Lynn,F
Erikah,F
Erikas,M
Erikc,M
Erike,Unisex
Erikia,F
Erikk,M
Erikka,F
Erikki,M
Eriko,F
Eriks,M
Eriks-karlis,M
Eriksen,M
Erikson,M
Eriksson,M
Erikur,M
Eril,Unisex
Erilee,F
Erilinyth,M
Erilyn,F
Erilynn,F
Erim,Unisex
Erimias,M
Erimina,F
Erin,F
Erin-,F
Erin-Elizabeth,F
Erin-Grace,F
Erin-kate,F
Erin-Leigh,F
Erin-Lily,F
Erin-Louise,F
Erin-Lynn,F
Erin-Mae,F
Erin-Mai,F
Erin-maree,F
Erin-Marie,F
Erin-May,F
Erin-paige,F
Erin-Rae,F
Erin-Robyn,F
Erin-Rose,F
Erina,F
Erinayo,M
Erinc,F
Erind,M
Erindeep,F
Erine,Unisex
Erineo,M
Eriney,M
Erini,F
Erinique,F
Erinisha,F
ErinMargaret,F
Erinmarie,F
Erinn,F
Erinna,F
Erinne,F
Erinoluwa,M
Eriny,F
Erioluwa,Unisex
Erion,Unisex
Eriona,F
Eriond,M
Erionna,F
Erionne,F
Eriq,M
Eriqa,F
Eriqua,F
Erique,M
Eris,Unisex
Eris-siegrun,F
Erisa,F
Eriselda,F
Erisha,F
Erison,M
Eriss,F
Erissa,F
Erisson,M
Erith,F
Eritrea,F
Erivan,M
Eriver,M
Eriverto,M
Erivon,M
Erix,M
Eriyah,F
Eriyan,F
Eriyana,F
Eriyanna,F
Eriyon,Unisex
Eriyona,F
Eriyonna,F
Eriz,F
Erizjah,M
Erja,F
Erjan,M
Erjeta,F
Erjon,M
Erjona,F
Erka,F
Erkan,M
Erkin,M
Erkki,M
Erla,F
Erlan,M
Erland,M
Erle,M
Erlean,F
Erleen,F
Erlene,F
Erlghemmae,F
Erlin,M
Erlinda,F
Erline,F
Erling,M
Erlis,M
Erllin,M
Erlon,M
Erlson,M
Erlyne,F
Erlys,F
Erma,F
Ermaan,M
Ermadean,F
Ermadine,F
Ermagene,F
Ermajean,F
Ermal,Unisex
Ermalea,F
Ermalee,F
Ermalene,F
Ermalinda,F
Ermaline,F
Erman,M
Ermanno,M
Ermeena,F
Ermel,Unisex
Ermela,F
Ermelinda,F
Ermenegildo,M
Ermenia,F
Ermer,F
Ermia,F
Ermias,M
Ermidoulla,F
Ermie,F
Ermil,M
Ermila,F
Ermilo,M
Ermin,M
Ermina,F
Erminda,F
Ermine,Unisex
Erminia,F
Erminie,F
Erminio,M
Ermioni,F
Ermiony,F
Ermir,M
Ermira,F
Ermis,M
Ermma,F
Ermon,M
Ermond,M
Erna,F
Ernad,M
Ernal,M
Ernalynn,F
Ernan,M
Ernastina,F
Ernav,M
Ernel,M
Ernell,F
Erneo,M
Ernesha,F
Erneshia,F
Ernest,M
Ernest-Lee,M
Ernesta,F
Ernestas,M
Ernesteen,F
Ernestene,F
Ernestina,F
Ernestine,F
Ernestine-Glays,F
Ernesto,M
Ernestor,M
Ernests,M
Ernestyne,F
Ernetta,F
Ernette,F
Erney,M
Ernice,F
Ernie,M
Erniest,M
Ernik,M
Ernino,M
Ernis,M
Ernisha,F
Ernist,M
Ernistine,F
Ernita,F
Ernny,M
Erno,M
Erns,M
Ernst,M
Ernst-heinrich,M
Ernst-wilhelm,M
Ernstina,F
Ernstine,F
Erny,M
Ero,M
Eroia,F
Erol,M
Erolyn,F
Eromosele,M
Eron,Unisex
Erona,F
Eronda,F
Eroni,M
Erophey,M
Eros,M
Erowynn,F
Eroz,M
Erra,M
Errah,F
Erran,Unisex
Errek,M
Errel,M
Erren,M
Errett,M
Errez,M
Errfa,F
Erric,M
Errica,F
Errick,M
Erricka,F
Errico,M
Errielle,F
Errigal,F
Errik,M
Errika,F
Errin,Unisex
Errina,F
Errion,M
Erris,Unisex
Erriton,M
Errod,M
Errol,M
Errold,M
Erroll,M
Errolyn,F
Erron,M
Erroyl,M
Erryka,F
Erryn,F
Ersa,F
Ersan,M
Ersel,Unisex
Ersell,F
Erselle,F
Ershaad,M
Ershad,M
Ershel,M
Ershut,M
Ersidio,M
Ersie,F
Ersie-Anastasia,F
Ersilia,F
Erskin,M
Erskine,M
Erson,M
Ersula,F
Ertan,M
Erth,M
Ertha,F
Ertiana,F
Ertie,F
Ertis,Unisex
Ertugrul,M
Erubey,M
Erubiel,M
Eruera,M
Erum,F
Erun,M
Erva,F
Ervan,M
Ervasu,F
Erven,M
Ervena,F
Ervene,F
Ervey,M
Ervie,Unisex
Ervil,M
Erville,M
Ervin,M
Ervina,F
Ervinas,M
Ervine,M
Erving,M
Ervino,M
Ervins,M
Ervis,M
Ervy,M
Erwan,M
Erwin,M
Erwina,F
Erwyn,M
Ery,M
Eryan,F
Eryana,F
Eryane,F
Eryanna,F
Eryc,M
Eryca,F
Erycia,F
Eryck,M
Erycka,F
Eryk,M
Eryka,F
Erykah,F
Erykka,F
Eryl,Unisex
Erylis,F
Erylle,M
Eryn,F
Eryn-jaye,F
Eryn-Leigh,F
Eryna,F
Eryne,F
Erynh,F
Erynn,F
Erynne,F
Eryonna,F
Erys,F
Eryss,F
Eryung,F
Eryx,M
Eryxana,F
Erza,Unisex
Erzabet,F
Erzebet,F
Erzsebet,F
Esa,M
Esaa,M
Esaah,M
Esabel,F
Esabella,F
Esabelle,F
Esac,M
Esad,M
Esaf,M
Esah,M
Esai,M
Esaiah,M
Esaias,M
Esaie,M
Esain,M
Esalm,M
Esam,M
Esamae,F
Esammuel,M
Esan,M
Esat,M
Esau,M
Esaul,M
Esaum,M
Esaw,M
Esbeidi,F
Esbeidy,F
Esben,M
Esbeydi,F
Esbeydy,F
Escar,M
Escarlet,F
Escarleth,F
Escarlett,F
Escary-franco,M
Eschelle,F
Escher,M
Eschol,M
Esco,M
Escolastica,F
Esdras,M
Ese,F
Esean,M
Esecs,M
Esed,M
Eseeri,F
Esekiel,M
Eseld,F
Esen,F
Esenam,M
Esengul,F
Esenia,F
Esenz,F
Eseoghene,Unisex
Eseohe,F
Eseosa,Unisex
Eseose,F
Esequiel,M
Eser,M
Eserom,M
Eseta,F
Esey,M
Eseza,M
Esfahan,F
Esgar,M
Esgardo,M
Esh,F
Esha,F
Esha-Christine,F
Eshaa,F
Eshaad,M
Eshaal,F
Eshaan,M
Eshab,M
Eshae,M
Eshah,F
Eshal,F
Eshall,F
Eshan,M
Eshana,F
Eshani,F
Eshanna,F
Eshant,M
Eshanth,M
Eshanti,F
Eshaq,F
Eshar,F
Eshat,F
Eshaun,M
Eshawn,M
Eshawna,F
Eshay,M
Eshe,F
Eshed,M
Esheeka,F
Eshel,F
Eshell,F
Eshemogie,M
Esher,Unisex
Eshieza,F
Eshika,F
Eshin,M
Eshiqa,F
Eshita,F
Eshleen,F
Eshmeet,F
Eshminder,F
Eshnaa,F
Eshneet,F
Eshon,M
Eshreet,F
Eshroop,F
Eshter,F
Eshton,M
Eshveer,Unisex
Eshwar,M
Esi,F
Esiah,M
Esias,M
Esila,F
Esim,M
Esin,F
Esinam,F
Esiquiel,M
Esiquio,M
Esir,F
Esix,M
Eskander,M
Eskel,M
Eskender,M
Esker,M
Eskil,M
Eskild,M
Esko,M
Eskye,F
Esla,F
Eslaam,F
Eslam,Unisex
Eslanda,F
Eslem,F
Esley,M
Esli,Unisex
Eslie,Unisex
Eslin,F
Esly,F
Eslyn,F
Esma,F
Esma-eel,M
Esmaa,F
Esmae,F
Esmae-Grace,F
Esmae-Rose,F
Esmaeel,M
Esmael,M
Esmai,F
Esmai-Rose,F
Esmail,M
Esmaile,M
Esmanur,F
Esmaralda,F
Esmarie,F
Esmay,F
Esme,F
Esme-Jade,F
Esme-Marie,F
Esme-Rose,F
Esmee,F
Esmee-Rose,F
Esmer,F
Esmerai,F
Esmeraida,F
Esmerald,F
Esmeralda,F
Esmeraldo,F
Esmeray,F
Esmerelda,F
Esmerie,F
Esmerlda,F
Esmey,F
Esmi,F
Esmia,F
Esmie,F
Esmina,F
Esmir,M
Esmirna,F
Esmond,M
EsmT,F
EsmTe,F
Esnaider,M
Esneider,M
Esneyder,M
Esodia,F
Esohe,F
Esom,M
Esomchi,M
Esosa,Unisex
Espana,M
Espanola,F
Esparanza,F
Espedito,M
Espen,M
Espenn,M
Esper,Unisex
Esperance,F
Esperansa,F
Esperanza,F
Espie,Unisex
Espin,M
Espiridion,M
Espn,M
Espoir,M
Espranzo,M
Esprit,F
Espy,M
Espyn,Unisex
Esque,M
Esquiel,M
Esquire,M
Esra,F
Esraa,F
Esrael,M
Esrah,F
Esref,M
Esrom,M
Esrome,M
Essa,Unisex
Essabella,F
Essaf,M
Essah,M
Essam,M
Essan,M
Essance,F
Essaw,M
Essay,M
Esse,F
Essek,M
Essema,M
Essen,M
Essena,F
Essence,F
Essense,F
Essentra-Lyn,F
Essex,M
Essey,M
Essfa,F
Essha,F
Essi,Unisex
Essiah,M
Essica,F
Essie,F
Essiemae,F
Essien,M
Essime,F
Essined,F
Essio,M
Essix,M
Essiyah,F
Esslam,F
Essmaa,F
Essraa,F
Essrah,F
Essya,F
Essye,F
Essynce,F
Esta,F
Estaban,M
Estabraq,F
Estacia,F
Estafani,F
Estafania,F
Estah,F
Estal,M
Estalee,F
Estaleen,F
Estalene,F
Estaline,F
Estanislada,F
Estanislado,M
Estanislao,M
Estar,F
Estarlin,M
Estathia,F
Estavan,M
Estavon,M
Esteban,M
Estecia,F
Estee,F
Esteen,F
Estefan,M
Estefana,F
Estefani,F
Estefania,F
Estefanie,F
Estefanita,F
Estefanny,F
Estefano,M
Estefanos,M
Estefanous,M
Estefany,F
Estefanya,F
Esteffany,F
Estefhany,F
Estel,Unisex
Estela,F
Estele,F
Estelee,F
Estelene,F
Esteline,F
Estelita,F
Estell,Unisex
Estella,F
Estellar,F
Estelle,F
Estellene,F
Esteller,F
Estelline,F
Estellise,F
Esten,M
Estephan,M
Estephani,F
Estephania,F
Estephanie,F
Estephanus,M
Estephany,F
Estephen,M
Ester,F
Ester-albina,F
Ester-ruth,F
Estera,F
Estere,F
Esterina,F
Esterina-caterina,F
Esterine,F
Esterlene,F
Esterlina,F
Esterline,F
Estes,M
Estevan,M
Esteve,M
Esteven,M
Estevon,M
Esteysi,F
Estha,F
Esthefani,F
Esthefania,F
Esthefany,F
Esthel,F
Esthela,F
Esther,F
Esther-Eugenia,F
Esther-Faith,F
Esther-Joy,F
Esther-Kyoung,F
Esther-lena,F
Esther-lerose,F
Esther-Mae,F
Esther-Marie,F
Esther-Salang,F
Esther-Yeheun,F
Esthera,F
Estheranne,F
Estherlene,F
Esthermae,F
Esti,F
Estia,M
Estibaliz,F
Estiben,M
Estie,F
Estil,M
Estileda,F
Estill,M
Estilla,F
Estillese,F
Estin,M
Estina,F
Estine,F
Estis,M
Estivalis,F
Estiven,M
Estle,Unisex
Estol,M
Eston,M
Estoria,F
Estra,F
Estrada,M
Estralita,F
Estrelita,F
Estrella,F
Estrellita,F
Estreya,F
Estrie,M
EstT-Rose,F
EstTe,F
EstTvan,M
Estuardo,M
Estus,M
Estvan,M
Esty,F
Estyn,M
Esu,F
Esugen,F
Esveidy,F
Esven,M
Esvin,M
Eswin,M
Esyllt,F
Esza,F
Eszrae,F
Eszter,F
Eta,F
Eta-Oko,F
Etaash,M
Etab,F
Etabez,F
Etai,M
Etain,F
Etalo,M
Etan,M
Etana,F
Etanas,M
Etanda,F
Etanna,F
Etash,M
Etasha,F
Etay,M
Etdal,F
Etebom,M
Etelka,F
Etelvina,F
Etem,M
Etenia,F
Eternal,M
Eterniti,F
Eternity,F
Etha,F
Ethaen,M
Ethai,M
Ethain,M
Ethal,F
Ethalia,F
Etham,M
Ethan,M
Ethan-Alexander,M
Ethan-Allan,M
Ethan-Cain,M
Ethan-Jack,M
Ethan-James,M
Ethan-Jay,M
Ethan-John,M
Ethan-Kota,M
Ethan-Lee,M
Ethan-leigh,M
Ethan-Lucas,M
Ethan-Michael,M
Ethan-Quan,M
Ethan-Richard,M
Ethan-Ronan,M
Ethanael,M
Ethanalexander,M
Ethanandrew,M
Ethane,M
Ethaneal,M
Ethangabriel,M
Ethanial,M
Ethanie,F
Ethaniel,M
Ethanjacob,M
Ethanjames,M
Ethanjay,M
Ethanjohn,M
Ethanjoseph,M
Ethanmatthew,M
Ethanmichael,M
Ethann,M
Ethanpal,M
Ethanpaul,M
Ethanual,M
Ethany,F
Ethanyal,M
Ethean,M
Etheen,M
Ethel,F
Ethelann,F
Ethelbert,M
Ethelda,F
Etheldra,F
Etheldreda,F
Ethele,F
Ethelean,F
Etheleanor,F
Ethelee,F
Etheleen,F
Ethelen,F
Ethelene,F
Ethelger,M
Ethelind,F
Ethelinda,F
Etheline,F
Ethell,F
Ethelle,F
Ethellee,F
Ethelmae,F
Ethelmay,F
Ethelreda,F
Ethelrene,F
Ethelrine,F
Ethelwyn,F
Ethelyn,F
Ethelyne,F
Ethelynn,F
Ethelynne,F
Ethem,M
Ethen,M
Ethena,F
Ether,F
Etheridge,M
Etherine,F
Ethian,M
Ethie,F
Ethigash,M
Ethil,F
Ethin,M
Ethinia,F
Ethleen,F
Ethlyn,F
Ethmadalage,F
Ethna,F
Ethne,F
Ethney,F
Ethni,F
Ethny,F
Etholle,F
Ethon,M
Ethos,M
Ethoxia,F
Ethra,F
Ethredge,M
Ethridge,M
Ethulla,F
Ethyl,F
Ethyle,F
Ethyleen,F
Ethylene,F
Ethyn,M
Ethynn,M
Etian,M
Etianna,F
Etianne,F
Etien,M
Etiene,M
Etienna,F
Etienne,M
Etin-Osa,M
Etinder,F
Etinosa,Unisex
Etiosa,F
Etisia,F
Etka,M
Etna,F
Etnee,Unisex
Etney,M
Etnie,F
Etoile,F
Etola,F
Etolia,F
Eton,M
Etonya,F
Etornam,M
Etoro,M
Etoro-Abasi,F
Etosha,F
Etoshia,F
Etoy,F
Etoya,F
Etoyi,M
Etoyle,F
Etrulia,F
Etse,F
Etsel,M
Etsub,F
Etsuko,F
Etsuo,M
Etta,F
Etta-hope,F
Etta-Mae,F
Ettab,F
Ettalyn,F
Ettamae,F
Ettel,F
Etter,F
Etterino,M
Etthen,M
Ettian,M
Ettie,F
Ettiene,M
Ettienne,Unisex
Ettore,M
Etty,F
Etzia,F
Etzio,M
Eu-jin,M
Eua,F
Euab,M
Euagelos,M
Euaggellia,F
Eual,M
Euale,M
Euan,M
Euart,M
Euba,F
Eubert,M
Euby,M
Euclid,M
Euclide,M
Euclides,M
Euda,F
Eudean,F
Eudelia,F
Eudell,Unisex
Eudella,F
Eudena,F
Eudene,F
Eudice,F
Eudine,F
Eudokia,F
Eudon,M
Eudora,F
Eudoxia,F
Eudy,M
Euel,M
Euela,F
Euell,M
Euella,F
Euen,M
Euestace,M
Eufamia,F
Eufaula,F
Eufelia,F
Eufemia,F
Eufemio,M
Eufracia,F
Eufracio,M
Eufrancia,F
Eufrasia,F
Eufre,M
Eugean,M
Eugen,M
Eugena,F
Eugene,M
Eugene-dennis,M
Eugene-Emanuel,M
Eugenea,F
Eugeneca,F
Eugeneij,M
Eugenia,F
Eugenia-antonia,F
Eugenia-Marisol,F
Eugenie,F
Eugeniel,M
Eugenio,M
Eugenius,M
Eugeniusz,M
Eugie,F
Eugienia,F
Eugina,F
Eugine,M
Eugini,F
Euginia,F
Eugne,M
Eugonda,F
Euguene,M
Euguina,F
Eugune,M
Eui-jin,M
Euin,M
Eujin,F
Eula,F
Eulah,F
Eulala,F
Eulalah,F
Eulalee,F
Eulalia,F
Eulalie,F
Eulalio,M
Eulamae,F
Eulan,M
Eulanda,F
Eulane,F
Eular,F
Eulas,M
Eulean,F
Eulee,F
Euleena,F
Eulema,F
Eulene,F
Eules,M
Euless,M
Euleta,F
Eulia,F
Euliania,F
Eulice,M
Eulices,M
Eulie,M
Eulina,F
Eulinda,F
Euline,F
Eulinia,F
Eulis,M
Eulises,M
Eulla,F
Eulleya,F
Eullo,M
Eulogia,F
Eulogio,M
Eulojia,F
Eulojio,M
Eulon,M
Eulonda,F
Eulos,M
Eulus,M
Eulys,M
Eumeka,F
Eumene,M
Eumhei,F
Eun,F
Euna,F
Eunetta,F
Eunia,F
Eunice,F
Eunie,F
Euniec,F
Euniece,F
Eunika,F
Euniqua,F
Eunique,F
Eunise,F
Eunita,F
Eunji,F
Eunjin,F
Eunjiroh,M
Eunsung,M
Eunwoo,M
Eunyu,F
Euodia,F
Eupha,F
Euphemia,F
Euphemie,F
Euphie,F
Euphoria,F
Euphpenia,F
Euple,F
Euplio,M
Eura,F
Euradell,F
Eural,M
Eurania,F
Eurasia,F
Euredeke,F
Euree,F
Eureeka,F
Eureka,F
Eurel,M
Eurelia,F
Euretha,F
Euretta,F
Euri,M
Euriah,M
Eurica,F
Euricka,F
Euridiki,F
Eurie,Unisex
Euriel,M
Eurielle-Nicole,F
Eurijah,M
Eurika,F
Euris,M
Eurith,F
Eurma,F
Euron,M
Europi,F
Euros,M
Eury,M
Eury-jane,F
Eurydice,F
Eusco,M
Eusebia,F
Eusebio,M
Eusebius,M
Eusevia,F
Eusevio,M
Eustace,M
Eustacia,F
Eustacio,M
Eustadia,F
Eustaquio,M
Eustathia,F
Eustathios,M
Eustice,M
Eustis,M
Eustolia,F
Eustolio,M
Euston,M
Eustratia,F
Eustratio,M
Eustratios,M
Eutene,M
Eutha,F
Euthalia,F
Euthemia,F
Euthimia,F
Euthymius,M
Eutihia,F
Eutimia,F
Eutimio,M
Eutiquio,M
Eutycus,M
Euva,F
Euwen,M
Euwin,M
Euzelia,F
Euzelro-feljko,M
Euzziah,M
Ev,F
Eva,F
Eva'rose,F
Eva-Alexandra,F
Eva-Belle,F
Eva-deane,F
Eva-Deann,F
Eva-Esther,F
Eva-Grace,F
Eva-helene,F
Eva-Jane,F
Eva-Jean,F
Eva-Jo,F
Eva-Lee,F
Eva-Leigh,F
Eva-Lily,F
Eva-Louise,F
Eva-lyn,F
Eva-Lynn,F
Eva-Mae,F
Eva-Mai,F
Eva-Maria,F
Eva-Marie,F
Eva-mariea,F
Eva-May,F
Eva-Rae,F
Eva-Rose,F
Eva-Sade,F
Eva-Sophia,F
Evaan,M
Evabelle,F
Evada,F
Evadean,F
Evadell,F
Evadene,F
Evadine,F
Evadna,F
Evadne,F
Evaeh,F
Evageli,M
Evagelia,F
Evagelitsa,F
Evagellia,F
Evagelos,M
Evagene,F
Evaggelia,F
Evaggelia-angela,F
Evaggelos,M
Evah,F
Evahn,M
Evaine,F
Evajane,F
Evajean,F
Evajo,F
Evalance,F
Evalani,F
Evald,M
Evaldo,M
Evalea,F
Evalean,F
Evalee,F
Evaleen,F
Evaleena,F
Evalei,F
Evaleigh,F
Evalen,F
Evalena,F
Evalene,F
Evalet,F
Evalett,F
Evalette,F
Evaley,F
Evaleya,F
Evalia,F
Evalie,F
Evalien,F
Evalin,F
Evalina,F
Evalinda,F
Evaline,F
Evalisa,F
Evalise,F
Evalisse,F
Evaliz,F
Evallie,F
Evalou,F
Evaluna,F
Evaly,F
Evalyn,F
Evalyna,F
Evalynda,F
Evalyne,F
Evalyne-grace,F
Evalynn,F
Evalynne,F
Evalyse,F
Evamae,F
Evamaria,F
Evamarie,F
Evame,M
Evan,M
Evan-kristian,M
Evan-Lee,M
Evan-Mac,M
Evan-Nicolai,M
Evana,F
Evana-mia,F
Evana-Rain,F
Evanah,F
Evanas,M
Evanda,F
Evander,M
Evandor,M
Evandra,F
Evandre,M
Evane,F
Evanee,F
Evanell,F
Evanelle,F
Evaney,F
Evangalene,F
Evangalia,F
Evangalina,F
Evangaline,F
Evangel,M
Evangela,F
Evangelaine,F
Evangeleah,F
Evangeleen,F
Evangelena,F
Evangelene,F
Evangelia,F
Evangelian,F
Evangelin,F
Evangelina,F
Evangeline,F
Evangeline-Sophia,F
Evangelise,F
Evangelita,F
Evangelo,M
Evangelos,M
Evangely,F
Evangelyn,F
Evangelyne,F
Evangelynn,F
Evangelynne,F
Evanggelos,M
Evangline,F
EvangTline,F
Evangun,M
Evani,F
Evania,F
Evanicca,F
Evanice,F
Evanie,F
Evanjames,M
Evanjelina,F
Evanka,F
Evann,Unisex
Evanna,F
Evannah,F
Evanne,F
Evanni,F
Evannia,F
Evannie,F
Evannlee,F
Evanny,F
Evannye,F
Evano,M
Evanora,F
Evans,M
Evanston,M
Evante,M
Evanthe,F
Evanthea,F
Evanthi,F
Evanthia,F
Evanti,F
Evantia,F
Evany,F
Evanya,F
Evanyelin,F
Evaprecia,F
Evar,M
Evaraj,M
Evard,M
Evarista,F
Evaristo,M
Evarlyn,F
Evarn,M
Evarose,F
Evarret,M
Evart,M
Evaryn,F
Evasha,F
Evasia,F
Evatta,F
Evaughn,F
Evay,M
Evaya,F
Evayah,F
Evbokia,F
Evdakim,M
Evdenia,F
Evdokaya,F
Evdokea,F
Evdokeya,F
Evdokia,F
Evdokia-Sia,F
Evdoksia,F
Evdoxia,F
Evdoxiadis,M
Eve,F
Eve-Angelyne,F
Eve-Lynn,F
Eve-lynne,F
Eve-maree,F
Eve-marie,F
Eve-Sarai,F
Eve-sorrelle,F
Evea,F
Eveada,F
Eveah,F
Eveana,F
Eveangelina,F
Eveangeline,F
Eveania,F
Eveanlee,F
Eveanna,F
Eveda,F
Evee,F
Evehr,F
Evei,F
Eveia,F
Eveie,F
Evel,M
Evelean,F
Evelee,F
Eveleen,F
Eveleena,F
Eveleigh,F
Evelen,F
Evelena,F
Evelene,F
Evelet,F
Evelett,F
Evelette,F
Evelfna,F
Eveli,F
Evelia,F
Evelie,F
Evelien,F
Eveliena,F
Eveliina,F
Evelin,F
Evelina,F
Evelinda,F
Eveline,F
Evelinn,F
Evelino,F
Evelio,M
Evelis,F
Evelise,F
Evelisse,F
Evelit,F
Eveliz,F
Evell,M
Evella,F
Evellyn,F
Evely,F
Evelyn,F
Evelyn-Andrea,F
Evelyn-Grace,F
Evelyn-Joanne,F
Evelyn-Leigh,F
Evelyn-Lou,F
Evelyn-May,F
Evelyn-Rose,F
Evelyna,F
Evelyne,F
Evelynn,F
Evelynn-Rose,F
Evelynne,F
Evelynrose,F
Evelyon,F
Evelyse,F
Evemarie,F
Even,M
Evencia,F
Eveneve,F
Evenie,F
Evening,F
Evennah-grace,F
Evenni,F
Evennie,F
Evenny,F
Evenor,M
Evens,M
Eveny,F
Ever,Unisex
Ever-ray,F
Evera,F
Everado,M
Everal,Unisex
Everan,Unisex
Everard,M
Everardo,M
Everdeen,F
Everdina,F
Evere,M
Evered,M
Everee,F
Everen,M
Everest,M
Everet,M
Everett,M
Everetta,F
Everette,M
Evergreen,F
Everhard,M
Everhardus,M
Everhett,M
Everick,M
Everik,M
Everil,F
Everist,M
Everisto,M
Everitt,M
Everlea,F
Everlean,F
Everleaner,F
Everlee,F
Everleen,F
Everlei,F
Everleigh,F
Everlena,F
Everlene,F
Everlener,F
Everley,F
Everley-Jean,F
Everli,F
Everlie,F
Everlin,F
Everlina,F
Everline,F
Everly,F
Everly-Rae,F
Everly-Rose,F
Everly-ruby,F
Everlyn,F
Everlynn,F
Everlyse,F
Evern,Unisex
Everrett,M
Everrette,M
Everson,M
Everstan,M
Eversyn,F
Evert,M
Everth,M
Evertina,F
Everton,M
Everton-Avry,M
Evertt,M
Evertte,M
Every,Unisex
Everyn,F
Everynne,F
Evessa,F
Evester,M
Evet,F
Evett,F
Evetta,F
Evette,F
Evey,F
Eveyln,F
Evfrasia,F
Evgenia,F
Evgenya,F
Evhan,F
Evhen,M
Evi,F
Evia,F
Eviah,F
Eviahna-trinity,F
Evian,Unisex
Eviana,F
Evianna,F
Evianne,F
Evica,F
Evie,F
Evie-,F
Evie-Alice,F
Evie-Ann,F
Evie-Anne,F
Evie-Belle,F
Evie-Faith,F
Evie-Gale,F
Evie-Grace,F
Evie-Jai,F
Evie-Jane,F
Evie-Jayne,F
Evie-Jean,F
Evie-Jo,F
Evie-Lea,F
Evie-Lee,F
Evie-Leigh,F
Evie-Lilly,F
Evie-Lou,F
Evie-Louise,F
Evie-Mae,F
Evie-Mai,F
Evie-Maria,F
Evie-Marie,F
Evie-May,F
Evie-maye,F
Evie-Rae,F
Evie-ray,F
Evie-Rose,F
Evie-Sue,F
Eviee,F
Evienne,F
Eviette,F
Eviie,F
Eviiyah,F
Evija,F
Evijot,M
Evila,F
Evilin,F
Evilo,F
Evilyn,F
Evilynn,F
Evin,Unisex
Evina,F
Evinh,M
Evinlee,F
Evinn,M
Evins,M
Eviny,F
Evion,M
Evionna,F
Evissa,F
Evita,F
Evjenia,F
Evlabia,F
Evlalia,F
Evlambia,F
Evleen,F
Evleyn,F
Evlien,F
Evlin,F
Evline,F
Evlyn,F
Evlynn,F
Evmorfia,F
Evnika,F
Evniki,F
Evo,M
Evodia-emilia,F
Evodie,F
Evodio,M
Evol,F
Evola,F
Evoleht,F
Evolet,F
Evoleth,F
Evolett,F
Evolette,F
Evollet,F
Evolot,F
Evon,Unisex
Evona,F
Evonda,F
Evone,F
Evoni,F
Evonia,F
Evonie,F
Evonn,F
Evonna,F
Evonne,F
Evonnie,F
Evonny,F
Evontae,M
Evonte,M
Evony,F
Evora,F
Evorn,F
Evra,F
Evraj,M
Evran,M
Evren,M
Evrepedy,M
Evrest,M
Evret,M
Evrett,M
Evrhett,M
Evrhetton,M
Evriclia,F
Evridiki,F
Evrin,M
Evrithiki,F
Evron,M
Evronia,F
Evrymedeia,F
Evsevey,M
Evsevy,M
Evstratios,M
Evthimios,M
Evthokia,F
Evthoxia,F
Evtichia,F
Evtropia,F
Evun,M
Evva,F
Evve,F
Evvia,F
Evvie,F
Evvy,F
Evy,F
Evyaan,M
Evyan,F
Evyana,F
Evyann,F
Evyanna,F
Evye,F
Evyenia,F
Evyenia-ioanna,F
Evylen,F
Evylene,F
Evylin,F
Evylyn,F
Evyn,Unisex
Evynn,F
Evynne,F
Evyonne,F
Evyr,F
Evyrlee,F
Ewa,F
Ewa-Kalinka,F
Ewald,M
Ewaldine,F
Ewalt,M
Ewan,M
Ewanda,F
Ewanne,F
Ewaoluwa,F
Eward,M
Ewart,M
Ewel,M
Ewela,F
Ewelin,F
Ewelina,F
Ewell,M
Ewen,M
Ewen-wallis,M
Ewere,M
Ewert,M
Ewhen,M
Ewhenius,M
Ewhon,M
Ewin,M
Ewing,M
Ewomazino,F
Ewuak,M
Ewura,F
Ewuraabena,F
Ewyn,M
Exa,F
Exael,M
Exakousti,F
Exander,M
Exandra,F
Exar,M
Exauce,M
Exaucee,F
Exavian,M
Exavier,M
Exavion,M
Exavior,M
Excel,Unisex
Excell,M
Excellent,M
Excenia,F
Excevia,M
Exchiela,F
Exel,M
Exell,M
Exequiel,M
Exer,F
Exia,F
Exie,F
Exilda,F
Exildah-Maria-Bupe,F
Exiquio,M
Exley,M
Exodis,M
Exodus,Unisex
Experience,F
Exton,M
Exum,M
Exyn,M
Exzander,M
Exzavier,M
Exzavion,M
Exzavior,M
Exzhia,M
Ey,M
Eya,F
Eyaana,F
Eyaas,M
Eyad,M
Eyakov,M
Eyal,M
Eyan,M
Eyana,F
Eyani,F
Eyankaga,M
Eyanna,F
Eyas,M
Eyasu,M
Eyce,M
Eydan,M
Eydel,M
Eyden,M
Eydi,F
Eydie,F
Eydis,F
Eydoxia,F
Eydrian,M
Eyelen,F
Eyen,M
Eyerus,F
Eyesha,F
Eygenia,F
Eygpt,F
Eyhab,M
Eyian,M
Eyilayomi,F
Eyitade,M
Eyitayo,M
Eyla,F
Eylah,F
Eylam,M
Eylan,M
Eylar,M
Eylee,F
Eyleen,F
Eylem,F
Eylie,F
Eylin,F
Eylish,F
Eylisha,F
Eylsia,F
Eylul,F
Eyman,M
Eymen,M
Eymeric,M
Eymi,F
Eymy,F
Eynas,F
Eyoal,M
Eyoas,M
Eyob,M
Eyobe,M
Eyobed,M
Eyobel,M
Eyobell,M
Eyoel,M
Eyon,M
Eyona,F
Eyonna,F
Eyosias,M
Eyosiyas,M
Eyosyas,M
Eyota,F
Eyra,F
Eyrael,F
Eyrah,F
Eyrah-Lee,F
Eyrak,M
Eyram,Unisex
Eyram-Sophie,F
Eyre,M
Eyreland,F
Eyren,F
Eyrica,F
Eyriclia,F
Eyril,M
Eyrim,M
Eyrin,F
Eyrk,M
Eysa,M
Eysan,F
Eysha,F
Eysic,M
Eystratia,F
Eystratios,M
Eysugen,F
Eytan,M
Eythan,M
Eythel,F
Eythen,M
Eythor,M
Eythyn,M
Eytyhia,F
Eyub,M
Eyuel,M
Eyuiael,M
Eyup,M
Eyva,F
Eyvan,M
Eyvette,F
Eyvhan,M
Eyvin,M
Eyvind,M
Eyvone,F
Eyvonne,F
Eyyub,M
Eyzaah,M
Eyzek,M
Eyzell,M
Ez'ra,F
Eza,F
Ezaan,M
Ezaawa,F
Ezabel,F
Ezabella,F
Ezabelle,F
Ezadin,M
Ezael,M
Ezaiah,M
Ezal,M
Ezan,M
Ezana,M
Ezar,M
Ezara,F
Ezaray,M
Ezaria,F
Ezariah,Unisex
Ezariyah,F
Ezavier,M
Ezayah,M
Eze,M
Ezeako,M
Ezebell,F
Ezechiel,M
Ezechyel,M
Ezeiel,M
Ezeikiel,M
Ezekeal,M
Ezekeial,M
Ezekeil,M
Ezekhial,M
Ezekiah,M
Ezekial,M
Ezekias,M
Ezekiel,M
Ezekiel-James,M
Ezekielle,F
Ezekio,M
Ezekyel,M
Ezel,M
Ezell,Unisex
Ezella,F
Ezelle,Unisex
Ezequel,M
Ezequias,M
Ezequiel,M
Ezequil,M
Ezer,M
Ezera,M
Ezeriah,M
Ezgi,F
Ezgiharia,F
Eziafa,F
Eziah,M
Ezias,M
Ezibai,M
Eziekael,M
Eziel,M
Eziije,F
Ezikiel,M
Ezinne,F
Ezio,M
Ezioma,F
Ezion,M
Eziquel,M
Eziquiel,M
Eziquio,M
Eziya,F
Eziyah,F
Ezkiel,M
Ezlynn,F
Ezma,F
Ezmae,F
Ezmae-Rose,F
Ezmai,F
Ezmariah,F
Ezmarie,F
Ezmay,F
Ezme,F
Ezmea,F
Ezmee,F
Ezmeralda,F
Ezmerelda,F
Ezmie,F
Ezmira,F
Ezo,F
Ezola,F
Ezora,F
Ezoza,F
Ezperanza,F
Ezquiel,M
Ezr,M
Ezra,M
Ezra-beau,M
Ezrae,Unisex
Ezrael,M
Ezraela,F
Ezraeus,M
Ezrah,Unisex
Ezray,M
Ezreal,M
Ezren,M
Ezri,Unisex
Ezriah,M
Ezrick,M
Ezrie,F
Ezriel,M
Ezriela,F
Ezriella,F
Ezrin,F
Ezry,F
Ezryn,M
EzTchiel,M
Eztli,F
Ezyaan,M
Ezykiel,M
Ezza,F
Ezzah,F
Ezzal,M
Ezzard,M
Ezzekielle,M
Ezzidean,M
Ezzie,Unisex