F,M
F'Niko,M
Fa-Linn,F
Faa'Izah,F
Faaiz,M
Faaiza,F
Faaizah,F
Faakhir,M
Faakhra,F
Faaliha,F
Faalii,M
Faaran,M
Faaria,F
Faariha,F
Faaris,M
Faarron,M
Faatema,F
Faatima,F
Faatima-Zahra,F
Faatimah,F
Faatimazahra,F
Faaz,M
Faazia,F
Faaziah,F
Faazil,M
Fabain,M
Fabbian,M
Fabbiha,F
Fabbio,M
Fabeha,F
Fabeian,M
Faber,M
Fabia,F
Fabian,M
Fabiana,F
Fabiane,M
Fabiann,F
Fabianna,F
Fabianne,F
Fabiano,M
Fabien,M
Fabiene,F
Fabienne,F
Fabiha,F
Fabin,M
Fabio,M
Fabiola,F
Fabiola-alexandra,F
Fabion,M
Fabius,M
Fabiyan,M
Fable,F
Fabliha,F
Fabriana,F
Fabrice,M
Fabricio,M
Fabrienne,F
Fabrisio,M
Fabrizia,F
Fabrizio,M
Fabrizio-Luca-Giovanni,M
Fabrizzio,M
Faby,F
Fabyan,M
Fachon,F
Facundo,M
Fada,F
Fadak,F
Faday,M
Faddei,M
Faddy,M
Fadeelah,F
Fadekemi,F
Fadel,M
Fadelisz,M
Faden,M
Fadey,M
FadFrera,F
Fadhel,M
Fadhil,M
Fadhila,F
Fadhilah,F
Fadhl,M
Fadhye,M
Fadi,M
Fadi-johns,M
Fadia,F
Fadie,M
Fadil,M
Fadila,F
Fadilah,F
Fadima,F
Fadime,F
Fadl,M
Fadlullah,M
Fadol,M
Fadra,F
Fadull,M
Faduma,F
Fadumo,F
Fadwa,F
Fady,M
Fadya,F
Fadya-fay,F
Fadzai,F
Fae,F
Fae-Lynn,F
Fae-Lynne,F
Faeben,F
Faedra,F
Faedre,F
Faeeza,F
Faelan,Unisex
Faelena,F
Faelie,F
Faella,F
Faelyn,F
Faelynn,F
Faena,F
Faeriel,F
Faerlie,F
Faern,M
Faeryn,F
Faesa,F
Faesal,M
Faethe,F
Faez,M
Faeza,F
Faezah,F
Faezeh,F
Fafa,F
Fahad,M
Fahd,M
Fahed,M
Faheem,M
Faheema,F
Faheemah,F
Fahema,F
Fahid,M
Fahim,M
Fahima,F
Fahimah,F
Fahimul,M
Fahiza,F
Fahlon,F
Fahm,F
Fahmeda,F
Fahmeya,F
Fahmi,M
Fahmib,M
Fahmid,M
Fahmida,F
Fahmidah,F
Fahmina,F
Fahmo,F
Fahn,F
Fahreen,F
Fahren,Unisex
Fahri,M
Fahrin,F
Fahrine,F
Fahryn,F
Fahtima,F
Fai,F
Faibian,M
Faidra,F
Faience,F
Faiez,M
Faieza,F
Faiga,F
Faige,F
Faigy,F
Faiha,F
Faik,M
Failee,F
Faima,F
Fain,M
Faina,F
Fainne,F
Faiq,M
Faiqa,F
Fair,Unisex
Faira,F
Fairah,F
Fairbanks,M
Fairen,F
Fairie,F
Fairlee-faith,F
Fairley,M
Fairlie,F
Fairlight,F
Fairly,F
Fairlyn,F
Fairouz,F
Fairrah,F
Fairuz,F
Fairy,F
Fairyn,F
Faisa,F
Faisal,M
Faisel,M
Faison,M
Faite,F
Faitemah,F
Faith,F
Faith-Addison,F
Faith-Alexis,F
Faith-Ann,F
Faith-Anne,F
Faith-Kquannetta,F
Faith-Lindsay,F
Faith-Louise,F
Faith-Lynn,F
Faith-Lynne,F
Faith-Marie,F
Faith-michelle,F
Faith-nicole,F
Faith-Rose,F
Faithalyn,F
Faithann,F
Faithanne,F
Faithe,F
Faithful,F
Faithfull,F
Faithia,F
Faithlie,F
Faithlyn,F
Faithlynn,F
Faithmarie,F
Faiyaad,M
Faiyaz,M
Faiyth,F
Faiz,M
Faiz-Ali,M
Faiz-ul-haq,M
Faiz-Ur-Rahman,M
Faiza,F
Faiza-Asifjah,F
Faizaan,M
Faizah,F
Faizal,M
Faizalikhan,M
Faizan,M
Faize,M
Faizel,M
Faizon,M
Faizullah,M
Faizyan,M
Faizzan,M
Fajar,F
Fajer,F
Fajir,F
Fajr,F
Fajran,F
Fakar,M
Fakhar,M
Fakhir,M
Fala,F
Falak,F
Falak-Afza,F
Falan,F
Falana,F
Falanda,F
Falando,M
Falangike,M
Falanne,F
Falaq,F
Falara,F
Falastin,F
Falba,F
Falco,M
Falcon,M
Falecia,F
Faleen,F
Falefitu,M
Faleisha,F
Falen,F
Falena,F
Falencia,F
Falene,F
Falesha,F
Faleshia,F
Falhado,F
Falhan,F
Falicety,F
Falicia,F
Falicity,F
Falie,F
Falien,M
Faliero,M
Falih,M
Faliha,F
Falin,F
Falina,F
Faline,F
Falisa,F
Falisha,F
Falishia,F
Falk,M
Falken,M
Falkon,M
Fallaine,F
Fallan,F
Fallen,F
Fallenn,F
Fallie,F
Fallin,F
Fallon,F
Fallou,M
Fallyn,F
Fallyne,F
Fallynn,F
Falmatu,F
Falon,F
Falona,F
Falonda,F
Falone,F
Falun,F
Falx,M
Falyn,F
Falyna,F
Falyne,F
Falynn,F
Falynne,F
Falysha,F
Fama,F
Famany,F
Fame,F
Famida,F
Famida-Natasha,F
Famie,F
Famina,F
Famira,F
Famke,F
Famous,M
Famuel,M
Fan,Unisex
Fana,F
Fanai,F
Fanchon,F
Fanci,F
Fancie,F
Fancy,F
Fancy-Rae,F
Fandui,M
Fane,M
Fanee,F
Faneisha,F
Fanella,F
Fanen,M
Fanessa,F
Fanet,F
Fang,M
Fangning,F
Fangyi,F
Fangzhu,F
Fani,F
Fania,F
Fanial,M
Fanie,F
Faniel,M
Fanio,F
Fanisha,F
Fanita,F
Fank,M
Fanna,F
Fannah,F
Fannette,F
Fanni,F
Fannie,F
Fanniemae,F
Fanny,F
Fannye,F
Fanon,M
Fanoula,F
Fanoula-helen,F
Fanouloa,F
Fanourios,M
Fanta,F
Fantaisa,F
Fantasha,F
Fantashia,F
Fantasia,F
Fantasy,F
Fantaysia,F
Fantazia,F
Fantisha,F
Fantulu-Patricia,F
Fanueal,M
Fanuel,M
Fany,F
Fanya,F
Faoja,F
Faolan,M
Faolßn,M
Faora,F
Faouzi,M
Faouzie,F
Far,F
Fara,F
Faraah,F
Faraan,M
Faraaz,M
Farabundo,M
Faraci,F
Farad,M
Faraday,F
Farag,M
Farah,F
Farahan,M
Farahdiba,F
Farahnaz,F
Farai,M
Faraj,M
Faraja,M
Faraji,M
Faral,M
Faramade,F
Faran,Unisex
Faran-Leigh,F
Faranaz,F
Farand,M
Farangies,F
Farasat,M
Farayi,M
Faraz,M
Faraz-Ul,M
Farazia,F
Farbod,M
Farbud,M
Fard,M
Fardad,M
Fardan,M
Fardeen,M
Fardeep,M
Farden,M
Fardi,M
Fardin,M
Fardis,M
Fardosa,F
Fardous,M
Fardowsa,F
Fardoza,F
Fardy,M
Faread,M
Fareda,F
Faredin,M
Fareed,M
Fareeda,F
Fareedah,F
Fareedat,F
Fareeha,F
Fareen,F
Fareena,F
Farees,M
Fareeza,F
Fareha,F
Farell,Unisex
Faren,F
Farendon,M
Fares,M
Fareshta,F
Farh,F
Farha,F
Farhaad,M
Farhaan,M
Farhaana,F
Farhaanah,F
Farhad,M
Farhadali,M
Farhan,M
Farhana,F
Farhanah,F
Farhanali,M
Farhane,M
Farhanuddin-Omar,M
Farhat,F
Farheen,F
Farhi,F
Farhia,F
Farhin,F
Farhina,F
Farhiya,F
Farhiyah,F
Farhiyo,F
Farhl,M
Farhum,M
Faria,F
Fariah,F
Farial,F
Farian,Unisex
Fariba,F
Farica,F
Farice,F
Faricka,F
Farid,M
Farid-mondher,M
Farida,F
Faridae,F
Faridah,F
Faridat,F
Farideh,F
Faried,M
Farieda,F
Fariha,F
Farihah,F
Farill,F
Farin,Unisex
Farina,F
Farinaz,F
Faris,M
Farisa,F
Farisha,F
Farishta,F
Fariss,M
Farita,F
Fariya,F
Fariyah,F
Fariyal,F
Fariz,M
Fariza,F
Farizah,F
Farjaad,M
Farjana,F
Farjeha,F
Farjot,M
Farkhan,M
Farkhonda,F
Farkhunda,F
Farley,M
Farlie,F
Farm,F
Farmaan,F
Farman,M
Farmer,M
Farnaz,F
Farniz,F
Farnood,M
Farnum,M
Faro,M
Faroh,M
Farol,F
Faron,M
Farook,M
Farooq,M
Farose,F
Farouk,M
Farouq,M
Farouz,F
Faroz,M
Farra,F
Farrad,M
Farradeh,F
Farrah,F
Farrah-jane,F
Farrahlynn,F
Farrakhan,M
Farran,Unisex
Farrand,F
Farrar,F
Farrean,F
Farrel,M
Farrell,M
Farrelleen,F
Farrellynn,F
Farren,Unisex
Farres,M
Farrie,F
Farriell,F
Farrin,Unisex
Farris,Unisex
Farriza,F
Farron,Unisex
Farrow,Unisex
Farrukh,M
Farryl,F
Farryn,F
Farsa,F
Farsan,M
Farshad,M
Farshid,M
Farßz,M
Fartun,F
Faruk,M
Farukh,M
Faruq,M
Faruqa,F
Farwa,F
Farwah,F
Faryaal,F
Faryal,F
Faryal-Shah,F
Faryat,F
Faryhn,F
Farykah,F
Faryl,F
Faryman,F
Faryn,F
Farynn,F
Farynne,F
Farzaad,M
Farzaam,M
Farzaan,Unisex
Farzaana,F
Farzad,M
Farzam,M
Farzan,M
Farzana,F
Farzanah,F
Farzaneh,F
Farzeen,Unisex
Farzia,F
Farzin,M
Farzona,F
Fasahat,M
Fasal-Sallieu,M
Faseeb,M
Faseeh,M
Faseeha,F
Fasha,F
Fashionette,F
Fasih,M
Fasiha,F
Fasika,Unisex
Fasil,M
Fassi,M
Fat,M
Fatai,M
Fatal,M
Fataliney,F
Fatama,F
Fatayatul,F
Fate,M
Fateeha,F
Fateema,F
Fateemah,F
Fateen,M
Fateh,M
Fateha,F
Fatehdeep,M
Fatehia,F
Fatehjit,M
Fatehkaran,M
Fatehveer,M
Fatehy,M
Fatem,F
Fatema,F
Fatemah,F
Fatemeh,F
Faten,F
Fathallah,M
Fatheha,F
Fathema,F
Fathi,Unisex
Fathia,F
Fathima,F
Fathimah,F
Fathin,M
Fathiya,F
Fathma,F
Fathuma,F
Fathumo,F
Fathya,F
Fatia,F
Fatiema,F
Fatih,M
Fatiha,F
Fatihah,F
Fatim,F
Fatima,F
Fatima-Maha,F
Fatima-Tuz-Zahra,F
Fatima-Zahra,F
Fatimaalzahra,F
Fatimah,F
Fatimah-adelaida,F
Fatimah-Zahra,F
Fatimahzahra,F
Fatimat,F
Fatimata,F
Fatimatou,F
Fatimatu,F
Fatimatu-Zahra,F
Fatimazahra,F
Fatime,F
Fatimetau,F
Fatimh,F
Fatin,Unisex
Fatina,F
Fatine,F
Fatisha,F
Fatma,F
Fatma-Ahmed,F
Fatmah,F
Fatmanur,F
Fatmata,F
Fatme,F
Fatmeh,F
Fatmi,F
Fatmie,F
Fatmir,M
Fatmire,F
Fatona,F
Fatonah,M
Fatos,F
Fatou,F
Fatouma,F
Fatoumata,F
Fatoumatta,F
Fatoumo,F
Fatsani,F
Fattima,F
Fattimah,F
Fattir,M
Fatu,F
Fatum,F
Fatuma,F
Fatuma-mere,F
Fatumata,F
Fatumo,F
Faty,F
Fatyma,F
Fauline,F
Faum,M
Faun,F
Fauna,F
Faune,F
Faunia,F
Fauniel,F
Fauska,F
Faust,M
Fausta,F
Faustas,M
Fauste,F
Faustin,M
Faustina,F
Faustine,F
Faustine-Christelle,F
Faustino,M
Fausto,M
Faustyna,F
Fauve,F
Fauza,F
Fauzan,M
Fauzi,M
Fauzia,F
Fauziah,F
Faven,F
Favian,M
Faviana,F
Favio,M
Faviola,F
Favion,M
Favor,Unisex
Favour,Unisex
Fawaaz,M
Fawad,M
Fawaz,M
Fawkes,M
Fawks,M
Fawn,F
Fawna,F
Fawna-Lee,F
Fawnda,F
Fawne,F
Fawnia,F
Fawnna,F
Fawntia,F
Fawwaz,M
Fawzaan,M
Fawzan,M
Fawzi,M
Fawzia,F
Fawzie,F
Fawziya,F
Fawziyah,F
Fay,Unisex
Fay-Anne,F
Fay-Lynne,F
Faya,F
Fayaaz,M
Fayad,M
Fayann,F
Fayanna,F
Fayanne,F
Fayaz,M
Faybian,M
Faydean,F
Faydell,F
Fayden,Unisex
Faydene,F
Faydra,F
Faye,F
Faye-Ann,F
Faye-Ella,F
Faye-Louise,F
Faye-Marie,F
Fayeanne,F
Fayeck,M
Fayed,M
Fayelene,F
Fayelyn,F
Fayelynn,F
Fayemarie,F
Fayerene,F
Fayeth,F
Fayetta,F
Fayette,Unisex
Fayez,M
Fayeza,F
Fayga,F
Fayha,F
Fayiah,M
Fayiaz,M
Fayiq,M
Fayiz,M
Fayiza,F
Fayla,F
Fayleah,F
Faylee,F
Fayleen,F
Faylen,F
Faylene,F
Faylin,F
Faylinn,F
Faylyn,F
Faylynn,F
Fayma,F
Fayne,Unisex
Faynell,F
Fayo,F
Fayola,F
Fayqa,F
Fayra,F
Fayre,F
Fayrell,F
Fayrene,F
Fayrose,Unisex
Fayrouz,F
Fayroza,F
Faysa,F
Faysal,M
Faysil,M
Fayt,Unisex
Fayte,F
Fayth,F
Faythe,F
Faythe-Elise,F
Faytima,F
Fayyad,M
Fayyaz,M
Fayza,F
Fayzaan,M
Fayzan,M
Faza,F
Fazaan,M
Fazaan-Asad,M
Fazaeil,M
Fazael,M
Fazal,M
Fazal-Ur-Rehman,M
Fazan,M
Fazayl,F
Fazeel,M
Fazeela,F
Fazeelat,F
Fazeem,M
Fazeemin,F
Fazel,M
Fazer,M
Fazia,F
Fazil,M
Fazila,F
Fazilah,F
Fazili,M
Fazion,M
Fazl,M
Fazle,M
Fazli,M
Fazon,M
Fe,F
Feara,F
Feardos,F
Fearghal,M
Fearghas,M
Fearghus,M
Feargus,M
Fearless,M
Fearn,F
Fearne,F
Feather,F
Featherlee,F
Feavaya,F
Feaven,F
Feba,F
Febbie,F
Febe,F
Febee,F
Feben,F
Febhie,F
Febi,F
Febie,F
Febin,M
Febra,F
Febronia,F
Fed,M
Feda,Unisex
Fedaa,Unisex
Feddie,F
Fedel,M
Fedele,M
Fedelia,F
Fedelina,F
Fedell,M
Feden,F
Federic,M
Federica,F
Federick,M
Federico,M
Federigo,M
Fedi,M
Fedon,M
Fedor,M
Fedora,F
Fedra,F
Fedrick,M
Fee,F
Feebi,F
Feebie,F
Feelix,M
Feely,F
Feenax,M
Feenix,M
Feeras,M
Feeza,F
Feffrey,M
Fehintola,F
Fehman,M
Fehren,F
Fehzaan,M
Fehzan,M
Fei,Unisex
Fei-fei,F
Feiga,F
Feige,F
Feigy,F
Feilin,F
Feimoon,F
Feinyx,M
Feisal,M
Feisaun,F
Feivel,M
Feiya,F
Feiyah,F
Feiyang,F
Feiyth,F
Feiyunn,F
Fekla,F
Fela,Unisex
Felan,M
Felando,M
Felanikia,F
Felara,F
Felcia,F
Felder,M
Felechia,F
Felecia,F
Feleciana,F
Felecie,F
Felecitas,F
Felecity,F
Felehni,F
Feleica,F
Feleicia,F
Feleisha,F
Feleke,F
Felena,F
Felene,F
Felesha,F
Feleshia,F
Felesia,F
Feleti,M
Felex,M
Felia,F
Feliberto,M
Felica,F
Felice,Unisex
Felicea,F
Felicetta,F
Felicety,F
Felicha,F
Felichia,F
Felicia,F
Felicia-ann,F
Felicia-rebecca,F
Feliciana,F
Feliciano,M
Felicidad,F
Felicie,F
Felicietta,F
Felicina,F
Felicio,M
Felicita,F
Felicitas,F
Felicite,F
Feliciti,F
Felicitie,F
FelicitT,F
Felicity,F
Felicity-ann,F
Felicity-anne,F
Felicity-carline,F
Felicity-eve,F
Felicity-hannah-marie,F
Felicity-jaide,F
Felicity-jane,F
Felicity-jayde,F
Felicity-jo,F
Felicity-May,F
Felicity-Rose,F
Felicja,F
Feliechia,F
Feliecia,F
Felige,M
Feliks,M
Felim,M
Felimon,M
Felina,F
Felinda,F
Felio,Unisex
Felip,M
Felipa,F
Felipe,M
Felipe-alexandre,M
Felipedejesus,M
Felipita,F
Felis,Unisex
Felisa,F
Feliscia,F
Felise,F
Felisha,F
Felishia,F
Felisia,F
Felisiano,M
Felisita,F
Felisitas,F
Felisity,F
Felissa,F
Felissia,F
Felita,F
Felitsa,F
Felix,M
Felix-James,M
Felix-Ramsey,M
Felixberto,M
Felixia,F
Feliz,Unisex
Feliza,F
Felizardo,M
Felizharose,F
Felizia,F
Felizitas,F
Felizya,F
Felken,M
Fellicia,F
Fellipe,M
Felma,F
Felmawit,F
Felomena,F
Feloniz,F
Felony,M
Felton,M
Feltus,M
Felty,M
Felycia,F
Felyka,F
Felysia,F
Felyx,M
Female,F
Femi,Unisex
Femia,F
Femke,F
Fen,Unisex
Fen-fen,F
Fenanda,F
Fender,M
Fendi,F
Fendie,M
Fenela,F
Fenella,F
Fener,F
Fenet,F
Feng,M
Fengshun,M
Fenicity,F
Fenil,M
Fenilyn,F
Fenisha,F
Fenix,Unisex
Fenja,F
Fenley,F
Fenn,M
Fenna,F
Fennec,M
Fennell,M
Fennella,F
Fenner,M
Fennie,F
Fennigje,F
Fenrir,M
Fenris,M
Fenton,M
Fentress,M
Fenway,M
Fenwick,M
Fenya,F
Feodor,M
Feodora,F
Feodosia,F
Feodul,M
Feofania,F
Feofeela,F
Feoktista,F
Feona,F
Feonilla,F
Feonix,F
Fera,F
Feraas,M
Ferah,F
Feran,M
Ferando,M
Feranmi,F
Feras,M
Ferass,M
Ferd,M
Ferdan,M
Ferdaous,F
Ferdaws,M
Ferdi,M
Ferdia,M
Ferdie,M
Ferdinan,M
Ferdinand,M
Ferdinando,M
Ferdoos,M
Ferdous,Unisex
Ferdousi,F
Ferdows,Unisex
Ferdy,M
Ferdynand,M
Ferdz,M
Fereba,F
Fereen,F
Ferehan,M
Ferenc,M
Ference,M
Ferencz,M
Ferene,M
Fereniki,F
Feres,M
Fereshteh,F
Fereydoon,M
Fergal,M
Ferghus,M
Fergie,F
Fergus,M
Ferguson,M
Fergusson,M
Ferhaan,M
Ferhad,M
Ferhan,M
Ferhat,M
Ferhia,F
Ferial,F
Feriala,F
Ferid,M
Ferida,F
Feride,F
Feriel,F
Ferin,F
Feris,M
Ferisca,F
Ferit,M
Ferlando,M
Ferleen,F
Ferlene,F
Ferlin,M
Ferlisa,F
Ferlyn,M
Ferma,F
Ferman,M
Fermen,M
Fermin,M
Fermina,F
Fermo,M
Fermon,M
Fern,F
Fern-lee,F
Ferna,F
Fernado,M
Fernald,M
Fernan,M
Fernand,M
Fernanda,F
Fernandaz,M
Fernande,F
Fernandel,M
Fernandene,F
Fernandeo,M
Fernandez,M
Fernandle,M
Fernando,M
Fernard,M
Ferne,F
Fernell,Unisex
Fernella,F
Fernetta,F
Ferney,M
Fernie,M
Fernley,M
Fernondo,M
Ferol,F
Feron,M
Feron-Joseph,M
Feross,M
Feroz,M
Feroza,F
Feroze,M
Ferozudin,M
Ferra,F
Ferra-Lynn,F
Ferrada,M
Ferrah,F
Ferran,Unisex
Ferrand,M
Ferrante,M
Ferrari,Unisex
Ferras,M
Ferrel,M
Ferrell,M
Ferren,Unisex
Ferrera,F
Ferrie,F
Ferril,M
Ferrill,M
Ferrin,Unisex
Ferris,M
Ferrol,Unisex
Ferron,Unisex
Ferruccio,M
Ferry,Unisex
Ferryn,Unisex
Fershell,F
Feruz,M
Feruza,F
Feryal,F
Feryl,F
Feryn,M
Ferynn,F
Ferys,M
Ferzat,M
Fess,M
Fessehaye,M
Fester,M
Festo,M
Festus,M
Fesum,F
Fethra,F
Fetina,F
Fetsami,M
Feury,M
Feven,F
Fevie,F
Fevronia,F
Fevrusa,F
Fevziye,F
Fewronia,F
Fey,F
Feyi,F
Feyifolu,F
Feyisayo,F
Feyisope,Unisex
Feyisopefoluwa,M
Feylin,F
Feynman,M
Feynn,F
Feyrouze,F
Feysal,M
Feyza,F
Feyzo,M
Feza,F
Fezaan,M
Fezan,M
Fezhan,M
Fezulla,M
Fezza,F
Ffion,F
Fflur,F
Ffynnan,M
Ffyon,F
Ffyona,F
Fharon,F
Fhatema,F
Fhatima,F
Fhea,F
Fher,M
Fhernando,M
Fhillip,M
Fi,F
Fia,F
Fia-Lynn,F
Fiachra,M
Fiadh,F
Fiala,F
Fiama,F
Fiamma,F
Fiammetta,F
Fiana,F
Fiann,M
Fianna,F
Fiarra,F
Fiasal,M
Fiayla,F
Fiaz,M
Fiaza,F
Fibbie,F
Fida,Unisex
Fidaa,F
Fidah,M
Fidalma,F
Fidan,F
Fidarije,F
Fidel,M
Fidela,F
Fideli,M
Fidelia,F
Fidelina,F
Fidelio,M
Fidelis,Unisex
Fidella,F
Fidelma,F
Fidelmar,M
Fidencia,F
Fidencio,M
Fidensio,M
Fiderie,F
Fidon,M
Fiebe,F
Fiedhelm,F
Fiel,M
Field,M
Fielden,M
Fielder,M
Fielding,M
Fieldon,M
Fields,M
Fieldy,M
Fiella,F
Fien,F
Fienna,F
Fiera,F
Fiere,F
Fierra,F
Fiesta,F
Fietje,F
Fieveya,F
Fieyerra,F
Fife,Unisex
Fifer,F
Fiffany,F
Fifi,F
Fifine,F
Fifita,Unisex
Fifunmi,F
Figen,F
Figueroa,M
Fiifi,M
Fiker,F
Fikir,F
Fikisha,F
Fikret,M
Fikri,M
Fikry,M
Fil,M
Filadelfio,M
Filamena,F
Filbert,M
Filberto,M
Fildhah,F
Fileippa,F
Filemon,M
Filemona,F
Filesha,F
Filex,M
Fili,M
Filia,F
Filiberto,M
Filicia,F
Filicity,F
Filimon,M
Filio,F
Filip,M
Filipa,F
Filipe,M
Filipinas,F
Filipp,M
Filippa,F
Filippina,F
Filippino,M
Filippo,M
Filippos,M
Filips,M
Filisha,F
Filiz,F
Filliep,M
Fillip,M
Fillipo,M
Fillippo,M
Fillmore,M
Filloreta,F
Filmon,M
Filmore,M
Filoktimon,M
Filomena,F
Filomena-anna,F
Filomeno,M
Filomila,F
Filomina,F
Filopateer,M
Filoteia,F
Filsan,F
Filumena,F
Filxe,M
Filza,F
Fimisola,F
Fin,M
Fina,F
Finaeloto,F
Finah,F
Finan,M
Finas,M
Finau,Unisex
Finbar,M
Finbarr,M
Finch,M
Finda,F
Findabhair,F
Findlay,M
Findley,Unisex
Fineas,M
Finella,F
Fines,M
Finessa,F
Finesse,F
Finest,M
Finian,M
Finin,M
Finis,M
Finizia,F
Finja,F
Finlae,F
Finlan,M
Finland,M
Finlay,M
Finlayson,M
Finlea,F
Finlee,Unisex
Finleigh,Unisex
Finley,Unisex
Finley-J,M
Finley-James,M
Finley-Jay,M
Finlie,F
Finlo,M
Finly,M
Finn,M
Finn-Luca,M
Finn-michael,M
Finn-Ryder,M
Finna,F
Finnaem,M
Finnagin,M
Finnah,F
Finnan,M
Finnaveer,F
Finnbar,M
Finnbarr,M
Finnean,M
Finneas,M
Finneaus,M
Finnegan,M
Finnen,M
Finneus,M
Finnhamn,F
Finnian,M
Finnias,M
Finnick,M
Finnie,Unisex
Finnigan,M
Finnis,M
Finnlai,F
Finnlaigh,M
Finnlay,M
Finnlea,M
Finnlee,Unisex
Finnleigh,F
Finnley,Unisex
Finnley-Casper,M
Finnliy,F
Finnly,Unisex
Finntan,M
FinnTn,M
Finnton,M
Finnuala,F
Finnula,F
Finola,F
Finot,F
Fintan,M
Finton,M
Finty,F
Finuala,F
Finula,F
Finus,M
Finza,F
Fiolaoluwa,F
Fioldisa,F
Fion,F
Fiona,F
Fiona-felicia,F
Fiona-jane,F
Fiona-lee,F
Fiona-louise,F
Fiona-Mae,F
Fiona-marie,F
Fionah,F
Fionia,F
Fionian,M
Fionn,M
Fionna,F
Fionnan,M
Fionnlagh,M
Fionnoula,F
Fionntan,M
Fionnuala,F
Fionnula,F
Fionuala,F
Fiora,F
Fioraldo,M
Fioravante,M
Fiordalisa,F
Fiore,M
Fioreamante,M
Fiorela,F
Fiorella,F
Fiorelle,F
Fiorentina,F
Fiorentino,M
Fiorenza,F
Fiorenzo,M
Fiorerzo,M
Fiori,Unisex
Fiorina,F
Fiorinda,F
Fiorino,M
Fiorita-milva,F
Fira,F
Firaoli,M
Firas,M
Firass,M
Firat,M
Firaz,M
Firdaus,F
Firdause,F
Firdavs,M
Firdaws,F
Firdeusi,M
Firdevs,F
Firdha,F
Firdoos,F
Firdous,F
Firdouse,F
Firdousi,F
Firdows,F
Firdowse,F
Firenze,F
Firenzi,F
Firer,M
Firhan,M
Firlie,F
Firman,M
Firmanshah,M
Firmien,M
Firmin,M
Firoelle,M
Firomsa,M
Firona,F
Firoz,M
Firoza,F
Firrah,F
Firston,M
Firuza,F
Firuze,F
Firyal,F
Fisayo,M
Fischer,M
Fishel,M
Fisher,M
Fisihatsion,M
Fisnik,M
Fissal,M
Fiston,M
Fita,M
Fitch,M
Fitema,F
Fitheach,F
Fitima,F
Fitos,M
Fitri,F
Fitriamalia,F
Fitz,M
Fitzgerald,M
Fitzhugh,M
Fitzpatrick,M
Fitzroy,M
Fitzwilliam,M
Fiula,M
Fiurina,F
Fiyaz,M
Fiyinfoluwa,Unisex
Fiyinfunoluwa,F
Fiyona,F
Fiza,F
Fizaa,F
Fizaan,M
Fizah,F
Fizan,M
Fizza,F
Fizzah,F
Fjolla,F
Fjona,F
Fjorgyn,F
Flabio,M
Flada,M
Flaire,F
Flake,M
Flame,Unisex
Flaminia,F
Flamur,M
Flannery,F
Flara,F
Flarence,F
Flarrie,F
Flarry,M
Flash,M
Flaura,F
Flava,F
Flavel,M
Flavia,F
Flavian,M
Flavie,F
Flavien,M
Flavil,M
Flavio,M
Flavious,M
Flavis,M
Flavius,M
Flaxee,F
Flay,M
Flayme,F
Flaynne,F
Flechia,F
Flecia,F
Fleda,F
Fleet,M
Fleeta,F
Fleetwood,M
Flem,M
Fleming,M
Flemmie,F
Flemming,M
Flemon,M
Fleocean,F
Fleona,F
Flerida,F
Flesha,F
Fleshia,F
Fleta,F
Fletch,M
Fletcha,F
Fletcher,M
Fleur,F
FleurdeMay,F
Fleurette,F
Flex,M
Fliare,F
Flicia,F
Flik,F
Flinders,M
Flindira,F
Flindyrarose,F
Flinn,M
Flint,M
Flioyd,M
Flip,M
Flo,F
Floda,F
Flodie,F
Floe,F
Floella,F
Floetta,F
Floice,F
Floid,M
Floie,F
Flois,F
Flona,F
Flonnie,F
Floorens,M
Flor,F
Flor-sofia,F
Flora,F
Flora-Dawn,F
Flora-lily,F
Florabel,F
Florabell,F
Florabelle,F
Florae,F
Floraida,F
Floraine,F
Floral,F
Floralee,F
Floramae,F
Floran,M
Florana,F
Florance,F
Florann,F
Floranne,F
Florastine,F
Florcela,F
Flord,M
Flordemaria,F
Flordia,F
Flore,F
Florean,F
Florece,F
Florecita,F
Floreda,F
Floredre,F
Floree,F
Floreen,F
Floregenia,F
Floreine,F
Florella,F
Floren,Unisex
Florena,F
Florence,F
Florence-May,F
Florence-Rose,F
Florencia,F
Florencine,F
Florencio,M
Florenda,F
Florendia,F
Florendra,F
Florene,F
Florent,M
Florentia,F
Florentina,F
Florentine,F
Florentino,M
Florenz,Unisex
Florenza,F
Florenzo,M
Flores,Unisex
Floresita,F
Florestela,F
Florestine,F
Floreta,F
Floretha,F
Floretta,F
Florette,F
Flori,F
Floria,F
Florian,M
Floriana,F
Floriand,F
Floriane,F
Florianna,F
Florianne,F
Floribel,F
Floriberto,M
Florica,F
Floricar,F
Florice,F
Florida,F
Floridalma,F
Floridarita,F
Floride,F
Florie,F
Floriemay,F
Florien,F
Floriene,F
Florienne,F
Florije,F
Florika,F
Florimel,F
Florin,M
Florina,F
Florina-violeta,F
Florince,F
Florinda,F
Florindo,M
Florine,F
Florio,M
Floris,F
Florisa,F
Florisel,F
Florissa,F
Florita,F
Floritana,F
Florjan,M
Flormaria,F
Flornce,F
Florrence,F
Florrenz,M
Florrie,F
Florrine,F
Florus,M
Flory,Unisex
Floryan,M
Floryn,F
Flosie,F
Floss,F
Flossie,F
Flossy,F
Flourish,Unisex
Flournoy,M
Flower,F
Floy,F
Floya,F
Floyce,F
Floyd,M
Floyda,F
Floyde,M
Floydell,F
Floydena,F
Floydene,F
Floydia,F
Floye,F
Floyed,M
Flozell,M
Fluer,F
Flurina,F
Fly,F
Flying,M
Flyn,M
Flynn,M
Flynn-j-william,M
Flynne,Unisex
Flynt,M
Foad,M
Foce,M
Foch,M
Foda,M
Foday,M
Fode,M
FodT,M
Fofe,F
Fofi,F
Fofo,F
Foister,M
Fok-Wai,M
Fokaina,F
Fola,F
Folabomi,F
Folajuwon,M
Folake,F
Folakemi,F
Folakunmi,F
Folami,F
Folarin,M
Folasade,F
Folasayo,F
Folashade,F
FolashadT,F
Folashewa,F
Folayemi,F
Folena,F
Foley,M
Folia,F
Folke,M
Folly-Noah,M
Folten,M
Foluke,F
Folusade,F
Fon,M
Fonda,F
Fong,M
Fonisha,F
Fonnie,Unisex
Fonsi,M
Fonta,Unisex
Fontae,F
Fontaine,Unisex
Fontana,F
Fontane,M
Fontas,M
Fontella,F
Fontelle,F
Fontilla,F
Fonza,M
Fonzie,M
Fonzo,M
Fook,M
Fopefoluwa,M
Forace,M
Foram,F
Forance,F
Forbes,M
Forbus,M
Force,M
Ford,M
Forde,M
Fordham,M
Fordie,F
Fordyce,M
Forence,F
Forest,M
Forest-Anne,F
Forester,M
Forestine,F
Forestt,M
Forever,F
Forhad,M
Forid,M
Forida,F
Forist,F
Forman,M
Formeka,F
Forney,M
Foroozan,F
Forozan,F
Forrest,M
Forrester,M
Forrestine,F
Forrestt,M
Forris,M
Forster,M
Forsyth,M
Fort,M
Fortenato,M
Fortesa,F
Forti,M
Fortina,F
Fortini,F
Fortino,M
Fortis,M
Fortonata,F
Fortuanto,M
Fortuna,F
Fortunarto,M
Fortunata,F
Fortunate,F
Fortunatino,M
Fortunato,M
Fortune,Unisex
Forum,F
Foruq,M
Fosca,F
Fosia,F
Fossey,M
Fosta,F
Fosteen,F
Foster,M
Fostina,F
Fostine,F
Fostira,F
Fotas,M
Foteena,F
Foteini,F
Fotene,F
Fotenee,F
Foteni,F
Foti,M
Fotima,F
Fotina,F
Fotina-fay,F
Fotine,F
Fotini,F
Fotini-fotina,F
Fotini-ioanna,F
Fotinos,M
Fotinoula,F
Fotiny-Faey,F
Fotios,M
Fotios-darcey,M
Fotis,M
Foto,F
Fotoula,F
Foua,F
Fouad,M
Fouda,F
Foued,M
Foukaina,F
Foula,F
Fount,M
Fountain,M
Four,M
Fourie-daniel,M
Fouzi,M
Fouzia,F
Fouzie,F
Fovi,M
Fowlad,M
Fowler,M
Fowz,F
Fowzia,F
Fowziya,F
Fox,M
Foxanna,F
Foxten,M
Foxtyn,M
Foxx,M
Foxy,F
Foy,Unisex
Foye,Unisex
Foyez,M
Foyster,M
Foyzul,M
Fozan,M
Fozia,F
Fozie,F
Foziya,F
Fra'Oll,F
Fraak,M
Fraaz,M
Fraces,F
Fracine,F
Fracisco,M
Fraco,M
Fradel,F
Frady,F
Fraeya,F
Fraezor,M
Frager,M
Frai,F
Fraida,F
Fraidel,F
Fraidy,F
Fraiser,M
Fraiya,F
Fraizer,M
Frak,M
Frake,M
Frakulak,M
Frampton,M
Fran,F
Franadus,M
Franalynn,F
Franc,Unisex
Franca,F
Franca-Cindy,F
Francarlo,M
Franccesca,F
France,Unisex
Francee,F
Franceen,F
Francein,F
Francek,M
Francel,F
Francelia,F
Francelina,F
Francell,Unisex
Francella,F
Francelle,F
Francellia,F
Francely,F
Francelyn,F
Francena,F
Francene,F
Francenia,F
Frances,F
Francesa,F
Francesc,Unisex
Francesca,F
Francesca-Danya,F
Francesca-maria,F
Francesca-susana,F
Francescantonio,M
Francescha,F
Franceschina,F
Francescina,F
Francesco,M
Francesco-luca,M
Francesco-luke,M
Francesco-paolo,M
Francese,F
Franceska,F
Francesko,M
Franceso,M
Francess,F
Francessca,F
Francessco,M
Francetta,F
Francette,F
Francey,F
Franchell,F
Franchelle,F
Franchesca,F
Franchesco,M
Francheska,F
Franchessca,F
Franchesska,F
Franchester,F
Franchetta,F
Franchette,F
Franchezca,F
Franchezco,M
Franchezka,F
Franchon,F
Franchot,M
Franci,F
Francia,F
Francico,M
Francicus,M
Francie,F
Franciene,F
Francienne,F
Francies,F
Francile,F
Francilia,F
Francille,F
Francina,F
Francine,F
Francine-Barbara,F
Francios,M
Francis,M
Francis-Dean,M
Francisc,M
Francisca,F
Francisco,M
Francisco-jose,M
Franciscojavier,M
Franciscojr,M
Franciscus,M
Francise,F
Francisico,M
Franciska,F
Francisko,M
Franciso,M
Francisquita,F
Franciszek,M
Franciszka,F
Francita,F
Franck,M
Francki,Unisex
Franclin,M
Franco,M
Franco-Antonio,M
Franco-natale,M
Francois,M
Francois-Clovis,M
Francois-Joseph,M
Francois-Junior,M
Francois-roger,M
Francoise,F
Francose,M
Francsico,M
Francszco,M
Francy,F
Francyn,F
Francyne,F
Francynn,F
Francys,F
Francz,M
Franda,F
Frandall,M
Frandon,M
Frandy,M
Frane,M
Franek,M
Franella,F
Franes,F
Franey,F
Franfesco,M
Frangesca,F
Frangesco,M
Frangiskos,M
Frango,Unisex
Frangoulia,F
Frani,F
Frania,F
Franics,M
Franis,M
Franisco,M
Franita,F
Franja,F
Franjesca,F
Franjka,F
Franjo,M
Frank,M
Frank-anthony,M
Frank-antonio,M
Frank-cono,M
Frank-Joseph,M
Frank-mario,M
Frank-shane,M
Franka,F
Frankay,M
Frankcheska,F
Frankdeep,M
Franke,M
Frankee,F
Frankee-lee,F
Frankel,M
Franketto,M
Frankey,M
Franki,Unisex
Frankie,Unisex
Frankie-Ann,F
Frankie-Dean,M
Frankie-George,M
Frankie-J,M
Frankie-James,M
Frankie-Jane,F
Frankie-Jay,Unisex
Frankie-Jo,F
Frankie-Joe,M
Frankie-John,M
Frankie-Lea,F
Frankie-Lee,Unisex
Frankie-Leigh,F
Frankie-Louise,F
Frankie-Mae,F
Frankie-Mai,F
Frankie-Marie,F
Frankie-May,F
Frankie-Rae,Unisex
Frankie-Ray,M
Frankie-Rose,F
Frankii,F
Frankii-lee,F
Frankin,M
Frankkie,M
Franklen,M
Franklin,M
Frankline,M
Frankly,M
Franklyn,M
Franklynn,F
Franko,M
Franky,M
Frankye,F
Frann,F
Franne,Unisex
Frannie,F
Franny,F
Frano,M
Franquie,F
Frans,M
Franscesco,M
Franschiska,F
Fransen,M
Franses,F
Franshesca,F
Fransheska,F
Fransica,F
Fransico,M
Fransisca,F
Fransisco,M
Fransiscus,M
Fransiska,F
Fransline,F
Fransz,M
Frantasia,F
Frantesck,M
Frantios-Isadore,M
Frantisck,M
Frantisek,M
Frantois,M
Frantoise,F
Frantz,M
Frantzy,M
Franyelis,F
Franz,M
Franz-Erik,M
Franz-Joseph,M
Franzabella,F
Franzene,F
Franzeska,F
Franzetta,F
Franzisca,F
Franzisek,M
Franziska,F
Franzl,M
Franzyne,F
Frarnlen,F
Fras,M
Fraser,M
Frasier,M
Frasina,F
Fratzeska,F
Fravashi,F
Fray,M
Fraya,F
Frayah,F
Frayda,F
Fraydon,M
Frayer,F
Frayne,M
Frayzah,M
Fraz,M
Frazeen,F
Frazer,M
Frazey,F
Frazier,M
Fre-Al,M
Frea,F
Fread,M
Freada,F
Freahnna,F
Fred,M
Freda,F
Fredarius,M
Fredasia,F
Fredda,F
Fredde,M
Fredderick,M
Freddi,Unisex
Freddia,F
Freddick,M
Freddie,Unisex
Freddie-James,M
Freddie-Jay,M
Freddie-Joe,M
Freddie-John,M
Freddie-Lee,M
Freddie-Lynn,F
Freddie-Ray,M
Freddrick,M
Freddy,M
Freddy-James,M
Freddy-Lee,M
Freddye,F
Fredeline,F
Fredell,F
Fredella,F
Fredelle,F
Frederena,F
Frederi,M
Frederic,M
Frederic-Sebastien,M
Frederic-William,M
Frederica,F
Frederich,M
Frederick,M
Fredericka,F
Fredericko,M
Frederico,M
Frederiec,F
Frederik,M
Frederika,F
Frederika-anne,F
Frederique,F
Fredi,M
Fredia,F
Frediano,M
Fredick,M
Fredie,M
Fredina,F
Fredinando,M
Fredine,F
Fredirick,M
Fredis,M
Fredith,F
Fredlyn,F
Fredna,F
Fredo,M
Fredonia,F
Fredreck,M
Fredreick,M
Fredreka,F
Fredric,M
Fredrica,F
Fredrich,M
Fredrick,M
Fredricka,F
Fredricks,M
Fredrico,M
Fredrik,M
Fredrika,F
Fredrike,M
Fredrique,F
Fredvieve,F
Fredy,M
Fredys,M
Free,Unisex
Freeda,F
Freedia,F
Freedom,Unisex
Freedome,F
Freeland,M
Freelin,M
Freelon,M
Freema,F
Freeman,M
Freemin,M
Freemon,M
Freemont,M
Freesia,F
Frehiwot,F
Frehley,M
Freia,F
Freida,F
Freiderick,M
Freidy,F
Freija,F
Freixelyne,F
Freiya,F
Freja,F
Frejvid,M
Freland,M
Frely,F
Fremah,F
Freman,M
Fremon,M
Fremont,M
Fremonte,M
Fren,M
Frenca,F
Frencesca,F
Frencesco,M
French,M
Frenchie,Unisex
Frencki,M
Frenda,F
Frenesi,F
Frenk,M
Frenki,M
Frensche,F
Freny,F
Frescian,F
Fresh,M
Freshelle,F
Freshia,F
Freshta,F
Fresia,F
Fressia,F
Freta,F
Freu,M
Frew-ann,F
Frewen,M
Frey,M
Freya,F
Freya-Ann,F
Freya-Anne,F
Freya-Grace,F
Freya-Leigh,F
Freya-Lilly,F
Freya-Lily,F
Freya-Louise,F
Freya-Mae,F
Freya-Mai,F
Freya-Marie,F
Freya-May,F
Freya-Rose,F
Freya-talei,F
Freyah,F
Freyda,F
Freydin,M
Freyia,F
Freyja,F
Freylin,M
Freyr,M
Freysen,M
Frezell,M
Frezer,F
FrFdFric,M
Fria,F
Frial,F
Friane,F
Frica,F
Frida,F
Fridah,F
Friday,F
Fridda,F
Friddie,M
Friderick,M
Fridericki,F
Friderika,F
Friderike,F
Frideriki,F
Fridrich,M
Fridriki,F
Frieda,F
Friede,F
Frieden,M
Friederich,M
Friederick,M
Friederike,F
Friedrich,M
Friedy,F
Friel,M
Friend,M
Friesha,F
Frietzen,F
Frika,F
Frimet,F
Frimmy,F
Frimy,F
Frink,M
Frinz,M
Frirdi,F
Frisco,M
Frishta,F
Friso,M
Frita,F
Frith,Unisex
Fritha,F
Frits,M
Fritz,M
Fritzgerald,M
Fritzi,F
Fritzie,F
Fritzy,F
Frizell,M
Froher,F
Froilan,M
Fromsa,M
Frona,F
Froney,F
Fronia,F
Fronie,F
Froniga,F
Fronnie,F
Frontis,M
Frosene,F
Frosgina,F
Frosina,F
Frosini,F
Froso,F
Frost,M
Frosty,M
Froy,M
Froylan,M
Frozan,F
Frozine,F
Frraj,F
FrTdTric,M
FrTdTrick,M
FrTdTrique,F
Fruma,F
Frumencio,M
Frumie,F
Frutoso,M
Fryal,F
Fryda,F
Fryderyk,M
Fsahaye,F
Fßtima,F
FTlice,F
FTlicitT,F
FTlix,M
FTlix-Antoine,M
FTlix-Arnaud,M
FTlix-Olivier,M
Fu,M
Fu-ho,M
Fu-Hung,M
Fuaad,M
Fuad,M
Fuaid,M
Fuamai,F
Fuat,M
Fuchsia,F
Fuda,M
Fudil,M
Fue,M
Fuhad,M
Fui-yin,F
Fujie,F
Fujiko,F
Fujio,M
Fujiye,F
Fuk,M
Fuka,F
Fukai,M
Fukkak,M
Fukuichi,M
Fulei,M
Fulesha,F
Fulgencio,M
Fullbright,M
Fuller,M
Fulton,M
Fulvia,F
Fulvio,M
Fumi,F
Fumie,F
Fumiko,F
Fumio,M
Fumiye,F
Fumiyo,F
Funda,F
Fung,Unisex
Funke,F
Funky,M
Funmilayo,F
Funmilola,F
Funston,M
Funtaine,M
Fuoy,F
Fuquan,M
Furaha,F
Furaha-sakhina,F
Furhana,F
Furia,F
Furiha,F
Furious,M
Furjaad,M
Furkan,M
Furlie,M
Furlon,M
Furmaan,M
Furman,M
Furnell,M
Furnest,M
Furney,M
Furqaan,M
Furqan,M
Furtunata,F
Furutan,M
Furwa,F
Fury,Unisex
Fusae,F
Fusako,F
Fusaye,F
Fuschia,F
Fuscia,F
Fushia,F
Fusun-melike,F
Futa,M
Futong,F
Future,Unisex
Fuyu,M
Fuyuki,M
Fuyumi,F
Fuzail,M
Fuzuki,F
Fycher,M
Fyfa,F
Fyfe,M
Fyha,F
Fyiza,F
Fylan,M
Fyn,M
Fynivarra,F
Fynlay,M
Fynlee,Unisex
Fynleigh,F
Fynley,Unisex
Fynlie,F
Fynn,M
Fynnan,M
Fynnean,M
Fynnegan,M
Fynnian,M
Fynnigan,M
Fynnis,M
Fynnlay,Unisex
Fynnlee,F
Fynnleigh,F
Fynnley,Unisex
Fynton,M
Fyodor,M
Fyona,F
Fyre,Unisex
Fyrn,F
Fyron,M
Fysal,M
Fyscher,M
Fysel,M
Fysher,M
Fyza,F
Fyzan,M