G,M
G'arna,F
G'inenne,F
G'mari,M
G-Nel,F
G÷kce,F
G÷kcen,F
G÷ktem,F
Ga-Kei,F
Ga-Yang,F
Gaal,F
Gaanicko,M
Gaargi,F
Gabb,M
Gabbanelli,F
Gabbi,F
Gabbie,F
Gabbriel,F
Gabbriela,F
Gabbriella,F
Gabbrielle,F
Gabby,F
Gabby-ray,M
Gabe,M
Gabebreanna,F
Gabee,F
Gabel,M
Gaber,M
Gabereal,M
Gaberial,M
Gaberiall,M
Gaberiel,M
Gaberielle,F
Gaberille,F
Gabi,F
Gabia ,F
Gabie,F
Gabiel,M
Gabiela,F
Gabija,F
Gabin,M
Gabina,F
Gabino,M
Gabirel,M
Gabirelle,F
Gabius,M
Gable,M
Gabo,F
Gabor,M
Gabrael,M
Gabraelle,F
Gabraiel,M
Gabrail,M
Gabral,M
Gabreal,Unisex
Gabreella,F
Gabreial,F
Gabreil,M
Gabreilla,F
Gabreille,F
Gabrel,M
Gabrell,M
Gabrella,F
Gabrelle,F
Gabrellia,F
Gabren,M
Gabrfel,M
Gabria,F
Gabrial,Unisex
Gabriala,F
Gabrialla,F
Gabrialle,F
Gabrian,M
Gabriana,F
Gabrianna,F
Gabrieal,Unisex
Gabriel,M
Gabriel-Antonio,M
Gabriel-Iwasam,M
Gabriel-Jireh,M
Gabriel-Kain,M
Gabriel-konstanty,M
Gabriel-Moroni,M
Gabriel-Vincent,M
Gabriela,F
Gabriela-Catalina,F
Gabriela-Melßnia,F
Gabrielah,F
Gabrielalexande,M
Gabrielangelo,M
Gabriele,Unisex
Gabrielglen,M
Gabrielis ,M
Gabrielius ,M
Gabrieljohn,M
Gabriell,Unisex
Gabriella,F
Gabriella-ann,F
Gabriella-Esperanza,F
Gabriella-Katie,F
Gabriella-Laine,F
Gabriella-Nancy,F
Gabriella-Rose ,F
Gabriellah,F
Gabriellamarie,F
Gabrielle,F
Gabrielle-ann,F
Gabrielle-gracy,F
Gabrielle-Lynda,F
Gabrielle-monique,F
Gabrielle-Wren,F
Gabrielli,F
Gabriellia,F
Gabriello,M
Gabrielly,F
Gabriellyah,F
Gabrielmichael,M
Gabrielo,M
Gabriels ,M
Gabriely,F
Gabrien,M
Gabriene,F
GabriFle,F
GabriFlle,F
Gabril,M
Gabrile,M
Gabrilla,F
Gabrille,F
Gabrina,F
Gabriole,F
Gabrionna,F
Gabriyel,Unisex
Gabrkiel,M
Gabryal,M
Gabryan,M
Gabryel,Unisex
Gabryela,F
Gabryele,F
Gabryell,F
Gabryella,F
Gabryelle,F
Gabryelle-Angelina,F
Gabryl,M
Gabryle,M
Gabrylle,Unisex
Gaby,F
Gach,M
Gacia,F
Gad,M
Gada,F
Gadah,F
Gaddiel,M
Gaddis,M
Gadeer,F
Gadge,M
Gadi,M
Gadiel,M
Gadija,F
Gadis,F
Gadisa,M
Gadise,F
Gadl,M
Gadlle,F
Gado,M
Gadriel,M
Gadsden,M
Gae,F
Gaea,F
Gaebriel,M
Gaege,M
Gaeil,F
Gael,M
Gaela,F
Gaelan,M
Gaelen,M
Gaelene,F
Gaelin,F
Gaell,M
Gaella,F
Gaelle,F
Gaely,F
Gaelyn,F
Gaenor,F
Gaeratt,M
Gaeryn,M
Gaetan,M
Gaetana,F
Gaetane,F
Gaetanina,F
Gaetanne,F
Gaetano,M
Gaeten,M
Gaetes,M
Gaeton,M
Gaetono,M
Gaewyn,F
Gaffney,M
Gagan,Unisex
Gagandeep,Unisex
Gagandeep-Kaur,F
Gagandip,M
Gaganjeet,Unisex
Gaganjot,Unisex
Gaganjote,M
Gaganjyot,F
Gaganpreet ,Unisex
Gaganreet,F
Gaganroop,M
Gaganveer,M
Gaganvir,M
Gage,M
Gage-Ashton,M
Gage-Donrick,M
Gage-Koltan,M
Gaggandeep,M
Gagganprit,F
Gagik,M
Gagneet,F
Gagunjodh,M
Gah,M
Gahan,M
Gahdaco,M
Gahel,M
Gahven,M
Gahvin,M
Gai,F
Gaia,F
Gaian,M
Gaibriel,M
Gaibrielle,F
Gaida,F
Gaiden,M
Gaie,F
Gaige,M
Gaij,M
Gaije,M
Gail,F
Gail-Anne,F
Gaila,F
Gailand,M
Gailann,F
Gailanne,F
Gailard,M
Gaile,F
Gaileen,F
Gailen,M
Gailene,F
Gaillard,M
Gaillen,F
Gaillene,F
Gaillyn,F
Gailon,M
Gailord,M
Gailvin,F
Gailya,F
Gailyn,F
Gailynn,F
Gailynne,F
Gainer,F
Gaines,M
Gains,M
Gaintarna,M
Gair,M
Gaira,F
Gairen,M
Gairod,M
Gairon,M
Gairtmanee,F
Gaisoon,F
Gaitano,M
Gaith,M
Gaither,M
Gaitlin,F
Gaius,M
Gaiya,F
Gaizka ,M
Gaja ,F
Gajaananan,M
Gajakharini,F
Gajan,M
Gajanan,M
Gajanveer,M
Gaje,M
Gajuan,M
Gajus,M
Gak,Unisex
Gal,Unisex
Gala,F
Galac,M
Galadriel,F
Galadrielle,F
Galan,M
Galani,F
Galasa,M
Galataya,F
Galatea,F
Galathia,F
Galatia,F
Galatiani,F
Galaxez,M
Galaxia,M
Galaxie,F
Galaxy,F
Galdino,M
Gale,Unisex
Gale-maria,F
Galee,F
Galeena,F
Galen,M
Galena,F
Galene,F
Galhone,M
Gali,F
Galia,F
Galiana,F
Galib,M
Galicia,F
Galie,M
Galila,F
Galilea,F
Galileah,F
Galilee,F
Galileo,M
Galin,M
Galina,F
Galinda,F
Galisa,F
Galit,F
Galiyah,F
Galla ,F
Gallagher,M
Gallary,F
Gallen,M
Gallia,F
Galliano,M
Gallie,F
Galloway,M
Galo,M
Galon,M
Galuak,M
Galvester,M
Galveston,M
Galvin,M
Galvinder,M
Galvyn,M
Galya,F
Galye,F
Galylea,F
Galyn,Unisex
Galynn,F
Gamal,M
Gamaliel,M
Gamalier,M
Gamar ,F
Gamari,M
Gambert,M
Gambit,M
Gamble,M
Gamel,M
Gamen,F
Games,M
Gamesila,F
Gamil,M
Gamila,F
Gamilmil,F
Gamir,M
Gamtesa,M
Gamya,F
Gamze ,F
Gana,F
Ganae,F
Ganajah,F
Ganan,M
Gandalf,M
Gandalina,F
Gandell,M
Gandolfo,M
Ganeev,Unisex
Ganell,F
Ganelle,F
Ganesa,F
Ganesh,M
Ganesha,F
Ganessa,F
Ganessia,F
Ganet,F
Ganeve ,Unisex
Ganevmeet,M
Ganga ,F
Gani,M
Gania,F
Ganika,F
Ganiska,F
Ganit,Unisex
Ganita,F
Ganiya,F
Ganiyah,F
Ganjeet,M
Ganjouk,M
Ganna,F
Gannen,M
Ganni,M
Gannicus,M
Ganno,M
Gannon,M
Gannon-jane,F
Gannyn,M
Gano,M
Ganon,M
Gant,M
Gantt,M
Ganwa,F
Ganya,F
Ganyn,M
Ganz,M
Ganze,F
Gao,F
Gao-xian,M
Gaolee,F
Gaonou,F
Gaosheng,F
Gaoussou,M
Gaozong,F
Gaquan,M
Gar,M
Gar-Leung,M
Gar-Yun,F
Gara,F
Garagad,F
Garah,F
Garak,M
Garald,M
Garam,M
Garan,M
Garance ,F
Garand,M
Garang,M
Garard,M
Garardo,M
Garath,M
Garatt,M
Garbiel,M
Garbielle,F
Garbo,M
Garbriel,M
Garbrielle,F
Garcelle,F
Garcia,M
Gard,M
Garda,F
Gardell,M
Garden,M
Gardenia,F
Gardina,F
Gardiner,M
Gardner,M
Gardy,M
Gare,M
Gared,M
Garef,M
Garek,M
Gareld,M
Garen,M
Garet,M
Gareth,M
Garetn,M
Garett,M
Garette,M
Garey,M
Garfield,M
Gargee,F
Gargi,F
Gargola,M
Garhard,M
Garhett,M
Gari,Unisex
Gari-Lynn,F
Gari-Rae,F
Garian,M
Garic,M
Garick,M
Garid,M
Garie,Unisex
Gariel,Unisex
Gariella,F
Garielle,F
Garieth,M
Garieva,F
Garifalia,F
Garifallos,M
Garifalos,M
GariFn,M
Garik,M
Garileigh,F
Garilyn,F
Garima,F
Garin,M
Garina,F
Garinder,M
Garine,F
Garion,M
Gariphalia,F
Garique,M
Garisen,M
Garison,M
Garit,M
Garith,M
Garitt,M
Garius,M
Garjjan,M
Garl,M
Garla,F
Garlan,M
Garland,M
Garlen,M
Garlene,F
Garlin,M
Garlina,F
Garlon,M
Garlond,M
Garlund,M
Garly,F
Garlyn,Unisex
Garman,M
Garmei,F
Garmon,M
Garn,M
Garna,F
Garnadine,F
Garnel,M
Garnell,Unisex
Garnelle,F
Garner,M
Garnet,Unisex
Garneta,F
Garneth,M
Garnett,Unisex
Garnetta,F
Garnette,F
Garney,M
Garnie,Unisex
Garnieta,F
Garnita,F
Garo,M
Garold,M
Garon,M
Garott,M
Garr,M
Garrack,M
Garrad,M
Garradine,F
Garran,M
Garrard,M
Garratt,M
Garred,M
Garreit,M
Garrek,M
Garrel,M
Garrell,M
Garren,M
Garret,M
Garreth,M
Garrett,M
Garrette,M
Garrey,M
Garrhett,M
Garri,Unisex
Garric,M
Garrick,M
Garrid,M
Garridan,M
Garrie,Unisex
Garrik,M
Garrin,M
Garrina,F
Garrine,M
Garrion,M
Garris,M
Garrisen,M
Garrison,M
Garrit,M
Garritt,M
Garritty,M
Garrity,Unisex
Garrod,M
Garron,M
Garrson,M
Garrus,M
Garry,M
Garryanne,F
Garryll,M
Garryn,Unisex
Garryt,M
Garson,M
Garth,M
Gartha,F
Gartrell,M
Garv,M
Garvan,M
Garveen,M
Garvens,M
Garvey,M
Garvi,F
Garvice,M
Garvie,M
Garvik,M
Garvil,M
Garvin,M
Garvis,M
Garvish,M
Garwai,F
Garwin,M
Garwood,M
Gary,M
Gary-Andrew,M
Gary-george,M
Gary-peter,M
Garyda,F
Garydean,M
Garyfalia,F
Garyl,M
Garylee,M
Garyn,Unisex
Garyon,M
Garyson,M
Garyth,M
Garytt,M
Gasia,F
Gasira,F
Gaspar,M
Gaspard,M
Gaspare,M
Gaspari,M
Gasper,M
Gassan,M
Gassem,M
Gastia,F
Gaston,M
Gastonguay,M
Gatdor,M
Gaten,M
Gates,Unisex
Gatha,F
Gathel,F
Gather,M
Gathorne,M
Gatik,M
Gatine,M
Gatkuoth,M
Gatlat,M
Gatlen,M
Gatlin,M
Gatluak,M
Gatlyn,M
Gatlynn,Unisex
Gatmandong,M
Gator,M
Gatsby,Unisex
Gatta,M
GaTtan,M
Gattis,M
Gattlin,M
Gatwech,M
Gatwich,M
Gaudalupe,F
Gaudencio,M
Gaudy,F
Gauge,M
Gauhar,M
Gauje,M
Gaultier,M
Gaurang,M
Gaurasundari,F
Gaurav,M
Gauravdeep,Unisex
Gauree,F
Gauri,F
Gaurika,F
Gaurish,M
Gauss,M
Gautam,M
Gautami,F
Gautham,M
Gavan,M
Gavani,M
Gavanjit,M
Gavanpal-Singh,M
Gavean,M
Gaveerdeep,M
Gaven,M
Gavern,M
Gavi,F
Gavian,M
Gavien,M
Gavin,M
Gavin-Chad,M
Gavina,F
Gavindeep ,M
Gavinder ,M
Gavinjit,M
Gavinjot,M
Gavinmeet,M
Gavinn,M
Gavino,M
Gaviota,F
Gavneet,M
Gavon,M
Gavreel,M
Gavri,M
Gavri'el,M
Gavrie,M
Gavriel,M
Gavriela,F
Gavriele,F
Gavriella,F
Gavrielle,F
Gavril,M
Gavvin,M
Gavvyn,M
Gavy,F
Gavyn,M
Gavyne,M
Gavynn,M
Gaw,M
Gawain,M
Gawaine,M
Gawar,M
Gawen,M
Gawiya,F
Gay,F
Gaya,F
Gayane,F
Gayann,F
Gayanne,F
Gayathiri ,F
Gayathmee,F
Gayathri,F
Gayathri-Tanya,F
Gayatri,F
Gaybreil,F
Gaybrielle,F
Gaydaa,F
Gayduo-esther,F
Gaye,F
Gaye-ann,F
Gaye-Lynn,F
Gayel,F
Gayelene,F
Gayelyn,F
Gayenor,F
Gayesh,M
Gayge,M
Gayl,F
Gayla,F
Gaylan,M
Gayland,M
Gaylard,M
Gayle,F
Gaylea,F
Gaylean,F
Gayleane,F
Gaylee,F
Gaylee-Marie,F
Gayleen,F
Gaylen,Unisex
Gaylene,F
Gaylerd,M
Gaylia,F
Gaylin,Unisex
Gaylon,M
Gaylor,M
Gaylord,M
Gaylyn,F
Gaylynn,F
Gaylynne,F
Gayna,F
Gaynard,M
Gaynel,F
Gaynell,F
Gaynelle,F
Gayner,F
Gaynna,F
Gaynol,F
Gaynor,Unisex
Gaynor-lee,F
Gaynore,F
Gayola,F
Gayoung,F
Gayron,M
Gaytha,F
Gaythel,F
Gayton,M
Gayun,F
Gayus,M
Gaza,M
Gazal,F
Gazebeya,F
Gazel ,F
Gazella,F
Gazella-luiza,F
Gazelle,F
Gazi ,M
Gazim,M
Gazlyn,F
Gbemisola ,F
Gbolahan ,M
GdAnna,F
Ge,M
Gea,F
Gean,Unisex
Gean-Rey,M
Geana,F
Geancarlo,M
Geane,F
Geanette,F
Geanie,F
Geanine,F
Geanna,F
Geanne,F
Geannie,F
Geannine,F
Gearald,M
Gearard,M
Geard,M
Geargia,F
Gearl,Unisex
Gearld,M
Gearldean,F
Gearldene,F
Gearldine,F
Gearlean,F
Gearleen,F
Gearlene,F
Gearline,F
Gearoid ,M
Gearold,M
Gearßrd,M
Geary,M
Gearyn,M
Geashna,F
Geatano,M
Gebran,M
Gebrela,F
Gebriela,F
Gebril,M
Gecenia,F
Ged ,M
Gedalia,M
Gedaliah,M
Gedalya,M
Geddes,M
Geddy,M
Gede,M
Gedeon,M
Gedewon,M
Gediminas ,M
Gedion,M
Gedomir,M
Gee,Unisex
Geela,F
Geena,F
Geert,M
Geerthana,F
Geertje,F
Geertruida,F
Geertruuda,F
Geet,F
Geeta,F
Geetanjali,F
Geetha,F
Geethika,F
Geetika,F
Geetpreet,F
Gefen,F
Geff,M
Geffen,M
Geffery,M
Geffory,M
Geffrey,M
Gegory,M
Gehad,Unisex
Gehan,F
Gehard,M
Gehna,F
Gehraud,M
Gehren,M
Gehrig,M
Geidi,F
Geidy,F
Geiger,M
Geir,M
Geisha,F
Geissie,F
Geith,M
Gejtanu,M
Gejuan,M
Geke,F
Gela,F
Gelacia,F
Gelacio,M
Gelaine,F
Gelasia,F
Gelda,F
Geleah,F
Gelein,F
Gelen,F
Gelena,F
Gelene,F
Gelia,F
Geliane,F
Gelila,F
Gelina,F
Gelinda,F
Gelindo,M
Geline,F
Gelio,M
Gelisa,F
Gelisha,F
Gelissa,F
Gella,F
Gellan,M
Gellana,F
Gellen,M
Gelsa,F
Gelsey,F
Gelsomina,F
Gelsomino,M
Gelson,M
Gem,Unisex
Gema,F
Gemaine,F
Gemar,M
Gemari,M
Gemarion,M
Gemayel,M
Gemela,F
Gemelia,F
Gemella,F
Gemelle,F
Gemelli,F
Gemia,F
Gemikalyn,F
Gemima ,F
Gemini,Unisex
Gemini-Miranda-Marie,F
Geminie,F
Geminy,F
Gemis,M
Gemise,F
Gemma,F
Gemma-aymonne,F
Gemma-Dawn,F
Gemma-kaye,F
Gemma-Lee,F
Gemma-Louise ,F
Gemma-rose,F
Gemmagh,F
Gemmah,F
Gemmalynn,F
Gemmay,F
Gemme,F
Gemmel,Unisex
Gemmy,F
Gemo,M
Gemtree,M
Gemwel,M
Gemyla,F
Gen,Unisex
Gena,F
Gena-maria,F
Genae,F
Genafer,F
Genai,F
Genalou,F
Genalyn-Anne,F
Genan,F
Genara,F
Genard,M
Genaro,M
Genasis,F
Genave,F
Genavecia,F
Genavee,F
Genaveve,F
Genavie,F
Genavieve,F
Genavive,F
Genavyve,F
Genay,F
Genaya,F
Gencie,F
Genden,M
Gendhis,F
Gendrick,M
Gene,M
Gene-paul,M
Genea,F
Genea-Aubrey,F
Geneah,F
Geneal,F
Genean,F
Geneane,F
Geneca,F
Genece,F
Genecis,F
Genee,F
Geneece,F
Geneen,F
Geneeva,F
Geneice,F
Geneieve,F
Geneil,F
Geneine,F
Geneisa,F
Geneiva,F
Geneive,F
Geneiveve,F
Geneivieve,F
Genel,F
Genelda,F
Genele,F
Genelia,F
Genell,F
Genella,F
Genelle,F
Genelva,F
Genelyn,F
Genena,F
Genendy,F
Genene,F
Genera,F
General,M
Genero,M
Generosa,F
Generose,F
Generoso,M
Generous,F
Generra,F
Genes,F
Genesa,F
Genese,F
Genesee,F
Geneses,F
Genesha,F
Genesi,F
Genesia,F
Genesio,M
Genesis,F
Genesiss,F
Geness,F
Genessa,F
Genesse,F
Genessee,F
Genessi,F
Genessie,F
Genessis,F
Genessy,F
Genessys,F
Genesta,F
Genesy,F
Genesys,F
Genet,F
Geneta,F
Genete,F
Genetha,F
Genett,F
Genetta,F
Genette,F
Geneva,F
Geneva-Anne,F
Geneve,F
Genevea,F
Genevee,F
Genevei,M
Geneveive,F
Genever,F
Genevera,F
Geneveve,F
Genevia,F
Genevie,F
Geneviene,F
Genevier,F
Geneviere,F
Geneviev,F
Genevieve,F
Genevieve-Mae,F
Genevievre,F
GeneviFve,F
Genevine,F
GeneviTve,F
Genevive,F
Genevra,F
Genevun,M
Genevy,F
Genevyeve,F
Geneza ,F
GenFve,F
Geng,M
Genghis,M
Gengika,F
Gengiz,M
Geni,F
Genia,F
Geniah,F
Geniale,M
Genica,F
Genice,F
Genie,F
Geniece,F
Geniel,F
Genien,F
Geniene,F
Genieva,F
Genieve,F
Genievieve,F
Genifer,F
Geniffer,F
Genika,F
Genina,F
Genine,F
Genis,Unisex
Genise,F
Genises,F
Genisha,F
Genisis,F
Genissa,F
Genisse,F
Genisus,F
Genisys,F
Genita,F
Genius,M
Geniva,F
Genive,F
Genivee,F
Genivieve,F
Genivive,F
Geniya,F
Geniyah,F
Genjie,F
Genjiro,M
Genki,M
Genna,F
Genna-Lynn,F
Gennady,M
Gennae,F
Gennaeve,F
Gennafer,F
Gennalee,F
Gennalynn,F
Gennarina,F
Gennarino,M
Gennaro,M
Gennavieve,F
Gennavive,F
Genneah,F
Gennefer,F
Gennell,F
Gennelle,F
Genner,M
Gennesis,F
Gennessy,F
Gennesy,F
Gennesys,F
Genneth,F
Gennett,F
Gennetta,F
Gennette,F
Gennevieve,F
Genni,F
Gennia,F
Gennice,F
Gennie,F
Gennieve,F
Gennifer,F
Gennika,F
Genniline,F
Gennine,F
Genny,F
Gennyce,F
Gennyne,F
Geno,M
Genoa,F
Genoefa,F
Genoeffa,F
Genoelffa,F
Genofa,F
Genoise,F
Genola,F
Genora,F
Genoria,F
Genova,F
Genovaite,F
Genovefa,F
Genoveffa,F
Genoveva,F
Genoveve,F
Genovevo,M
Genovia,F
Genovieve,F
Genowefa,F
Genrose,F
Gensie,F
Gensis,F
Genson ,M
Gent,M
Genta ,F
Gentatsu,M
Genti,Unisex
Gentian ,M
Gentiana,F
Gentiar,M
Gentle,M
Gentri,F
Gentrie,F
Gentrit ,M
Gentry,Unisex
GenTva,F
Genuine,M
Genva,F
Genvieve,F
GenviFve,F
Genvissa,F
Genya,F
Genysee,F
Genysis,F
Geo,M
Geobani,M
Geodoro,M
Geoelle,F
Geof,M
Geofery,M
Geoff,M
Geoff-lyn,F
Geofferey,M
Geofferson,M
Geoffery,M
Geoffory,M
Geoffrey,M
Geoffrey-michael,M
Geoffrie,M
Geoffroy,M
Geoffry,M
Geofrey,M
Geofrrey,M
Geofry,M
Geofvin,M
Geoge,M
Geogea,F
Geoggrey,M
Geoghfrey,M
Geogia,F
Geogory,M
Geomar,M
Geon,M
Geona,F
Geoneffa,F
Geonna,F
Geonni,M
Geono,M
Geontae,M
Geonte,M
Geopgia,F
Georann,F
Geordan,M
Geordann,F
Geordav,M
Georde,M
Geordee,M
Georden,Unisex
Geordi,M
Geordian,M
Geordie,M
Geordon,M
Geordy,M
Geordyn,F
Geore,M
Georenzo,M
Georffrey,M
Georg,M
Georg-jah,F
Georga,F
Georgalyn,F
Georgan,F
Georgana,F
Georgann,F
Georganna,F
Georganne,F
George,M
George-alexander,M
George-Chih-Hau,M
George-eric,M
George-Henry ,M
George-James ,M
George-jody,M
George-nicholas,M
George-paul,M
George-William ,M
Georgea,F
Georgeah,F
Georgean,F
Georgeana,F
Georgeann,F
Georgeanna,F
Georgeanne,F
Georgeanthony,M
Georgee ,F
Georgeen,F
Georgeena,F
Georgeina,F
Georgella,F
Georgemichael,M
Georgen,F
Georgena,F
Georgene,F
Georgenia,F
Georgenna,F
Georgenne,F
Georgeo,M
Georgeois,F
Georgeos,M
Georgeous,M
Georges,M
Georges-Henri,M
Georges-Jhon,M
Georges-Liam,M
Georgeta,F
Georgett,F
Georgetta,F
Georgette,F
Georgey ,M
Georgi,Unisex
Georgi-Ann,F
Georgi-Jean,F
Georgia,F
Georgia-anne,F
Georgia-Grace ,F
Georgia-kate,F
Georgia-Lee ,F
Georgia-Leigh ,F
Georgia-Louise ,F
Georgia-Lynn,F
Georgia-Lynne,F
Georgia-Mae ,F
Georgia-Mai ,F
Georgia-marie,F
Georgia-May ,F
Georgia-Rae ,F
Georgia-rohese,F
Georgia-Rose ,F
Georgia-skye,F
Georgiaann,F
Georgiah,F
Georgialee,F
Georgiamae,F
Georgian,F
Georgiana,F
Georgiane,F
Georgiann,F
Georgianna,F
Georgianne,F
Georgiavee,F
Georgie,Unisex
Georgie-Ann ,F
Georgie-anne,F
Georgie-Lee ,Unisex
Georgie-Leigh ,F
Georgie-lou,F
Georgie-Mae ,F
Georgie-Mai ,F
Georgie-May ,F
Georgie-Rae ,F
Georgie-Rose ,F
Georgieana,F
Georgieann,F
Georgieanna,F
Georgiena,F
Georgier,F
Georgietta,F
Georgije,M
Georgin,M
Georgina,F
Georgina-Christine,F
Georgina-faye,F
Georgine,F
Georginia,F
Georgio,M
Georgio-Georges,M
Georgion,M
Georgios,M
Georgious,M
Georgiy,M
Georgnia,F
Georgos,M
Georgy,Unisex
Georgyanna,F
Georiana,F
Georja ,F
Georjean,F
Georjette,F
Georjia,F
Geory,M
Geovan,M
Geovana,F
Geovani,M
Geovanie,M
Geovanna,F
Geovanne,M
Geovanni,M
Geovannie,M
Geovanny,M
Geovany,M
Geovoni,M
Geovonie,M
Geovonni,M
Geovonnie,M
Gequan,M
Ger,Unisex
Gera,F
Gerad,M
Gerade,M
Geradette,F
Geradine,F
Gerado,M
Gerahd,M
Geraine,F
Geraint ,M
Gerakina,F
Geral,Unisex
Geralann,F
Gerald,M
Gerald-Gunder,M
Gerald-Jan,M
Gerald-Ryan,M
Geralda,F
Geraldean,F
Geraldeane,F
Geraldeen,F
Geraldene,F
Geraldi,F
Geraldin,F
Geraldina,F
Geraldine,F
Geraldinne,F
Geraldo,M
Geraldy,F
Geraldyn,F
Geraldyne,F
Geraleen,F
Geralene,F
Geraline,F
Geralis,F
Gerall,M
Gerallt ,M
Geralyn,F
Geralynn,F
Geralynn-Neil,F
Gerame,M
Geramiah,M
Geramie,M
Geramy,M
Geran,M
Gerane,F
Geranium,F
Gerarad,M
Gerard,M
Gerarda,F
Gerardas ,M
Gerardene,F
Gerardette,F
Gerardina,F
Gerardine,F
Gerardo,M
Gerardo-gaetano,M
Gerardojr,M
Gerardus,M
Geraro,M
Gerasimia,F
Gerasimos,M
Gerassimos,M
Geraud,M
Gerben,M
Gerber,M
Gerbeth,F
Gerd,Unisex
Gerda,F
Gerdelyn,F
Gerdie,F
Gerdina,F
Gere,Unisex
Gered,M
Gereda,F
Geredd,M
Gerek,M
Gereld,M
Gereldine,F
Gerelene,F
Gereline,F
Gerell,M
Gerelyn,F
Gerelynn,F
Geremia,M
Geremiah,M
Geremias,M
Geremie,M
Geremy,M
Geren,M
Gerene,F
Geresoma,F
Geretha,F
Gerett,M
Gerette,F
Gerg÷,M
Gergana ,F
Gergely ,M
Gergo ,M
Gergory,M
Gerhard,M
Gerhardt,M
Gerhardus,M
Gerhart,M
Gerhord,M
Geri,F
Geri-Ann,F
Geri-Lee,F
Geri-Lynn,F
Geri-Paige,F
Geri-rae,F
Geriah,F
Geriann,F
Gerianne,F
Gerias,M
Geric,M
Gerica,F
Gericho,M
Gerick,M
Gericka,F
Gericko,M
Gerid,M
Gerie,F
Geriel,M
Gerik,M
Gerika,F
Gerilee,F
Gerilyn,F
Gerilynn,F
Gerimia,M
Gerimiah,M
Gerin,Unisex
Geris,F
Gerise,F
Gerita,F
Geritt,M
Geriyah,F
Gerlad,M
Gerladine,F
Gerlaine,F
Gerld,M
Gerldean,F
Gerldine,F
Gerlean,F
Gerleila,F
Gerlene,F
Gerlin,F
Gerlinda,F
Gerlinde,F
Gerline,F
Gerlisa,F
Gerlyn,F
Germain,M
Germain-Teresa,F
Germaine,Unisex
German,M
Germane,M
Germani,F
Germanos,M
Germany,Unisex
Germar,M
Germari,M
Germarion,M
Germayne,M
Germell,M
Germey,M
Germon,M
Germya,F
Gernard,M
Gerniah,F
Gernie,M
Gernil,M
Gerniya,F
Gernot,M
Gero,M
Gerod,M
Geroge,M
Gerogia,F
Gerold,M
Gerold-otto,M
Geroldine,F
Geroline,F
Gerolyn,F
Gerome,M
Geromy,M
Geron,M
Gerone,M
Geronima,F
Geronimo,M
Gerrad,M
Gerrald,M
Gerralene,F
Gerran,M
Gerrance,M
Gerrard,M
Gerrardo,M
Gerrath,M
Gerratt,M
Gerre,F
Gerred,M
Gerrel,M
Gerrell,M
Gerren,M
Gerret,M
Gerrett,M
Gerri,F
Gerri-Anne,F
Gerriann,F
Gerrianne,F
Gerrica,F
Gerrick,M
Gerrid,M
Gerrie,F
Gerrie-lee,F
Gerrie-Mae,F
Gerriejan,M
Gerriel,M
Gerrik,M
Gerrika,F
Gerrilee,F
Gerrilyn,F
Gerrilynn,F
Gerrin,M
Gerrious,M
Gerrit,M
Gerrit-dean,M
Gerritje,F
Gerritt,M
Gerrod,M
Gerrold,M
Gerron,M
Gerry,Unisex
Gerry-Marian,M
Gerryann,F
Gerrye,F
Gerrylee-Ann,F
Gerryn,Unisex
Gersain,M
Gershom,M
Gershon,M
Gerson,M
Gerswin,M
Gerta,F
Gertha,F
Gerthie,F
Gerti,M
Gertie,F
Gertis,Unisex
Gertraud,F
Gertrud,F
Gertruda,F
Gertrude,F
Gertrudes,F
Gertrudis,F
Gertrue,F
Gertruida,F
Gertude,F
Gerturde,F
Gerty,F
Gervais,M
Gervaise,F
Gervase,M
Gervasios,M
Gervis,M
Gervon,M
Gerwin,M
Gerwyn ,M
Gery,M
Geryk,M
Geryl,F
Geryn,M
Gerzie,F
Gerzon,M
Gesche,F
Gesel,F
Gesele,F
Gesell,F
Geselle,F
Gesen,M
Gesenia,F
Geshey,M
Geshia,F
Gesica,F
Gesiena,F
Gesina,F
Gesomina,F
Gessel,F
Gessell,F
Gesselle,F
Gessica,F
Gessica-Carmela,F
Gessina,F
Gessy,F
Gesu,M
Gesualdo,M
Geter,M
Getha,F
Gethen ,M
Gethin ,M
Gethin-bryn,M
Gethsemane,F
Gethsemani,F
Gethsimani,F
Gethyn ,M
Getoar,M
Getroda,F
Getruda,F
Getrude,F
Getrudes,F
Getrudis,F
Getsemani,F
Getsemany,F
Gettie,F
Gettis,M
Getty,M
Gettys,M
Gety,F
Getzel,M
Getzemani,F
Getzemany,F
Geu,M
Geuleana,F
Geumbou,M
Geumeng,M
Geumtian,M
Geuseppe,M
Geva,F
Gevalia,F
Gevan,M
Gevara,M
Gevena,F
Gevens,M
Gevin,M
Gevina,F
Gevon,M
Gevonte,M
Gevorg,M
Gevork,M
Gewel,F
Gey,M
Geysha,F
Geza,M
Gezau,M
Gezebella,F
Gezelle,F
Gezenia,F
Gezim ,M
Gezina,F
Gezylah,F
Ghabriel,M
Ghaby,F
Ghada,F
Ghadah,F
Ghadeer,F
Ghadi,Unisex
Ghadir,F
Ghael,M
Ghafoor ,M
Ghage,M
Ghai,M
Ghaid,F
Ghaida,F
Ghais,M
Ghaith,M
Ghala,F
Ghaleb,M
Ghali,M
Ghalia,F
Ghalib ,M
Ghalyah,F
Ghana,F
Ghanem,M
Ghania ,F
Ghanie,F
Ghanim ,M
Ghanima,F
Ghaniyah,F
Ghanshyam,M
Ghaphel,M
Gharib,M
Gharrett,M
Ghasan,M
Ghassan,M
Ghausia,F
Ghaven,M
Ghavin,M
Ghawarir,F
Ghayong,M
Ghazal,F
Ghazala ,F
Ghazali,M
Ghazel,F
Ghazi,M
Ghazia,F
Gheaideang,M
Gheed,F
Gheeda,F
Gheetan,M
Ghelila,F
Ghen,M
Ghena,F
Ghenet,F
Gheorghe ,M
Gheys,M
Ghia,F
Ghia-meng,F
Ghian,M
Ghiann,M
Ghianna,F
Ghida,F
Ghieann,F
Ghielaina,F
Ghil,M
Ghila-Ushria,F
Ghilas,M
Ghilliane,F
Ghilmark,M
Ghina,F
Ghinwa,F
Ghirmay,F
Ghislain,M
Ghislaine,F
Ghislane,F
Ghita,F
Ghitta,F
Ghoerge,M
Ghofraan,F
Ghofran,F
Ghofrane,F
Gholam,M
Ghoutuf,F
Ghray,M
Ghrib,M
Ghristos,M
Ghudz,M
Ghulam,M
Ghullam,M
Ghuntas,F
Ghuyth,M
Ghuzaiel,F
Ghyan,M
Ghyll ,M
Ghyslaine,F
Gi,Unisex
Gi'on,M
Gi-E,M
Gia,F
Gia-An,F
Gia-huy,M
Gia-kim,F
Gia-lac,M
Gia-Lee,F
Gia-Linh,F
Gia-phong,M
Gia-vinh,M
Giaan ,Unisex
Giaana,F
Giaanveer,M
Giabella,F
Giacamo,M
Giacinta,F
Giacinto,M
Giacobbe,M
Giacoma,Unisex
Giacoma-gaetano,M
Giacomina,F
Giacomo,M
Giaconda,F
Giaconta,F
Giada,F
Giah,F
Giahan,F
Giahn,F
Giahna,F
Giahnna,F
Gialeyssa,F
Giamarie,F
Giambattista,M
Gian,M
Gian-carlo,M
Gian-franco,M
Gian-Luca ,M
Gian-Marco,M
Gian-paolo,M
Gian-piero,M
Giana,F
Giana-lee,F
Gianah,F
Gianbattista,M
Gianbenedict,M
Giancarla,F
Giancarlo,M
Giancarlos,M
Giancarmine,M
Giandomenico,M
Gianela,F
Gianella,F
Gianelle,F
Gianelly,F
Gianessa,F
Gianetta,F
Gianfranca,F
Gianfranco,M
Gianfranco-adriano,M
Gianfranco-guido,M
Giang,Unisex
Giani,Unisex
Gianina,F
Gianinna,F
Gianinni,M
Gianis,M
Gianivo,M
Giankarlo,M
Gianluca,M
Gianlucas,M
Gianlucca,M
Gianluigi,M
Gianluis,M
Gianluka,M
Gianmarco,M
Gianmarcos,M
Gianmathew,M
Gianmichael,M
Giann,M
Giann-felippe,M
Gianna,F
Gianna-Grace,F
Giannah,F
Giannakis,M
Giannamarie,F
Giannarose,F
Gianncarlo,M
Gianne,F
Gianne-lee,F
Giannella,F
Giannelle,F
Giannetta,F
Gianni,Unisex
Giannie,F
Giannina,F
Giannino,M
Giannis ,M
Gianno,M
Giannoula,Unisex
Gianny,Unisex
Giano,M
Gianoula,F
Gianpaolo,M
Gianpaul,M
Gianpiero,M
Gianpietro,M
Gianpreet,F
Giany,F
Giao,Unisex
Giara,F
Giasemi,Unisex
Giati,F
Giavana,F
Giavanna,F
Giavannah,F
Giavanni,Unisex
Giavona,F
Giavonah,F
Giavonna,F
Giavonni,Unisex
Giavonnie,F
Gib,M
Gibb,M
Gibbrielle,F
Gibbriene,F
Gibbs,M
Gibelly,F
Gibert,M
Gibrail,M
Gibram,M
Gibran,M
Gibreal,M
Gibrian,M
Gibriel,M
Gibril,M
Gibsen,M
Gibson,M
Gibsyn,F
Gicel,F
Gicela,F
Gicell,F
Gicelle,F
Gicondina,F
Gid,M
Giddeon,M
Gide,F
Gideon,M
Gidget,F
Gidgett,F
Gidgette,F
Gidgit,F
Gidieon,M
Gidon ,M
Gie,M
Giefte,F
Giehard,M
Gieherd,M
Giel,M
Gien,M
Gienea,F
Gienia,Unisex
Gienna,F
Gienowfa,F
Gieorgia,F
Gier,F
Gieran,M
Gierhard,M
Gierhardt,M
Gierherd,M
Gierhord,M
Gierhort,M
Giesela,F
Gieselle,F
Gieseppe,M
Giesla,F
Giezi,M
Giffin,M
Giffon,M
Gifford,M
Giffrido,M
Gifordey,M
Gift,F
Gifty,F
Gig,M
Giget,F
Gigetta,F
Gigette,F
Gigha,F
Gigi,F
Gigino,M
Gigli,M
Gigliola,Unisex
Gihad,M
Gihan ,M
Gihana,F
Gihanna,F
Gii,F
Giir,M
Giiwedin,M
Gijsberdina,F
Gijsbertha,F
Gijsbertus,M
Gil,M
Gila,F
Gilad,M
Gilaine,F
Gilan,M
Gilana,F
Gilbert,M
Gilberta,F
Gilberte,F
Gilberto,M
Gilby ,M
Gilchrist,M
Gilda,F
Gildardo,M
Gildi,F
Gildo,M
Gile,M
Gilead,M
Gilean,M
Gilene,F
Giles,M
Gilferd,M
Gilford,M
Gilfred,M
Gili,F
Gilia,F
Gilian,F
Giliana,F
Gilinda,F
Giliola,F
Gill,M
Gillain,F
Gillan,Unisex
Gillard,M
Gillas,F
Gille,M
Gillean,M
Gilleane,F
Gillen,Unisex
Gillermina,F
Gillermo,M
Gilles,M
Gillespie,M
Gillette,M
Gilliam,M
Gillian,F
Gillian-Raine,F
Gilliana,F
Gilliane,F
Gilliann,F
Gillianna,F
Gillianne,F
Gillie,Unisex
Gillienne,F
Gillina,F
Gillis,M
Gillon,M
Gilly ,M
Gillyan,F
Gilma,F
Gilman,M
Gilmar,M
Gilmer,M
Gilmore,M
Gilmour,M
Gilormina,F
Gilroy,M
Gilson,M
Gilverto,M
Gilyan,F
Gim,M
Gimena,F
Gimi,M
Gimino,M
Gimo,M
Gin,Unisex
Gina,F
Gina-kate,F
Gina-Lyn,F
Gina-Mae,F
Gina-Marie,F
Gina-Michelle,F
Ginae,F
Ginamaria,F
Ginamarie,F
Ginan,F
Ginaovaline,F
Ginaya,F
Gindy,F
Gineen,F
Gineille,F
Ginelie,F
Ginell,F
Ginelle,F
Ginenne,F
Giner,F
Ginessa,F
Ginetha,F
Ginetta,F
Ginette,F
Gineva,F
Ginevera,F
Ginevra,F
Ging,F
Ginger,F
Ginger-Anne,F
Ginger-Rose,F
Ginglia,F
Gini,F
Ginia,F
Ginikachi,F
Ginine,F
Ginji,M
Ginna,F
Ginnean,F
Ginneh,F
Ginneile,F
Ginnelle,F
Ginnene,F
Ginnette,F
Ginney,F
Ginni,F
Ginnie,F
Ginnifer,F
Ginno,M
Ginny,F
Ginny-Lou,F
Gino,M
Gino-carlo,M
Gino-umberto,M
Gino-Vittorio,M
Ginobili,M
Ginta,F
Gintaras,M
Gintare ,F
Gintas,M
Gintautas,M
Ginwa,F
Giny,F
Giny-Lyn,F
Ginza,F
Gio,M
Gioacchino,M
Gioacehino,M
Gioachino,M
Gioanna,F
Giobani,M
Giobany,M
Giocchino,M
Giocinto,M
Giocomo,M
Gioconda,F
Giocondo,M
Gioele,M
Gioia,F
Gioia-Alexa,F
Gioliana,F
Giollana,F
Giomar,M
Giomi,M
Gion,M
Giona,F
Gionatan,M
Gioni,M
Gionn,M
Gionna,F
Gionnbattista,M
Gionni,M
Gionnie,M
Gionny,M
Giorannina,F
Giordan,Unisex
Giordana,F
Giordanna,F
Giordano,M
Giordion,M
Giorg,M
Giorga,F
Giorge,M
Giorgi,M
Giorgia,F
Giorgia-Anna,F
Giorgia-mae,F
Giorgiana ,F
Giorgianna,F
Giorgie,M
Giorgina,F
Giorgio,M
Giorgios,M
Giorgo,M
Giorgy,M
Giorja,F
Giosafatte,M
Giose,M
Gioseppe,M
Gioseppina,F
Gioseppine,F
Giosevana,F
Giosina,F
Giosue,M
Giouli,M
Giouui,M
Giovacchino,M
Giovambattista,M
Giovan,M
Giovana,F
Giovani,M
Giovanie,M
Giovanii,M
Giovanina,F
Giovann,M
Giovanna,F
Giovannah,F
Giovannangelo,M
Giovanne,M
Giovanni,M
Giovanni-carlo,M
Giovannia,F
Giovannie,M
Giovannii,M
Giovannina,F
Giovannino,M
Giovanno,M
Giovanny,M
Giovante,M
Giovany,M
Giovina,F
Giovinina,F
Giovoni,M
Giovonie,M
Giovonna,F
Giovonni,M
Giovonnie,M
Gipson,M
Gipsy,F
Gipyee-Jenny,F
Girafak,M
Girard,M
Giray ,M
Girdie,F
Gireesh,M
Girija,F
Girish,M
Girl,F
Girlean,F
Girlee,F
Girlene,F
Girlie,F
Girma,M
Girmina,F
Giro,M
Girolama,F
Girolamina,F
Girolamo,M
Girolamo-antonio,M
Girolemo,M
Girolomo,M
Girtha,F
Girther,F
Girthie,F
Girtie,F
Girtrude,F
Girtrue,F
Girty,F
Gisass,F
Gisberto,M
Giscard,M
Gisel,F
Gisela,F
Gisela-Lyxzen,F
Giselda,F
Gisele,F
Gisell,F
Gisella,F
Giselle,F
Gisellie,F
Giselly,F
Gisely,F
Gisette,F
GisFle,F
Gisla,F
Gislain,M
Gislaine,F
Gislene,F
Gissel,F
Gissela,F
Gissele,F
Gissell,F
Gissella,F
Gisselle,F
Gissett,F
Gissette,F
Git,M
Gita,F
Gita-govinda,F
Gitana,F
Gitanjali,F
Gitaz,F
Gitel,F
Githa,F
Gitika,F
Gitta,F
Gitte,F
Gittel,F
Gittle,F
Gitty,F
Gitzel,F
Giuditta,F
Giuglia,F
Giuglieta,F
Giuglietta,F
Giuglio,M
Giulia,F
Giulia-giorgina,F
Giulian,M
Giuliana,F
Giuliana-angela,F
Giuliana-letizia,F
Giuliani,M
Giulianna,F
Giuliano,M
Giulietta,F
Giuliette,F
Giulio,M
Giulio-antonio,M
Giulliana,F
Giulliano,M
Giusappina,F
Giusepe,M
Giusephina,F
Giusepina,F
Giusepinna,F
Giuseppa,F
Giuseppe,M
Giuseppe-domenico,M
Giuseppi,M
Giuseppina,F
Giuseppina-maria,F
Giuseppino,F
Giusepye,M
Giusseppe,M
Giustina,F
Giustino,M
Giuvanni,M
Giuvannina,F
Givanna,F
Givanni,M
Given,M
Giveney,F
Giverney,F
Giverny ,F
Givon,M
Givonna,F
Givonni,M
Giw,M
Giwa,F
Gix,M
Gixxer,M
Giya,F
Giyana,F
Giyanna,F
Giyth,M
Gizel,F
Gizela,F
Gizele,F
Gizell,F
Gizella,F
Gizelle,F
Gizem,F
Gizem-Yasemin,F
Gizette,F
Gizman,F
Gizzel,F
Gizzelle,F
Gjavid,M
Gjemajl,M
Gjenna,F
Gjevika,F
Gjoa,Unisex
Gjon,M
Gjuzide,F
Glaceon,M
Glacia,F
Glacie,F
Glacier,F
Glacy,F
Glada,F
Gladden,M
Glade,M
Gladene,F
Glades,F
Gladie,F
Gladies,F
Gladimir,M
Gladine,F
Gladio,M
Gladiola,F
Gladis,F
Gladiz,F
Gladness,F
Gladolia,F
Gladston,M
Gladstone,M
Gladus,F
Gladvia,F
Gladwin,M
Gladwyn,M
Glady,F
Gladyce,F
Gladyes,F
Gladyne,F
Gladys,F
Gladyse,F
Gladystine,F
Glafira,F
Glain ,F
Glaiza,F
Glaizah,F
Glamour,F
Glance,F
Glanda,F
Glanville,M
Glanys,F
Glara,F
Glary,M
Glasco,M
Glasha,F
Glasper,M
Glasson,M
Glatha,F
Glaudina,F
Glavdia,F
Glayds,F
Glayne,F
Glaysen,F
Glean,M
Gleanna,F
Gleason,M
Gleb,M
Glecia,F
Gleda,F
Glee,F
Gleeland,F
Gleen,M
Gleeta,F
Gleewin,F
Gleewyn,F
Gleice,F
Gleila,F
Glema,F
Glen,M
Glen-duncan,M
Glen-more,M
Glena,F
Glenadine,F
Glenalee,F
Glenard,M
Glenatte,F
Glenavon,M
Glencora,F
Glenda,F
Glendah,F
Glendal,M
Glendale,Unisex
Glendalee,F
Glendalis,F
Glendaliz,F
Glendall,M
Glendaly,F
Glendalys,F
Glendan,M
Glendean,F
Glendel,M
Glendell,Unisex
Glenden,M
Glendene,F
Glender,F
Glendi,F
Glendia,F
Glendin,M
Glendine,F
Glendle,M
Glendola,F
Glendolyn,F
Glendon,M
Glendora,F
Glendoria,F
Glendoris,F
Glendower,M
Glendre,F
Glendy,F
Glendyn,M
Glenell,F
Glenese,F
Glenesha,F
Gleneth,F
Glenetta,F
Glenette,F
Gleneva,F
Glenford,M
Glengarry,M
Glengelyn,F
Glenice,F
Glenielia,F
Glenis,F
Glenise,F
Glenisha,F
Gleniss,F
Glenister,F
Glenita,F
Glenjoy,F
Glenmore,M
Glenn,M
Glenn-craig,M
Glenna,F
Glenna-Lee,F
Glennard,M
Glennda,F
Glenndora,F
Glenne,F
Glennea,F
Glennell,F
Glennen,M
Glenneth,M
Glennett,M
Glennetta,F
Glennette,F
Glenngary,M
Glennia,F
Glennice,F
Glennie,Unisex
Glennikka,F
Glennis,Unisex
Glennisha,F
Glennister,F
Glennizelle,F
Glennon,M
Glennora,F
Glennton,M
Glennwood,M
Glenny,Unisex
Glennys,F
Glenola,F
Glenora,F
Glenrose,F
Glenroy,M
Glenston,M
Glenta,F
Glenthis,M
Glenton,M
Glentyn,M
Glenva,F
Glenville,M
Glenward,M
Glenwood,M
Gleny,F
Glenyce,F
Glenys,F
Glenys-kirsten,F
Glenyse,F
Glenyss,F
Glenzira,F
Gleonigi,F
Gleora,F
Glesni ,F
Glessie,F
Glicheria,F
Glida,F
Gligor,M
Gligorije,M
Glikeria,F
Glin,M
Glinda,F
Glinis,F
Glinnie,F
Glissen,M
Glo,F
Glodi ,M
Glodine,F
Glody ,M
Gloia,F
Glor,F
Glora,F
Glorene,F
Gloretha,F
Gloretta,F
Gloreyanne,F
Glori,F
Glori-Anne,F
Glori-Lynn,F
Gloria,F
Gloria-andrea,F
Gloria-Ann,F
Gloria-Jean,F
Gloria-Ray,F
Gloria-Renate,F
Gloria-rita,F
Gloriajean,F
Glorian,F
Gloriana,F
Gloriane,F
Gloriann,F
Glorianna,F
Glorianne,F
Gloribel,F
Glorice,F
Gloricely,F
Glorida,F
Glorie,F
Glories,F
Glorietta,F
Gloriette,F
Glorija,F
Glorimar,F
Glorine,F
Glorious,F
Gloris,F
Gloristeen,F
Gloristine,F
Glorius,F
Gloron,M
Glory,F
Glorya,F
Gloryah,F
Gloryana,F
Gloryann,F
Gloryvee,F
Glossie,F
Gloster,M
Glovanna,F
Glover,M
Gloyd,M
Glyda,F
Glyde,M
Glykaria,F
Glykeria,F
Glyn,M
Glyna,F
Glynda,F
Glyndia,F
Glyndon,M
Glyndora,F
Glyndwr,M
Glyne,M
Glynes,F
Glynice,F
Glynis,F
Glynise,F
Glyniss,F
Glynn,M
Glynn-stephen,M
Glynna,F
Glynndon,M
Glynne,Unisex
Glynnel,F
Glynnis,F
Glyzelle,F
Glyzl,F
Gmo,M
Gnaeus,M
Gnama,F
Gnanawathie,F
Gneet,F
Gneid,F
Gniewko,M
Gniya,F
Gnlan,M
Go,M
Go-Ya,M
Goall,M
Goana,F
Goanar,M
Gobel,M
Gobind,M
Gobind-Karan,M
Gobindjotpal,M
Gobindpreet,M
Gobindraj,M
Goblaije,M
Goble,M
Gobza,F
Goce,M
Gocean,M
Goch,M
God,M
God's,F
God'sgift,M
God-li,M
Goda ,F
Godable,M
Godbless,M
Goddess,F
Godelyas,M
Godfred,M
Godfrey,M
Godfrley,M
Godgive,M
Godi,M
Godiva,F
Godofredo,M
Godrey,M
Godric,M
Godrick,M
Godslove,M
Godson,M
Godswill,M
Godween,F
Godwil,M
Godwill,M
Godwin,M
Gody,F
Goebel,M
Goeffrey,M
Goefrey,M
Goel,M
Goerge,M
Goergina,F
Goff,M
Goffredo,M
Gofran,F
Gogi,F
Goglielmo,M
Gohan,M
Gohar,Unisex
Goi,M
Goijeta,F
Goine,F
Gojko,M
Gokay ,M
Gokce ,Unisex
Gokdeniz ,M
Gokhan ,M
Goku,M
Gokul,M
Gokulan ,M
Gola,F
Golam ,M
Golan,M
Golara,F
Golbon,F
Gold,Unisex
Golda,F
Goldamare,F
Goldberg,F
Golde,F
Goldean,F
Goldees,F
Goldele,F
Golden,Unisex
Goldena,F
Goldene,F
Goldi,F
Goldia,F
Goldie,F
Goldina,F
Goldine,F
Goldman,M
Goldmon,M
Goldy,F
Goldye,F
Golekane,M
Golena,F
Golfo,F
Goliath,M
Golie,F
Golivia,F
Gollarakeri,F
Golnaz,F
Gomana,F
Gomathy,F
Gomer,M
Gomez,M
Gomezyani,M
Gon,F
Goncalo ,M
Gong,M
Goni,Unisex
Gonica,F
Gono,M
Gonsalo,M
Gonul ,F
Gony,M
Gonzala,F
Gonzales,M
Gonzalo,M
Gonzella,F
Gonzo,M
Gonzßlo,M
Gooday,F
Goodluck,M
Goodman,M
Goodness,Unisex
Goodwill,M
Goodwin,M
Goodwyn,M
Gop,M
Gopal,M
Gopali,F
Gopesh,M
Gopi,F
Gopika,F
Gor,M
Gora,Unisex
Goran,M
Goran-Dan,M
Gorana,F
Gorav,M
Goravpreet,M
Gordan,M
Gordana,F
Gordean,F
Gordelle,M
Gorden,M
Gordena,F
Gordharna,F
Gordi,M
Gordian,M
Gordie,Unisex
Gordon,M
Gordon-Lee,M
Gordy,M
Gordyn,Unisex
Goree,M
Gorete,F
Goretti,F
Goretty,F
Gorge,M
Gorgeous,F
Gorgia ,F
Gorgias-dilbagh,M
Gorgina,F
Gorgios,M
Gorgonio,M
Gorham,M
Gorian,M
Gorica,F
Goriola,M
Gorish,M
Gorizia,F
Gorje,M
Gorkem,M
Gorky,F
Gorman,M
Goro,M
Gorou,M
Gorov,M
Gorsi,M
Gorssa,M
Gosette,F
Goshen,M
Gosoum,F
Gospana,F
Gospel,Unisex
Gota,M
Gotham,M
Gotouf,F
Gottfred,M
Gottfried,M
Gotti,M
Gottlieb,M
Gottlob,M
Goula,F
Gould,M
Gouled,M
Goulestan,F
Goulven,M
Gountene,F
Gourangi,F
Gourav ,M
Gourgina,F
Gouri,F
Goutham ,M
Gouttarvisaka,F
Gouy,M
Govan,M
Govana,F
Govani,M
Govanna,F
Govanni,M
Govanny,M
Govany,M
Governor,M
Govin,M
Govind,M
Govinda,M
Govinder ,M
Gowan,M
Gowri,F
Gowtham,M
Gowthami,F
Goy,M
Goya,F
Gozde ,F
Grabiel,M
Grabiela,F
Grabriel,M
Grabriela,F
Grace,F
Grace-Ann,F
Grace-Anne,F
Grace-Anok,F
Grace-dezel,F
Grace-Elizabeth ,F
Grace-emily,F
Grace-Kelly,F
Grace-lee,F
Grace-Leigh ,F
Grace-Lily ,F
Grace-Louise ,F
Grace-Lyn,F
Grace-Lynn,F
Grace-Marie ,F
Grace-May ,F
Grace-Olivia ,F
Grace-Rose ,F
Grace-Royle,F
Grace-sarah,F
Grace-Song,F
Grace-Wing-Yun,F
Gracean,F
Graceann,F
Graceanna,F
Graceanne,F
Gracee,F
Graceelizabeth,F
Gracel,F
Gracelan,F
Graceland,F
Gracelee,F
Graceleigh,F
Graceli,F
Gracelin,F
Gracelinn,F
Gracella,F
Gracely,F
Gracelyn,F
Gracelynd,F
Gracelynn,F
Gracelynne,F
Gracemarie,F
Gracemary,F
Gracen,Unisex
Graceon,M
Graceson,Unisex
Gracesyn,F
Gracey,F
Gracey-Mai ,F
Gracey-May ,F
Graceyn,F
Grachela,F
Graci,F
Graci-Lynn,F
Gracia,F
Gracian,M
Graciana,F
Gracianna,F
Gracianne,F
Graciano,M
Gracie,F
Gracie- ,F
Gracie-Ann ,F
Gracie-Anna,F
Gracie-Anne ,F
Gracie-Belle ,F
Gracie-ella,F
Gracie-Jae,F
Gracie-Jane ,F
Gracie-Jayne ,F
Gracie-Jean ,F
Gracie-Jo ,F
Gracie-Lea ,F
Gracie-Lee ,F
Gracie-Leigh ,F
Gracie-Lou ,F
Gracie-Louise ,F
Gracie-Lyn,F
Gracie-lynn,F
Gracie-Mae ,F
Gracie-Mai ,F
Gracie-Marie ,F
Gracie-May ,F
Gracie-Rae ,F
Gracie-Rose ,F
Gracieann,F
Gracieanne,F
Graciee,F
Graciela,F
GracieLee,F
Graciella,F
Gracielle,F
Gracielynn,F
Graciemae,F
Graciemay ,F
Gracien,Unisex
Gracienne ,F
Gracii,F
Gracilyn,F
Gracilynn,F
Gracin,Unisex
Gracious,F
GraciT-Marie,F
Gracjan ,M
Gracjana,F
Graclyn,F
Graclynn,F
Gracy,F
Gracy-Jo,F
Gracy-Lynn,F
Gracye,F
Gracyn,F
Gracynn,F
Grada,F
Gradan,M
Graddin,M
Graddy,M
Graden,M
Gradey,M
Gradi ,M
Gradie,Unisex
Gradin,M
Gradon,M
Grady,M
Grady-Best,M
Gradyn,M
Gradys,F
Grae,Unisex
Graecen,M
Graeci,F
Graecie,F
Graecyn,Unisex
Graeden,M
Graedon,M
Graedy,M
Graedyn,M
Graeham,M
Graehme,M
Graelyn,F
Graelynn,F
Graelynne,F
Graem,M
Graeme,M
Graeme-james,M
Graemme,M
Graer,M
Graesen,M
Graeson,M
Graesyn,Unisex
Graffin,M
Grafton,M
Gragrey,M
Gragris,M
Grahaem,M
Grahaeme,M
Graham,M
Graham-kenneth,M
Graham-paul,M
Grahame,M
Grahamjason,M
Grahan,M
Grahem,M
Grahm,M
Grahmme,M
Grai,F
Graice,F
Graicen,Unisex
Graicyn,F
Graiden,M
Graidon,M
Graidy,M
Graidys,F
Graig,M
Grainge,M
Grainger,M
Grainne,F
Grainsci,M
Graisen,M
Graisom,M
Graison,Unisex
Graisyn,Unisex
Graitrell-Vaun,M
Graland,M
Gralin,M
Gralyn,M
Gralynn,F
Gram,M
Gramatiki,F
Gramm,M
Grammatiki,F
Grammatoula,F
Grammy,M
Gramsci,M
Granada,F
Grand,M
Granden,M
Granderson,M
Grandin,M
Grandison,M
Grandon,M
Grandville,M
Grandy,M
Grange,M
Granger,M
Grania ,F
Granit ,M
Granite,M
Grant,M
Grant-Daniel,M
Grant-lee,M
Grant-leigh,M
Grantas ,M
Grantham,M
Grantland,M
Grantlee,M
Grantleigh,M
Grantley,M
Grantly,M
Grantney,M
Granton,M
Granvel,M
Granvil,M
Granvill,M
Granville,M
Graple,F
Grarzyna,F
Grasen,M
Grasha,F
Grasiela,F
Grasiella,M
Grason,M
Grasyn,Unisex
Gratia,F
Gratiana,F
Gratina,Unisex
Grattan,M
Gratton,M
Gratzianna,F
Graven,M
Graves,M
Graviel,M
Graviela,F
Gravity,F
Gray,M
Grayah,F
Grayam,M
Grayce,F
Graycee,F
Graycelyn,F
Graycelynn,F
Graycen,Unisex
Grayci,F
Graycie,F
Graycin,Unisex
Graydan,M
Grayden,M
Graydie,M
Graydin,M
Graydon,M
Graydyn,M
Graye,Unisex
Grayem,M
Grayer,M
Grayham,M
Graylan,M
Grayland,M
Grayle,M
Graylee,F
Graylen,M
Grayli,F
Graylin,M
Grayling,M
Graylon,M
Graylyn,Unisex
Graylynn,F
Graysan,M
Graysann,F
Graysee,F
Graysen,Unisex
Graysie,F
Graysin,M
Grayslyn,F
Grayson,M
Grayson-Alexander,M
Grayson-Gordon,M
Grayson-Grey,M
Graysyn,M
Grayton,M
Grazia,F
Grazia-marina,F
Graziaella,F
Graziamaria,F
Graziana,F
Graziano,M
Grazicella,F
Graziela,F
Graziella,F
Grazietta,F
Grazina,F
Grazio,M
Grazyna,F
Grazzia,F
Grazziella,F
Grea,F
Greagory,M
Greame,M
Grear,F
Great,M
Greathel,F
Greatness,M
Grecen,M
Grech,M
Grechen,F
Grecia,F
Greco,M
Greda,F
Gredmarie,F
Greeda,M
Greeley,Unisex
Greely,M
Green,M
Greenberry,M
Greene,M
Greenland,M
Greenlea,F
Greenlee,F
Greenleigh,F
Greenley,F
Greenly,F
Greenville,M
Greenwood,M
Greer,Unisex
Greeshma,F
Greeshmanth,M
Greeta,F
Greg,M
Gregario,M
Gregary,M
Gregeory,M
Greger,M
Gregery,M
Gregg,M
Greggery,M
Greggory,M
Gregiori,M
Gregoire,M
Gregor,M
Gregor-wasil,M
Gregorey,M
Gregorg,M
Gregori,M
Gregoria,F
Gregorie,M
Gregorio,M
Gregorios,M
Gregoris,M
Gregorita,F
Gregorry,M
Gregory,M
Gregory-Lea,M
Gregoy,M
Gregrey,M
Gregrory,M
Gregroy,M
Gregry,M
Gregson,M
Gregston,M
Greicy,F
Greidi,F
Greidis,F
Greidy,F
Greidy-Luca,M
Greidys,F
Greig,M
Greigh,F
Greigory,M
Greisen,M
Greison,M
Greisy,F
Grejsi ,F
Greko,M
Gremen,M
Grenda,F
Grendell,M
Grenfell,M
Grenielyn,F
Grenisha,F
Grenville,M
Greoge,M
Greogory,M
Greogry,M
Greory,M
Gresa,F
Gresham,M
Gresia,F
Grestna,F
Greta,F
Gretal,F
Gretchan,F
Gretchen,F
Gretchin,F
Gretchyn,F
Grete,F
Gretel,F
Gretell,F
Gretha,F
Grethe,F
Grethel,F
Gretl,F
Gretna,F
Gretta,F
Grette,F
Grettel,F
Grettell,F
Gretzky,M
Greville,M
Grevillea,F
Grey,Unisex
Grey-Eagle,M
Greyce,F
Greycen,M
Greycin,M
Greyden,M
Greydi,F
Greydis,F
Greydon,M
Greydy,F
Greydys,F
Greyem,M
Greyer,M
Greyham,M
Greylan,M
Greylen,M
Greylin,Unisex
Greyling,M
Greylon,M
Greylyn,F
Greylynn,F
Greyr,M
Greys,F
Greysen,Unisex
Greysi,F
Greysin,M
Greyson,M
Greyston,M
Greysun,M
Greysyn,M
Greyton,M
Gricel,F
Gricelda,F
Gricell,F
Grieg,M
Grier,Unisex
Grietje,F
Griff,M
Griffen,M
Griffey,M
Griffin,M
Griffinn,M
Griffith,M
Griffiths,M
Griffon,M
Griffydd ,M
Griffyn,Unisex
Grifin,M
Grigor,M
Grigori,M
Grigoria,F
Grigorios ,M
Grigoris,M
Grigorita,F
Grigoriy,M
Grigory,M
Grihitha,F
Grimm,M
Grinda,F
Grindl,F
Grindle,F
Griphen,M
Griscelda,F
Grisel,F
Grisela,F
Griselda,F
Grisell,F
Griselle,F
Grisha,Unisex
Grisham,M
Grishan,M
Grishima,F
Grishma,F
Grisma ,F
Grismika,F
Grissel,F
Grissom,M
Gristian,M
Gristina,F
Grithik,M
Griva,F
Grizel,F
Grizelda,F
Grizz,M
Gro,F
Gross,M
Grosvenor,M
Grove,M
Grovene,F
Grover,M
Groves,M
Grozdanka,F
Gruda,F
Gruff ,M
Gruffudd ,M
Gruffydd ,M
Grundy,M
Gruvin,M
Gryff ,M
Gryffen,M
Gryffin,M
Gryffon,M
Gryffydd,M
Gryffyn,M
Gryfon,M
Gryphen,M
Gryphin,M
Gryphon,M
Grysanthia,F
Gryson,M
Grystalla,F
Grzegorz,M
Grzegosz,M
Gsn,M
Gßbor,M
Gthyan,M
GTrard,M
Gu-ya,M
Guadalupe,Unisex
Guadelupe,F
Guadlupe,Unisex
Guadulupe,F
Guage,M
Gualberto,M
Guan,M
Guanar,M
Guandong,M
Guang,M
Guang-Xiong,M
Guangkun,M
Guanting,M
Guanyu,M
Guaran,M
Guardian,M
Guarionex,M
Gucci,F
Guch,M
Gudalupe,Unisex
Gudelia,F
Gudmundur,M
Gudrun,F
Guelda,F
Guen,F
Guendalina,F
Guendi,F
Guendolyn,F
Guenevere,F
Guenevive,F
Guenna,F
Guenter,M
Guenther,M
Guerdon,M
Guerin,M
Guerina,F
Guerino,M
Guerlainne,F
Guerline,F
Guerno,M
Guerrero,M
Guerrin,M
Guerrino,M
Guerry,M
Gueseppe,M
Guess,M
Guet,M
Guevarro,M
Guewene,F
Guey,F
Gugandeep ,M
Guggendeep,F
Guglielino,M
Guglielma,F
Guglielmo ,M
Gugliermo,M
Gugulethu,F
Guhan,M
Gui,M
Guian,M
Guianne,F
Guida,F
Guido,M
Guieseppe,Unisex
Guila,F
Guilaine,F
Guilbert,M
Guilda,F
Guile,M
Guilford,M
Guilhem,M
Guilherme,M
Guilian,M
Guiliana,F
Guilianna,F
Guiliano,M
Guiling,F
Guilio,M
Guillaume,M
Guillem,M
Guillerma,F
Guillermina,F
Guillermo,M
Guilliana,F
Guilmar,M
Guin,M
Guinda,F
Guinette,F
Guinevere,F
Guinivere,F
Guinn,M
Guinness,M
Guinnevere,F
Guirino,M
Guisel,F
Guisela,F
Guisell,F
Guiselle,F
Guisepina,F
Guiseppa,M
Guiseppe,M
Guiseppi,M
Guiseppi-antonio,M
Guiseppina,F
Guisselle,F
Guisseppe,M
Guistina,F
Guistino,M
Guitta,F
Guiwan,F
Guizhu,F
Gul,F
Gula,F
Gulam ,M
Gulandama,F
Gulay ,F
Gulcan ,F
Gulcin ,F
Guled,M
Guleed ,M
Guleid ,M
Gulghina,F
Gulia,F
Gulian,M
Guliana,F
Gulianna,F
Gulietta,F
Gulio,M
Gulizar ,F
Guljeet,M
Gulkiran,F
Gulled,M
Gulleed,M
Gullen,M
Gullermo,M
Gulliver ,M
Gullu ,F
Gulman,M
Gulmeena,F
Gulmera,F
Gulnaaz,F
Gulnaz,F
Gulnoro,F
Gulraiz ,M
Gulraj,M
Gulranga,F
Gulrayze,M
Gulsah ,F
Gulsen ,F
Gulseren,F
Gulshaan,M
Gulshan ,F
Gulsheer,M
Gulsum ,F
Gulten,F
Gulustan ,F
Guluzar ,F
Gulwant,M
Gulyza,F
Gulzeb,M
Guma,M
Gumaro,M
Gumars,M
Gumecindo,M
Gumercindo,M
Gumesindo,M
Gumpwa,M
Gunar,M
Gunars,M
Gunay ,F
Gunbir,M
Gunda,F
Gundaris,M
Gundeep,Unisex
Gunder,M
Guneet,F
Guner,M
Gunes ,F
Guneve,F
Guney ,M
Gungeet,F
Gunh,F
Gunhild,F
Gunil,M
Gunjaap,F
Gunjan,Unisex
Gunjeet,F
Gunjot,F
Gunkarn,M
Gunmat,F
Gunn,M
Gunnar,M
Gunnard,M
Gunnarr,M
Gunneet,F
Gunner,M
Gunnison,M
Gunnpreet,F
Gunnr,M
Gunnroop,F
Gunnveer,M
Gunnvir,M
Gunocean,M
Gunpreet,F
Gunreet ,F
Gunreev,F
Gunsaar,F
Gunsheet,F
Gunta,F
Guntaas,Unisex
Guntaj,Unisex
Guntas,Unisex
Guntash,F
Gunter,M
Gunther,M
Guntis,M
Gunveer ,M
Gunvir,M
Gunvor,F
Gunyoung,M
Guo,Unisex
Guot,M
Gur,Unisex
Guraasis,F
Guraj,M
Gurakash,M
Gurake,M
Guraman,M
Guramrit ,Unisex
Guranchalpreet,F
Guranjan,M
Guransh,M
Gurarpit,M
Gurasees,Unisex
Gurasis,F
Gurasman,F
Gurathan,M
Gurbaaj,M
Gurbaaz,M
Gurbachan,M
Gurbaj,M
Gurbakhsh,M
Gurbaksh,Unisex
Gurbani,F
Gurbaz,M
Gurbeen,F
Gurbhej,M
Gurbilaas,M
Gurbinder,F
Gurbir,M
Gurcharan ,M
Gurchate,M
Gurchet,Unisex
Gurchetan ,M
Gurdaas,M
Gurdaman,M
Gurdas ,M
Gurdass,M
Gurdeep,M
Gurdeepak,M
Gurdep,F
Gurdev ,M
Gurdeya,M
Gurdin,M
Gurdip,F
Gurdit,M
Gurdon,M
Gureen,F
Gureena,F
Gureet,Unisex
Gurek,M
Gurekam ,Unisex
Gurfateh,M
Gurfathe,M
Gurgia,F
Gurgina,F
Gurgiven,F
Gurhans,M
GurHukam,M
Gurick,M
Gurik,M
Gurikaren,F
Gurikveer,M
Gurinder,M
Gurinderpal,M
Gurion,M
Guriqbal,M
Gurisha,F
Gurjaan,M
Gurjaap,M
Gurjai,M
Gurjant,M
Gurjap,M
Gurjapleen,F
Gurjas ,M
Gurjazz,M
Gurjeena,F
Gurjeet,Unisex
Gurjeevan ,M
Gurjevan,M
Gurjinder ,Unisex
Gurjit,Unisex
Gurjivan,M
Gurjiwan,M
Gurjiyajeet,F
Gurjoban,M
Gurjodh,M
Gurjot,Unisex
Gurjovan,M
Gurjunt,M
Gurjus,M
Gurjyot ,Unisex
Gurkamal,Unisex
Gurkaman,M
Gurkan ,M
Gurkanwal,Unisex
Gurkaran ,M
Gurkaranjeet,M
Gurkaranjot,M
Gurkaren-Kaur,F
Gurkarmjot,M
Gurkarn,M
Gurkarren,F
Gurkawal,M
Gurkeeran,F
Gurkeerat,Unisex
Gurkeert,M
Gurkeet,M
Gurkenwal,M
Gurkerit,F
Gurkiran ,F
Gurkiranjot,F
Gurkirat,Unisex
Gurkirin,F
Gurkirit,F
Gurkirn,F
Gurkirpal,M
Gurkirt,Unisex
Gurkirtan,F
Gurkomal,F
Gurlaaj,F
Gurlaal,M
Gurlean,F
Gurleen,F
Gurley,M
Gurlie,F
Gurliv,Unisex
Gurlove,M
Gurmaan ,M
Gurmaher,M
Gurmahie,F
Gurmail,F
Gurman,M
Gurmanbir,M
Gurmandeep,M
Gurmani,F
Gurmanjot,Unisex
Gurmann,M
Gurmannat,F
Gurmanpreet,Unisex
GurmanPuneet,M
Gurmant,M
Gurmantaj,M
Gurmanvir,Unisex
Gurmat,Unisex
Gurmaya,F
Gurmeen,F
Gurmeet ,Unisex
Gurmeghan,F
Gurmehak,F
Gurmehar,Unisex
Gurmeharbir,M
Gurmen,M
Gurmet,M
Gurmika,F
Gurmilan,F
Gurminder ,Unisex
Gurmn,M
Gurmohit,M
Gurmoney,M
Gurmukh ,M
Gurmun,M
Gurnaaz,F
Gurnabi,F
Gurnaik ,M
Gurnain-Kaur,F
Gurnaj,F
Gurnak,M
Gurnam ,M
Gurnaonihal,M
Gurnav,M
Gurnawaz,M
Gurnaz,M
Gurneale,M
Gurneck,M
Gurneek,F
Gurneel,M
Gurneer,F
Gurneesh,M
Gurneet,F
Gurneil,M
Gurnek ,M
Gurnesh,F
Gurney,M
Gurnick,M
Gurnie,M
Gurnimrat,F
Gurnir,F
Gurnishan,M
Gurniwaz,Unisex
Gurnoor,Unisex
Gurnoordeep,F
Gurnoorjot,F
Gurnupvir,M
Gurnur,F
Gurnvir,M
Guroop,Unisex
Gurpal,M
Gurparas,M
Gurparm,F
Gurpartap,M
Gurpartik,M
Gurparveen,M
Gurpaul,M
Gurpinder,M
Gurpreet,Unisex
Gurpret,M
Gurprince,M
Gurprit,Unisex
Gurpriya ,F
Gurpuneet,F
Gurpyaar,M
Gurpyar,M
Gurraj ,Unisex
Gurraman,M
Gurreet,Unisex
Gurrehmat,M
Gurryan,M
Gursaakhi,F
Gursaaz,M
Gursagar,M
Gursahai,M
Gursahaj,M
Gursahej,M
Gursahib ,M
Gursahil,M
Gursajan,M
Gursaje,M
Gursakhi,F
Gursamar,M
Gursandeep,M
Gursanj,M
Gursaroop,M
Gursat,M
Gursavik,M
Gurseejan,F
Gurseerat,F
Gursees,F
Gursehaj ,Unisex
Gursehej,M
Gurselyen,F
Gursev ,M
Gursevak ,M
Gursewak ,M
Gurshaan,M
Gurshaanjeet,F
Gurshabad,Unisex
Gurshabd,M
Gurshagan,M
Gurshagun,F
Gurshakti,M
Gurshan,M
Gurshan-Deep-Singh,M
Gurshane,M
Gurshanpreet,M
Gurshant,M
Gursharan ,Unisex
Gursharandeep,M
Gursharn,Unisex
Gursharon ,F
Gurshaun,M
Gurshawn,M
Gursheen,F
Gursheerat,F
Gursher,M
Gurshindar,M
Gurshine,F
Gurshren,F
Gursifat,F
Gursift,F
Gursiman,F
Gursimar,Unisex
Gursimer,M
Gursimran,Unisex
Gursimranpreet,F
Gursimrat,F
Gursimren,Unisex
Gursimret,F
Gursimrit,F
Gursimron,F
Gursirat,F
Gursirt,M
Gursteven,M
Gurtaaj,M
Gurtab,M
Gurtag,M
Gurtaj,M
Gurtaran ,M
Gurteaj,M
Gurteg,M
Gurtegh,M
Gurtej,M
Gurtek,M
Gurtesh,M
Gurtha,F
Gurtie,F
Gurtirath,M
Gurtrude,F
Gurtrue,F
Guru,M
Gurubakhash,M
Gurukirpa,F
Gurukirtan,M
Guruprtap,M
Gurusevak,M
Gurv,M
Gurvaaz,M
Gurvansh,M
Gurvardaan,M
Gurveen,Unisex
Gurveer,M
Gurveet,M
Gurvier,M
Gurvin,M
Gurvinder,M
Gurvir,M
Gurvis,M
Gurvyn,M
Gurwant,M
Gurwaris,M
Gurwinder,M
Guryash,M
Guryodh,M
Guryog,M
Gurzeen,F
Gus,M
Guseppi,M
Gusmao,M
Guss,M
Gussen,F
Gussie,F
Gust,M
Gusta,F
Gustaaf,M
Gustabo,M
Gustaf,M
Gustas,M
Gustauo,M
Gustav,M
Gustava,F
Gustave,M
Gustavia,F
Gustavo,M
Gustavo-Gabriel,M
Gustavs ,M
Gustavus,M
Gustaw ,M
Guste ,F
Gustena,F
Guster,M
Gusti,M
Gustie,F
Gustin,M
Gustina,F
Gustinder,M
Gustine,F
Guston,M
Gustus,M
Gusty,M
Guthrie,M
Guthrow,M
GuTnolT,M
Guto ,M
Guuleed,M
Guunvy,F
Guuto,M
Guvanne,F
Guven ,M
Guvneet,F
Guy,M
Guy-frederick-aime,M
Guy-Michel-Junior,M
Guy-Steeve,M
Guyann,F
Guyanne,F
Guyatt,M
Guyaume,M
Guybert,M
Guydra,F
Guye,M
Guyla,F
Guylaine,F
Guylene,F
Guylian,F
Guymon,M
Guynavin,M
Guynell,F
Guynelle,F
Guyneth,F
Guyon,M
Guytan,M
Guyton,M
Guztavo,M
Gvendolina,F
Gvidas ,M
Gwain,M
Gwan,F
Gwana,F
Gwanda,F
Gwanji,M
Gwawr ,F
Gwelda,F
Gwella,F
Gwen,F
Gwen-Crystal,F
Gwen-maree,F
Gwena,F
Gwenadlle,F
Gwenaelle,F
Gwenaisha,F
Gwenan ,F
Gwenavere,F
Gwenaveve,F
Gwenda,F
Gwendalin,F
Gwendalina,F
Gwendaline,F
Gwendalyn,F
Gwendalynn,F
Gwendel,Unisex
Gwendell,F
Gwendelyn,F
Gwendelynn,F
Gwender,F
Gwenderlene,F
Gwendia,F
Gwendloyn,F
Gwendlyn,F
Gwendlynn,F
Gwendlyon,F
Gwendol,F
Gwendola,F
Gwendolen,F
Gwendolene,F
Gwendolin,F
Gwendoline,F
Gwendoly,F
Gwendolyn,F
Gwendolyne,F
Gwendolynn,F
Gwendolynne,F
Gwendora,F
Gwendoyln,F
Gwendy,F
Gwendydd,F
Gwendylan,F
Gwendylon,F
Gwenelen,F
Gwenell,F
Gweneth,F
Gwenetta,F
Gwenette,F
Gweneva,F
Gweneveire,F
Gwenevere,F
Gweneviere,F
Gwenevieve,F
Gwenfryn,F
Gwenhwyvar,F
Gweni ,F
Gwenin,F
Gwenith,F
Gwenivere,F
Gwenlli ,F
Gwenllian ,F
Gwenlyn,F
Gwenn,F
Gwenna,F
Gwennan,F
Gwennavere,F
Gwenndolyn,F
Gwenne,F
Gwenneth,F
Gwennetta,F
Gwennette,F
Gwennie ,F
Gwenno ,F
Gwennyth,F
Gweno ,F
Gwenoth,F
Gwenyth,F
Gwenyvere,F
Gwern ,M
Gwidon,M
Gwili,F
Gwilym,M
Gwilyn,M
Gwin,Unisex
Gwinda,F
Gwindolyn,F
Gwinn,Unisex
Gwion ,M
Gwithian,M
Gwladys,F
Gwlenys,F
Gworit,M
Gwydion,M
Gwylim,M
Gwyn,Unisex
Gwynaeth,F
Gwynavere,F
Gwynda,F
Gwyndaf ,M
Gwyndolin,F
Gwyndolyn,F
Gwyne,F
Gwyned,F
Gwynedd,F
Gwynedde,F
Gwyneira,F
Gwyneth,F
Gwynethe,F
Gwynetta,F
Gwynette,F
Gwynevere,F
Gwynfer,M
Gwynfor ,M
Gwynfryn,M
Gwynith,F
Gwynivere,F
Gwynlyn,F
Gwynn,Unisex
Gwynnda,F
Gwynne,F
Gwynneth,F
Gwynydd,F
Gwynyth,F
Gwyr,M
Gwytha,F
Gy,M
Gy÷ngyi,F
Gyaan ,M
Gyalten,M
Gyan,M
Gyana,F
Gyanjot,F
Gyann,F
Gyanna,F
Gyannah,F
Gyanni,F
Gyasi,M
Gybson,M
Gyda,F
Gyeldhirie,F
Gyeongjun,M
Gyla,F
Gylan,F
Gyle,M
Gyleene,F
Gyles,M
Gyllan,M
Gyllen,M
Gyllian,F
Gyna,F
Gynelle,F
Gynesis,F
Gyneth,F
Gynia,F
Gynith,F
Gynnina,F
Gyongyi,F
Gyongyver,F
Gyorgyi,F
Gypsea,F
Gypsee,F
Gypsey ,F
Gypsi,F
Gypsie,F
Gypsie-sky,F
Gypsy,F
Gypsy-breeze,F
Gypsy-Cree,F
Gypsy-grace,F
Gypsy-lee,F
Gypsy-May ,F
Gypsy-rose,F
Gyptian,M
Gypzy,F
Gyra,F
Gysberdina,F
Gysbert,M
Gysbertus,M
Gysel,F
Gyselle,F
Gyssala,F
Gytis ,M
Gyula,M
Gyung-han,M
Gyuri,F
Gyuwan,M
Gyven,M
Gywenda,F
Gywlliam,M
Gyzelle,F
Gzim,M
Gzing,F