H·rTliTl,M
Ha,Unisex
Ha-anh,F
Ha-eum,M
Ha-Nul,F
Ha-Rham,M
Ha-Young,F
Haad ,M
Haade,M
Haadi,M
Haadia ,F
Haadiya,F
Haadiyah,F
Haafiz,M
Haafizah ,F
Haagan,M
Haaheo,M
Haaijo,M
Haajar,F
Haajarah ,F
Haajira ,F
Haajirah ,F
Haajra ,F
Haajrah ,F
Haakam,M
Haaken,M
Haakim,M
Haakin,M
Haakon,M
Haala,F
Haalah ,F
Haamad,M
Haami,M
Haamid,M
Haan,M
Haana ,F
Haanah,F
Haani,F
Haania,F
Haaniah ,F
Haaniya,F
Haaniyah ,F
Haanvika,F
Haanya,F
Haarika,F
Haaris,M
Haarisah ,F
Haarish,M
Haarith ,M
Haarlem,F
Haaroon ,M
Haasan,M
Haashim,M
Haashir,M
Haasini,F
Haawa ,F
Haazim,M
Haaziq,M
Habacuc,M
Habbab,M
Habben,M
Habeba,F
Habeeb,M
Habeeba,F
Habeebah ,F
Habeedah,F
Habeel ,M
Haben,Unisex
Habert,M
Habib,M
Habiba,F
Habiba-ramadan,F
Habibah,F
Habibah-Aliyah,F
Habibat ,F
Habibatou,F
Habibie,M
Habibo,F
Habibuddin,M
Habibul ,M
Habibulla,M
Habibullah ,M
Habibulloh,M
Habibur ,M
Habiiba ,F
Habil,M
Habon,F
Haboon ,F
Habraham,M
Habram,M
Habren,F
Habron,M
Habsan,F
Habsita,F
Habtamu,M
Habtemariam,M
Habtom,M
Haby,F
Hachem,M
Hachiro,M
Haci ,M
Hackynen,M
Had,M
Hada,F
Hadalyn,F
Hadan,M
Hadar,F
Hadara,F
Hadarah,F
Hadari,M
Hadas,F
Hadasa,F
Hadasah,F
Hadasha,F
Hadashah,F
Hadassa,F
Hadassah,F
Hadassah-Afriyie,F
Hadaya,F
Haddasah,F
Hadden,M
Haddi,F
Haddie,F
Haddijatou ,F
Haddin,M
Haddis,M
Haddley,F
Haddlie,F
Haddon,M
Haddow,M
Haddox,M
Haddy,F
Haddyjatou ,F
Hade,F
Hadeal ,F
Hadee ,M
Hadeed,M
Hadeel,F
Hadeeqa ,F
Hadeeqah ,F
Hadeer,F
Hadees,M
Hadel,F
Hadelyn,F
Haden,M
Hadence,F
Hadeon,M
Hader ,M
Hades,M
Hadessa,F
Hadessah,F
Hadez,M
Hadi,M
Hadia,F
Hadiah,F
Hadian,F
Hadiatou,F
Hadid ,M
Hadie,F
Hadien,F
Hadiga,F
Hadija,F
Hadijatou ,F
Hadika ,F
Hadil,F
Hadilyn,F
Hadin,Unisex
Hadiqa ,F
Hadiqah ,F
Hadir,F
Hadis ,Unisex
Hadiya,F
Hadiyah,F
Hadiye,F
Hadiyeh,F
Hadiyya,F
Hadiyyah,F
Hadiza ,F
Hadja,F
Hadjer ,F
Hadjer-Maryam,F
Hadji,M
Hadla,F
Hadlea,F
Hadlee,F
Hadlei,F
Hadleigh,F
Hadlen,F
Hadley,Unisex
Hadley-James ,M
Hadleyann,F
Hadli,F
Hadlie,F
Hadly,F
Hadlyn,F
Hadlynn,F
Hadria,F
Hadrian,M
Hadriane,M
Hadriel,M
Hadrien,M
Hadwin,M
Hady,Unisex
Hadya,F
Hadyah,F
Hadyn,Unisex
Hadynn,F
Hae,F
Hae-gyu,M
Hae-in,F
Hae-li,F
Hae-yeon,F
Hae-yun,F
Haedan,M
Haeden,Unisex
Haedi,F
Haedon,M
Haedr,M
Haedyn,Unisex
Haegan,M
Haegen,M
Haeil,M
Haein,F
Haejja,F
Haekal,M
Hael,Unisex
Haelan,M
Haele,M
Haeleah,F
Haelee,F
Haeleigh,F
Haelen,M
Haeley,F
Haeli,F
Haeli-Jolynn,F
Haelie,F
Haeliegh,F
Haelo,F
Haely,F
Haelyn,F
Haelynn,F
Haemish,M
Haemon,M
Haesel,F
Haether,F
Haeun,F
Haeven,F
Haevn,F
Haevyn,F
Haevynn,F
Haeyley,F
Haf ,F
Hafeez,M
Hafeeza,F
Hafeezah,F
Hafez,M
Hafeza ,F
Hafezullah,M
Haffi,M
Hafford,M
Haffsa,F
Hafid,M
Hafidh,M
Hafina ,F
Hafiz,M
Hafiza ,F
Hafizah ,F
Hafizur ,M
Hafizus,M
Haflidi,M
Hafsa,F
Hafsa-Yahya,F
Hafsah,F
Hafsat ,F
Hafsha ,F
Hafso,F
Hafssa ,F
Hafwen ,F
Hafza ,F
Hafzah ,F
Hagan,M
Hagar,F
Hagen,M
Hageo,M
Hager,Unisex
Haget,M
Haggai,M
Haggard,M
Hagley,F
Hagood,M
Hagop,M
Hague,M
Hahmany,F
Hahn,F
Hahn-Jin,M
Hahna,F
Hahna-lee,F
Hahns,M
Hai,M
Hai-dang,M
Hai-ngan,M
Hai-Thanh,M
Hai-trung,M
Hai-vu-mai,M
Hai-Y,M
Hai-yen,F
Haia,F
Haian,M
Haibi,M
Haida,F
Haidallah,M
Haidan,Unisex
Haidar,M
Haidara,M
Haide,F
Haidee,F
Haidee-Wynter,F
Haiden,Unisex
Haiden-Alexander,M
Haidence,F
Haider,M
Haider-Ali ,M
Haidez,F
Haidi,F
Haidin,Unisex
Haido,F
Haidon,M
Haidr,M
Haidy,F
Haidy-ruth,F
Haidyn,Unisex
Haidynn,F
Haiely,F
Haifa,F
Haig,M
Haigen,M
Haighlynn,F
Haik,M
Haika ,F
Haikal ,M
Haiken,M
Hail,M
Haila,F
Hailan,M
Haile,Unisex
Hailea,F
Haileah,F
Hailee,F
Hailee-Ann,F
Hailee-Faye,F
Hailee-Jade,F
Hailee-Lynn,F
Haileen,F
Hailei,F
Haileigh,F
Hailen,F
Hailey,F
Hailey-ann,F
Hailey-Anne,F
Hailey-Dawn,F
Hailey-Faith,F
Hailey-Jade,F
Hailey-Jane,F
Hailey-Jean,F
Hailey-kate,F
Hailey-Lee,F
Hailey-Lillian-Dorothy,F
Hailey-Lynn,F
Hailey-mae,F
Hailey-Marie,F
Hailey-May,F
Hailey-Rae,F
Hailey-rose,F
Haileyann,F
Haileyjade,F
Haileyjo,F
Haileymarie,F
Haileyrose,F
Haili,F
Hailie,F
Hailie-Ann,F
Hailie-grace,F
Hailie-Jade ,F
Hailie-jaide,F
Hailie-Jay,F
Hailie-Lyn,F
Hailiegh,F
Hailiey,F
Hailin,M
Haille,F
Haillee,F
Hailleigh,F
Hailley,F
Haillie,F
Hailly,F
Hailo,F
HaiLong,M
HailTe,F
Haily,F
Hailyana,F
Hailye,F
Hailyn,F
Hailynn,F
Hailynne,F
Haim,M
Haima,F
Haimanot,F
Haimanti,F
Haime,M
Haimendeep,M
Haimi ,F
Haimish,M
Hain,Unisex
Hainan,M
Haine,M
Haines,M
Hains,M
Hainsh,M
Hainsley,F
Haipho,M
Haiping,M
Haiqa ,F
Haiqah ,F
Haiqing,M
Hairl,M
Hairmon,M
Hairo,M
Hairron,M
Hairul,M
Haisam ,M
Haislee,F
Haisley,F
Haislyn,F
Haison,M
Haisten,M
Haisu,M
Haisya,F
Haitam,M
Haitey,F
Haitham,M
Haithem,M
Haiti,F
Haiven,Unisex
Haiven-Tra,M
Haivyn,F
Haiyden,M
Haiydyn,M
Haiylee,F
Haiyue,F
Haize,Unisex
Haizea ,F
Haizel,F
Haizen,M
Haizlee,F
Haizley,F
Haizly,F
Haizyn,M
Haja,F
Hajar,F
Hajara,F
Hajarah ,F
Hajari,M
Hajeen,F
Hajer,F
Hajera ,F
Hajerah ,F
Haji,M
Hajime,M
Hajin,M
Hajir ,F
Hajira,F
Hajirah,F
Hajit,F
Hajj,M
Hajjarah,F
Hajnal,F
Hajnalka,F
Hajo,M
Hajr ,F
Hajra,F
Hajrah,F
Hajrush,M
Hajun,M
Hajur,F
Hakadah,M
Hakam,M
Hakan,M
Hakeem,M
Hakeema,F
Hakeen,M
Hakeim,M
Hakel,F
Hakena'Lei,F
Haki,M
Hakiem,M
Hakim,M
Hakima,F
Hakimah,F
Hakimi,F
Hakira,F
Hakkic,M
Hakob,M
Hakon,M
Hakop,M
Hakopa,M
Haku,M
Hal,M
Hala,F
Halaena,F
Halah,F
Halaina,F
Halal,F
Halan,F
Halana,F
Halane,F
Halani,F
Halanna,F
Halas,M
Halat,F
Halaya,F
Halayah,F
Halayna,F
Halaynah,F
Halbert,M
Halbin,F
Halbine,F
Halca,F
Halcy,F
Halcyon,F
Haldan,M
Haldane,M
Halden,M
Haldon,M
Haldor,M
Haldrin,M
Hale,M
Halea,F
Haleah,F
Halecia,F
Halee,F
Haleem,M
Haleema,F
Haleema-Sadia ,F
Haleemah,F
Haleemat ,F
Haleena,F
Haleh,F
Halei,F
Haleia,F
Haleigh,F
Haleigh-Ann,F
Haleigha,F
Haleisha,F
Halel,F
Haleluya,M
Halem,M
Halema,F
Halen,Unisex
Halena,F
Halene,F
Halesia,F
Halet,M
Haley,F
Haley-Ann,F
Haley-beth,F
Haley-Denise,F
Haley-Elizabeth,F
Haley-jane,F
Haley-Jean,F
Haley-Mae,F
Haley-Michelle,F
Haley-Rae,F
Haleya,F
Haleyann,F
Haleyjo,F
Haleyna,F
Halfdan,M
Halford,M
Halfred,M
Hali,F
Hali-Ann,F
Halia,F
Halia-rose,F
Haliah,F
Haliana,F
Halianna,F
Haliare,M
Halid,M
Halida,F
Halie,F
Haliee,F
Haliegh,F
Haliegha,F
Haliemarie,F
Haliey,F
Halifa,F
Halifax,M
Halikson,M
Halil,M
Halil-ibrahim,M
Halim,M
Halima,F
Halima-Sadia ,F
Halimadhol,F
Halimah,F
Halimat ,F
Halimatou,F
Halime,F
Halimo,F
Halina,F
Haline,F
Halinka,F
Halis,M
Halit ,M
Haliun,F
Haliya,F
Haliyah,F
Haliyat ,F
Hall,M
Halla,F
Hallah,F
Hallam ,M
Hallard,M
Halldor,M
Halle,F
Halle-grace,F
Halle-Mae ,F
Halle-Mai ,F
Halle-May ,F
Halle-Rae ,F
Halle-Rose ,F
Halle-Shae,F
Hallee,F
Halleh,F
Hallei,F
Halleigh,F
Halleise,F
Hallel,F
Halleli,F
Hallelujah,F
Halleluya,F
Hallema,F
Hallena,F
Hallene,F
Hallet,M
Hallett,M
Halley,F
Halli,F
Hallianna,F
Hallie,F
Hallie-Anh,F
Hallie-Grace ,F
Hallie-jane,F
Hallie-Jean,F
Hallie-Mae ,F
Hallie-Mai ,F
Hallie-Marie ,F
Hallie-May ,F
Hallie-Rae ,F
Hallie-Rose ,F
Hallina,F
Hallis,M
Hallow,F
Hallowed-belle,F
HallT,F
Hallum ,M
Halluma,F
Hally,F
Hally-Ann,F
Hallye,F
Hallyn,M
Halmelton,M
Halo,Unisex
Haloa,M
Halona,F
Halsey,Unisex
Halsi,F
Halstead,M
Halsten,M
Halston,Unisex
Halstyn,F
Halton,M
Halvard,M
Halvor,M
Halwinder,M
Haly,F
Halya,F
Halye,F
Halyn,F
Halyna,F
Halyne,F
Halynn,F
Ham,M
Hamaad,M
Hamaali,M
Hamad,M
Hamadi,M
Hamam,M
Haman,M
Hamarama,M
Hamarni,F
Hamarti,F
Hamarty,F
Hamas ,M
Hamasa,F
Hamasah,F
Hamaun,M
Hamayl,M
Hamaz ,M
Hambal,M
Hambi,M
Hamd ,M
Hamda,F
Hamdaan,M
Hamdah ,F
Hamdalah,M
Hamdan,M
Hamdee,M
Hamdeep,F
Hamdi,Unisex
Hamdi-Najah,F
Hamdia,F
Hamdiah,F
Hamdiya,F
Hamdo,M
Hamdullah,M
Hamdy ,M
Hamed,M
Hameda ,F
Hameed,M
Hameeda ,F
Hameedah,F
Hameedullah,M
Hameem ,M
Hameen,M
Hameet,M
Hameez,M
Hamel,M
Hamen,M
Hamenyimana,F
Hamer,M
Hamera ,F
Hamere,F
Hamid,M
Hamida,F
Hamidah,F
Hamidou,M
Hamidullah ,M
Hamiesha,F
Hamii,M
Hamiley,F
Hamilton,M
Hamim,M
Hamima ,F
Hamin,M
Hamiora,M
Hamir,M
Hamish,M
Hamish-jacob,M
Hamit,M
Hamithan,M
Hamiz ,M
Hamlet,M
Hamley,M
Hamlin,M
Hamlyn,M
Hammaad ,M
Hammad,M
Hammam ,M
Hammed,M
Hammelech,M
Hammie,M
Hammish,M
Hammond,M
Hammza,M
Hammzah,M
Hamna,F
Hamnah,F
Hamneet,F
Hamood ,M
Hamoon,M
Hamoud,M
Hamp,M
Hampton,M
Hamraaz,M
Hamraz,M
Hamreena,F
Hamreet,F
Hamrin,F
Hams,F
Hamsa,M
Hamse,M
Hamsika,F
Hamsini,F
Hamutali,F
Hamuun,F
Hamweih,F
Hamxa,M
Hamysh,M
Hamza,M
Hamza-Ur-Rehman,M
Hamzah,M
Hamze,M
Hamzee,M
Hamzeh,M
Hamzey,M
Hamzi,M
Hamzia,F
Hamzie,M
Han,Unisex
Han-Bi,F
Han-eum,M
Han-fang,F
Han-khai,F
Han-thuy,F
Han-ul,M
Han-Xian,F
Han-Ying,F
Hana,F
Hana-marie,F
Hanaa,F
Hanaa-Hassan,F
Hanaan,Unisex
Hanad,M
Hanadee,F
Hanadell,F
Hanadi,F
Hanadie,F
Hanady,F
Hanae,F
Hanah,F
Hanah-Joy,F
Hanah-lea,F
Hanah-rose,F
Hanai,F
Hanaiya ,F
Hanako,F
Hanalee,F
Hanalei,F
Hanalie,F
Hanan,F
Hanan-Saber,F
Hanane,F
Hanania,M
Hananiah,Unisex
Hananne,F
Hanano,F
Hanar ,F
Hanasa ,F
Hanat,Unisex
Hanatia,F
Hanaya ,F
Hanayo,F
Hanbal,M
Hanbo,M
Hance,M
Hancel,M
Hande,F
Handerson,M
Handley,M
Handrik,M
Handsome,M
Handy,M
Hane,F
Haned,F
Hanee,M
Haneef,M
Haneefa,F
Haneefah,F
Haneen,F
Haneesh,M
Haneet,F
Hanein,F
Hanelle,F
Hanen,F
Hanessa,F
Hanet,M
Hanett,F
Haney,M
Haneya,F
Hanfa ,F
Hanfaa ,F
Hanfeng,M
Hanford,M
Hang,F
Hanga ,F
Hangal,M
Hangaw,M
Hangel,F
Hangmonirorth,F
Hangyeol,F
Hanh,F
Hanhan,F
Hanhmi,F
Hani,Unisex
Hania,F
Hania-Hani-Mohammed,F
Haniah,F
Hanibal,M
Hanicah,F
Hanie,F
Hanieh ,F
Haniel,M
Hanif,M
Hanifa,F
Hanifah,F
Hanife ,Unisex
Haniff,M
Hanika ,F
Hanin,F
Hanina,F
Hanini,F
Hanis,F
Hanisah,F
Hanish,M
Hanisha ,F
Hanishka,F
Hanishraj,M
Hanisi,M
Hanisisevae,F
Hanita,F
Haniya,F
Haniyah,F
Haniyyah,F
Hanjia,F
Hank,M
Hanlee,F
Hanley,Unisex
Hanlin,M
Hanlon ,M
Hanmo,F
Hanna,F
Hanna-Faye,F
Hanna-jayed,F
Hanna-Kay,F
Hanna-Leah,F
Hanna-lee,F
Hanna-Rose,F
Hannaa ,F
Hannabella,F
Hannabelle,F
Hannagh,F
Hannah,F
Hannah-Belen,F
Hannah-Beth,F
Hannah-claire,F
Hannah-elise,F
Hannah-Elizabeth,F
Hannah-Grace,F
Hannah-Jane,F
Hannah-jay,F
Hannah-Jayne ,F
Hannah-Joy,F
Hannah-Julia,F
Hannah-kate,F
Hannah-Lea,F
Hannah-Lee,F
Hannah-Leigh ,F
Hannah-Lilly,F
Hannah-Louise ,F
Hannah-Lynn,F
Hannah-Mae ,F
Hannah-Marie ,F
Hannah-May ,F
Hannah-Rae,F
Hannah-Rose ,F
Hannah-therese,F
Hannaha,F
Hannahbelle,F
Hannahelizabeth,F
Hannahgrace,F
Hannahh,F
Hannahjo,F
Hannahlee,F
Hannahlyn,F
Hannahlynn,F
Hannahmae,F
Hannahmarie,F
Hannahmei,F
Hannahrae,F
Hannahrose,F
Hannalee,F
Hannaleigh,F
Hannaley,F
Hannalise,F
Hannamarie,F
Hannan,Unisex
Hannanah,F
Hannane,F
Hannaneh,F
Hanncle,F
Hanne,F
Hannean,F
Hanneke,F
Hanneke-Gerrie,F
Hannele,F
Hannelee,F
Hannelie,F
Hannell,F
Hannelore,F
Hanner,F
Hannes,M
Hannha,F
Hanni,F
Hannia,F
Hanniah,F
Hannibal,M
Hannie,F
Hanniel,M
Hannien,F
Hannigan,M
Hannix,M
Hanniya ,F
Hanno ,M
Hannon,Unisex
Hannora,F
Hanns,M
Hannu,M
Hanny,F
Hannya,F
Hannyh,F
Hano ,M
Hanoch,M
Hanok,M
Hanoke,M
Hanon,M
Hanora,F
Hanounsan,F
Hanry,M
Hans,M
Hans-christian,M
Hans-deiter,M
Hans-Edward,M
Hans-Elijonh,M
Hans-eric,M
Hans-jurgen,M
Hans-lyall,M
Hans-martin,M
Hans-otto,M
Hans-Owen,M
Hans-peter,M
Hansa ,F
Hansah ,F
Hanschen,M
Hansel,M
Hansell,M
Hansem,M
Hansen,M
Hansford,M
Hanshal,M
Hanshika ,F
Hansi,F
Hansie,F
Hansika,F
Hansina,F
Hansini,F
Hansley,M
Hanson,M
Hanter,M
HanTn,F
Hantz,M
Hanu,Unisex
Hanukkah,F
Hanul,Unisex
Hanusha,F
Hanusia,F
Hanveer,F
Hanvicka,F
Hanvitha,F
Hanwell,M
Hanwen,M
Hanxia,F
Hanxin,M
Hany,Unisex
Hanya,F
Hanyin,F
Hanyu,Unisex
Hanz,M
Hanzala ,M
Hanzalah,M
Hanzel,M
Hanzhen,F
Hanzi-mark,M
Hanzlah ,M
Hanzo,M
Hao,M
Hao-thien,M
Haochen,M
Haodun,M
Haofeng,M
Haopeng,M
Haoran,M
Haotian,F
Haowen,M
Haoxin,M
Haoxuan,M
Haoyan,Unisex
Haoyang,M
Haoyu,M
Haoyuan,M
Haoyun,M
Hapi,M
Happiness,F
Happy,Unisex
Happyson,M
Haqeem ,M
Har,Unisex
Har-Sonam,F
Hara,F
Harace,M
Haragam,M
Harah,F
Harajan ,M
Harakamjot,M
Harakem,F
Haralabas,M
Haralabo,F
Haralabos,M
Haralabros,M
Haralados,M
Haralambia,F
Haralambo,M
Haralambos,M
Haralamos,M
Haralampia,F
Haralampos,M
Harald,M
Haralee,F
Haraloubos,M
Haram,Unisex
Haramol,M
Haran,M
Haransh,M
Haras ,M
Haravneet,F
Harbakhash,M
Harbaksh,Unisex
Harbani,F
Harbans,M
Harbeen,F
Harbert,M
Harbie,F
Harbin,M
Harbind,M
Harbindar,F
Harbinder ,M
Harbir ,M
Harbor,Unisex
Harbour,Unisex
Harce,M
Harcharn,M
Harcourt,M
Hardarshan,M
Hardee,M
Hardeep,Unisex
Harden,M
Harderickdeep,M
Hardev ,M
Hardi,M
Hardie,M
Hardik,M
Hardil,M
Hardin,M
Harding,M
Hardip,Unisex
Hardison,M
Hardit ,M
Hardiya,F
Hardwick,M
Hardwin,M
Hardy,M
Hared,M
Hareda,F
Hareed,M
Hareem,F
Hareena ,F
Hareer ,F
Harees ,M
Hareet,Unisex
Harel,M
Hareld,M
Harem,F
Harena,F
Hares,M
Haresh,M
Hareth ,M
Harf,M
Harfateh,M
Harford,M
Hargeet,F
Hargie,M
Hargis,M
Hargoon,Unisex
Harguhn,F
Hargun,Unisex
Hargunn,F
Hargunpreet,Unisex
Hargus,M
Harh,F
Hari,M
Harian,M
Harib,M
Harice,M
Haricla,F
Hariclia,F
Haridimos,M
Harielle,M
Hariett,F
Hariette ,F
Harihar,M
Hariharan,M
Harijs,M
Harika,F
Harikleia,F
Hariklia,F
Hariko,F
Harikrishna,M
Harilaos,M
Harim,M
Harimraan,M
Harin,M
Harina,F
Harinder,M
Harindera,M
Harinderpal,M
Harindran,M
Harindu,M
Harine ,F
Harini,F
Hariot,F
Haripriya,F
Haris,M
Harisa ,F
Harisah ,F
Harisan ,M
Harish,M
Harisha,F
Harishan ,M
Harishkumar,M
Harison,M
Hariss ,M
Harisson ,M
Harit ,M
Harita,F
Harith,M
Haritha ,F
Haritina,F
Harito,M
Haritola,F
Hariz ,M
Harj,M
Harjaap,M
Harjan ,M
Harjannat,F
Harjap,Unisex
Harjapneet,M
Harjas,Unisex
Harjasdeep,M
Harjashan,M
Harjasjit,M
Harjass,M
Harjee,Unisex
Harjeet ,Unisex
Harjeev,M
Harjeevan ,M
Harjeewan,M
Harjen,M
Harjesven,M
Harjhap,M
Harji,F
Harjind,M
Harjinder ,Unisex
Harjit ,M
Harjivan ,Unisex
Harjiwan,M
Harjiya,F
Harjoban,M
Harjodh ,M
Harjoht,F
Harjoot,F
Harjot,Unisex
Harjotdeep,F
Harjoth ,F
Harjovan ,M
Harjun ,M
Harjup,M
Harjyot ,Unisex
Harkamal,Unisex
Harkamaljit,F
Harkamalpreet,M
Harkaram,M
Harkaran,M
Harkaranbir,M
Harkaranveer,M
Harkarn,Unisex
Harkeem,M
Harkeerat ,Unisex
Harkeert,F
Harken,M
Harker,M
Harkerat,F
Harkevin,M
Harkhrit,F
Harkhushi,F
Harkhushnit,F
Harkieran ,M
Harkiran,F
Harkirat,Unisex
Harkiratjot,M
Harkirit,M
Harkirn,F
Harkirtan,M
Harkish,F
Harkismat,F
Harkit,Unisex
Harkomal,F
Harkrishan ,M
Harkrit,M
Harl,M
Harla,F
Harlam,M
Harlan,M
Harland,M
Harlane,F
Harld,M
Harle,M
Harlea,F
Harlean,F
Harlee,Unisex
Harlee-Ann,F
Harlee-May,F
Harleen,F
Harleena,F
Harleequinn,F
Harleey,F
Harleh,F
Harlei,F
Harleigh,F
Harleigh-Faye,F
Harleigh-Mae ,F
Harleigh-Mai ,F
Harleigh-Rae ,F
Harlek,M
Harlem,Unisex
Harlen,M
Harlen-jay,M
Harlen-Joseph,M
Harlene,F
Harlequin,F
Harlequine,F
Harlequinn,F
Harles,M
Harless,M
Harleth,M
Harley,Unisex
Harley-Ann,F
Harley-Anne,F
Harley-david,M
Harley-Dean ,M
Harley-detlef,M
Harley-Gene,M
Harley-Ian,M
Harley-Jack ,M
Harley-jade,F
Harley-Jae ,M
Harley-Jai ,M
Harley-James ,M
Harley-Jay ,M
Harley-Joe ,M
Harley-John ,M
Harley-Lee ,M
Harley-Lynn,F
Harley-Mae ,F
Harley-May ,F
Harley-Owen ,M
Harley-Quinn ,F
Harley-Rae ,Unisex
Harley-Ray ,M
Harley-Reece ,M
Harley-Rey,F
Harley-Rose ,F
Harley-troy,M
Harleyann,F
Harleyquinn,F
Harli,F
Harli-Elise,F
Harlia,F
Harlie,Unisex
Harlie-Rae,F
Harlie-Rose ,F
Harliee,F
Harliegh,F
Harlii,F
Harlim,M
Harlin,M
Harlina,F
Harlind,M
Harline,F
Harliquinn,F
Harlis,M
Harliv,Unisex
Harllie-lynn,F
Harlo,Unisex
Harlod,M
Harloe,F
Harlon,M
Harloquinn,F
Harlou,M
Harloveleen,F
Harlow,Unisex
Harlow-blu,M
Harlow-grace,F
Harlowe,F
Harlum,F
Harlun ,M
Harly,Unisex
Harlym,Unisex
Harlyn,Unisex
Harlynd,F
Harlynn,F
Harlynna,F
Harm,M
Harma,F
Harmail,M
Harmalkit,M
Harman,Unisex
Harmanbir,Unisex
Harmandar,M
Harmandeep,M
Harmandip,M
Harmani,F
Harmanie,F
Harmanjeet,M
Harmanjit ,Unisex
Harmanjot,Unisex
Harmanjot-Kaur,F
Harmann,Unisex
Harmannat ,F
Harmanpal,M
Harmanpreet,Unisex
Harmantaj,M
Harmanthan,M
Harmanveer,M
Harmanvir,F
Harmany,F
Harmeen,F
Harmeet,Unisex
Harmehak,F
Harmehar,Unisex
Harmehek,F
Harmel,M
Harmella,F
Harmen,Unisex
Harmendeep,M
Harmetis,M
Harmfatima,F
Harmie,M
Harmilan,Unisex
Harmin,Unisex
Harmin-Joth,F
Harmina,F
Harminder ,M
Harminderpreet,F
Harminnie,F
Harmit,Unisex
Harmohit,M
Harmol,M
Harmon,M
Harmond,M
Harmone,F
Harmonee,F
Harmonei,F
Harmoney,F
Harmoni,F
Harmonia,F
Harmonie,F
Harmoniee,F
Harmonii,F
Harmonjot,F
Harmonpreet,M
Harmony,F
Harmony-alice,F
Harmony-Christina,F
Harmony-Grace ,F
Harmony-jade,F
Harmony-jane,F
Harmony-Lynn,F
Harmony-Rain,F
Harmony-Rose ,F
Harmony-shae,F
Harmony-skye,F
Harmunjot,M
Harmyn,M
Harnaaz,F
Harnah,F
Harnaik ,M
Harnak,M
Harnam ,M
Harnanak,M
Harnandan,F
Harnarayan,M
Harnav,Unisex
Harnavdeep,M
Harnayan,M
Harnaz,F
Harneal,M
Harneek,F
Harneet,F
Harneil,M
Harnek ,M
Harney,M
Harnick,M
HarNihaal,M
Harnimrit,F
Harnish,F
Harnoop ,Unisex
Harnoor,Unisex
Harnoor-Kaur,F
Harnoorpartap,M
Harnoorveer,M
Harnoorvir,M
Haro,M
Harol,M
Harold,M
Haroldas ,M
Haroldean,Unisex
Haroldene,F
Haroldine,F
Haroldo,M
Harolene,F
Harolyn,F
Haron,M
Haroola,F
Haroon,M
Haroula,F
Haroun,M
Harout,M
Haroutiun,M
Haroutun,M
Haroutyun,M
Harpa,Unisex
Harpaavan,F
Harpah,F
Harpaij,F
Harpal,M
Harpan,M
Harpar,F
Harparneet,F
Harpartaap,M
Harpartap,M
Harpaul,M
Harpawanjeet,F
Harpeet,F
Harper,F
Harper-Grace ,F
Harper-Jane ,F
Harper-lea,F
Harper-Lee ,F
Harper-Leigh ,F
Harper-Lilly ,F
Harper-Lily ,F
Harper-Louise ,F
Harper-Lynn,F
Harper-Mae ,F
Harper-Mai ,F
Harper-May ,F
Harper-Rae ,F
Harper-Rose ,F
Harpinder,Unisex
Harprabh,M
Harprakash,M
Harpratap,M
Harpreet,Unisex
Harprete,F
Harprit,Unisex
Harpriya ,F
Harpyr,Unisex
Harrah,F
Harraj ,Unisex
Harralambos,M
Harrald,M
Harraman,M
Harrattanbir,M
Harre,M
Harreet,F
Harreit,F
Harrel,M
Harrela,F
Harrell,M
Harreson,M
Harrey,M
Harri ,M
Harrick,M
Harrie,Unisex
Harriel,M
Harriet,F
Harriet-Rose ,F
Harriett,F
Harrietta,F
Harriette,F
Harril,M
Harrill,M
Harrilyn,F
Harrin,M
Harrington,M
Harriot,F
Harriott ,F
Harris,M
Harrisan,M
Harrisen,M
Harrish ,M
Harrison,M
Harrison-Blake ,M
Harrison-James ,M
Harrison-Lee ,M
Harriss,M
Harrisson,M
Harrisyn,M
Harrol,M
Harrold,M
Harroll,M
Harron,M
Harroop,Unisex
Harrsh,M
Harruth,F
Harry,M
Harry-cain,M
Harry-David ,M
Harry-dean,M
Harry-George ,M
Harry-Jack ,M
Harry-James ,M
Harry-Jay ,M
Harry-Joe ,M
Harry-John ,M
Harry-Lee ,M
Harry-O,M
Harryan,F
Harryette,F
Harryjew,M
Harrys,M
Harrysen,M
Harryson,M
Harsaajan,M
Harsahaj,M
Harsahib ,M
Harsahil,M
Harsaj,M
Harsan,M
Harsandeep,M
Harsanj,F
Harsanjam,F
Harsanjh,F
Harsanjit,M
Harsarwan,M
Harsavk,M
Harseem,F
Harseerat,F
Harseeret,F
Harsehaj,M
Harsevak,M
Harsh,M
Harsha,Unisex
Harshaan,M
Harshaandeep,M
Harshaanvir,M
Harshabad,Unisex
Harshabd,M
Harshaib,M
Harshal,M
Harshan,M
Harshandeep,M
Harshant,M
Harsharan ,Unisex
Harsharanveer,M
Harsharjun,M
Harsharn,M
Harshaun,M
Harshavardhan,M
Harshawn,M
Harshbeer,M
Harshbir,M
Harshdeep,M
Harshdip,M
Harsheen,F
Harshh,F
Harshi,F
Harshigah,F
Harshika,F
Harshil,M
Harshini,F
Harshit,M
Harshita,F
Harshith,M
Harshitha,F
Harshiv,M
Harshiya,F
Harshjit,M
Harshmaan,M
Harshneet,F
Harshni ,F
Harshnoor,M
Harshpreet,Unisex
Harshpuneet,M
Harshveer,M
Harshvir,M
Harshween,M
Harsiddhi,F
Harsift,F
Harsimar,Unisex
Harsimaran,M
Harsimarn,F
Harsimer,M
Harsimran,Unisex
Harsimrandeep,F
Harsimrat,Unisex
Harsimret,F
Harsimrit,F
Harsimronjoot,M
Harsirat ,F
Harsirit,F
Harsna,F
Harsonjot,M
Harsroop,F
Harsuhana,F
Harsukh ,Unisex
Harsukhbir,F
Harsukhdeep,M
Harsukhmn,M
Harsummer,M
Harsupreet,F
Hart,M
Hartaj,M
Hartajbir,M
Hartaz,M
Hartej,M
Hartejkanwal,M
Hartejvir,M
Hartense,F
Hartesh,M
Hartford,M
Harth,M
Hartie,F
Hartik,M
Hartland,M
Hartlee,F
Hartleigh,F
Hartley,Unisex
Hartli,F
Hartlie,F
Hartly,F
Hartlyn,F
Hartlynn,F
Hartman,M
Hartmut,M
Hartript,F
Hartsel,M
Hartsell,M
Hartwell,M
Hartzel,M
Hartzell,M
Haru,Unisex
Harue,F
Haruka,F
Haruki,M
Haruko,F
Harulumbos,M
Haruma,M
Harumi,F
Harummy,F
Harun,M
Haruna,F
Haruno,F
Harunobu,M
Haruo,M
Harut,M
Haruto,M
Harutun,M
Harutyun,M
Haruun ,M
Haruye,F
Haruyo,F
Haruyoshi,M
Haruyuki,M
Harvalee,F
Harvana,F
Harvard,M
Harve,M
Harvee ,M
Harveen,F
Harveer,M
Harvel,M
Harvell,M
Harven,M
Harvena,F
Harvenvir,M
Harver,M
Harvest,Unisex
Harvester,M
Harvetta,F
Harvey,M
Harvey-Dean ,M
Harvey-Jack ,M
Harvey-Jai ,M
Harvey-James ,M
Harvey-Jay ,M
Harvey-Joe ,M
Harvey-Lee ,M
Harvey-Leigh ,M
Harvey-Ray ,M
Harveylee ,M
Harvi,Unisex
Harvie,M
Harvin,M
Harvina,F
Harvind ,M
Harvinder ,Unisex
Harvir,M
Harvis,M
Harvish,M
Harvishal,M
Harvy,M
Harvyn,M
Harwell,M
Harwen,M
Harwinder,M
Harwood,M
Harwyn,F
Hary,M
Haryad ,M
Haryan ,M
Haryne,Unisex
Hasaam ,M
Hasaan,M
Hasali,F
Hasam,M
Hasan,M
Hasana,F
Hasanah,F
Hasanain ,M
Hasanat,F
Hasanayn ,M
Hasandeep,F
Hasani,M
Hasanjot,M
Hasanna,F
Hasanpreet,F
Hasanuddin,M
Hasaun,M
Hascal,M
Hasea,F
Haseeb,M
Haseeba ,F
Haseebah ,F
Haseebullah,M
Haseeda,F
Haseef,M
Haseem,M
Haseena,F
Haseenah ,F
Hasel,F
Hasen,M
Hasenat,F
Haset,F
Hashaam ,M
Hasham ,M
Hashar,M
Hasheem,M
Hashem,M
Hasher,M
Hashi,M
Hashim,M
Hashim-Abdelnasir,M
Hashindra,M
Hashir,M
Hashir-Ur-Rehman,M
Hashleen,F
Hashley,F
Hashmat ,Unisex
Hashmeet ,M
Hashmut,M
Hashneel,M
Hashpreet,F
Hashreet,F
Hashton,M
Hashveer ,M
Hasiafaye,F
Hasianna,F
Hasib,M
Hasiba ,F
Hasibah ,F
Hasiel,M
Hasiet,F
Hasiete,F
Hasifa ,F
Hasika,F
Hasil,F
Hasim,M
Hasin,M
Hasina,F
Hasinah ,F
Hasini,F
Hasir,M
Hasita,F
Hasitha,F
Haskaran,M
Haskel,M
Haskell,M
Hasker,M
Haskie,M
Haskirat,F
Haskle,M
Hasleen,F
Hasley,F
Haslin,F
Haslinda,F
Hasly,F
Haslyn,F
Hasman,M
Hasmeet,F
Hasmik,F
Hasna,F
Hasnaa ,F
Hasnaat ,M
Hasnah ,F
Hasnain,M
Hasnan ,M
Hasnat ,M
Hasnath ,M
Hasnayn ,M
Hasneil,M
Hasnen,M
Hasnoorpreet,F
Haso,M
Hason,M
Hasrat,F
Hasreet,F
Hasret ,F
Hasron,M
Hassaan,M
Hassain,M
Hassait,F
Hassam,M
Hassan,M
Hassan-Daniel,M
Hassana,F
Hassanah,F
Hassanali,M
Hassanatou,F
Hassane,M
Hassani,M
Hassanpreetinder,M
Hassanullah,M
Hassanya,F
Hassef,M
Hassel,M
Hassell,M
Hasseltine,F
Hassen,M
Hasset,F
Hassib,M
Hassie,F
Hassiel,M
Hassiem,M
Hassin,M
Hassn,M
Hassna,F
Hassnain ,M
Hasson,M
Hasten,M
Hasthimuni,M
Hasti,F
Hastiin,M
Hastik,M
Hastin,M
Hasting,M
Hastings,Unisex
Haston,M
Hasty,F
Hastyar ,M
Hasya,F
Hata-elma,F
Hataya,F
Hatch,M
Hatcher,M
Hateen,M
Hatem,M
Hateya,F
Hather,F
Hathera,F
Hatice,F
Hatif,M
Hatifa,F
Hatim,M
Hatina,F
Hatiqe,F
Hatius,M
Hatley,F
Hatouma,F
Hatsu,M
Hatsue,F
Hatsuko,F
Hatsumi,F
Hatsuye,F
Hatsuyo,F
Hattab,M
Hattan,M
Hatti,F
Hattie,F
Hattilynn,F
Hatton,M
Hatty,F
Hattye,F
Hatziry,F
Hau,Unisex
Hau-Gian,M
Hau-Harrison,M
Hau-Yi,F
Haudier,M
Haughtman,M
Haulam,M
Hauna,F
Haunani,F
Hauner,M
Hauron,M
Haus,M
Haussein,M
Hauxley,M
Hava,F
Havah,F
Haval,M
Havala,F
Havan,F
Havana,F
Havanah,F
Havanna,F
Havanna-Marie,F
Havannah,F
Havard,M
Havarni,F
Havelock,M
Haven,Unisex
Havenjeet,M
Havenn,F
Havery,M
Havey,F
Havi,M
Havick,M
Havier,M
Havik,M
Havilah,F
Haviland,F
Havillah,F
Havilland,F
Havin,F
Haviraj,M
Havis,M
Havish,M
Havisha,F
Havloch,M
Havoc,M
Havok,M
Havva ,F
Havya,Unisex
Havyn,F
Havynn,F
Hawa,F
Hawaa ,F
Hawabibi ,F
Hawada,F
Hawadi-Abubaker,M
Hawah,F
Hawahafsa,F
Hawaii,F
Hawaikii,M
Hawanatu,F
Hawanya,F
Hawara,F
Haward,M
Hawdam ,M
Hawi,F
Hawie,Unisex
Hawii,F
Hawira,F
Hawjeen,F
Hawk,M
Hawkar,M
Hawke,M
Hawken,M
Hawker,M
Hawkeye,M
Hawkin,M
Hawkins,M
Hawksley,M
Hawkson,M
Hawksten,M
Hawley,Unisex
Hawn,M
Hawna,F
Hawo,F
Hawon,F
Hawra,F
Hawraa,F
Hawriaa,F
Hawthorn,M
Hawthorne,M
Hawwa,F
Hawwaa,F
Hawwah ,F
Hawwii,F
Hawys ,F
Hawzhin,F
Haxstyn,F
Haxton,M
Hay,M
Hay-leigh,F
Haya,F
Hayaa,F
Hayaad,F
Hayaam,F
Hayaan,M
Hayaat ,F
Hayah,F
Hayal ,F
Hayam,F
Hayan ,M
Hayat,F
Hayato,M
Haydan,Unisex
Haydar,M
Hayde,F
Haydee,F
Hayden,Unisex
Hayden-Cassidy,F
Hayden-charles,M
Hayden-Cruz,M
Hayden-dennis,M
Hayden-James ,M
Hayden-Jeffrey,M
Hayden-Lee ,M
Hayden-Willow,F
Haydence,Unisex
Haydenn,Unisex
Hayder,M
Haydhen,F
Haydi,F
Haydia,F
Haydin,Unisex
Haydin-Lee,M
Haydn,M
Haydne,M
Haydon,M
Haydrian,M
Haydyn,Unisex
Haydynn,F
Haye,M
Hayeden,M
Hayeleselasea,M
Hayes,M
Hayet ,F
Hayez,M
Hayfa ,F
Haygan,M
Haygen,M
Hayhlee,F
Hayile,F
Hayk,M
Haykel,M
Hayla,F
Haylah,F
Haylan,Unisex
Hayle,F
Haylea,F
Hayleah,F
Haylee,F
Haylee-ann,F
Haylee-Anne,F
Haylee-Dawn,F
Haylee-Fay,F
Haylee-jade,F
Haylee-Jae,F
Haylee-Jo,F
Haylee-Lynn,F
Haylee-marie,F
Haylee-Rae,F
Hayleen,F
Haylei,F
Haylei-Rain,F
Hayleigh,F
Hayleigh-Marie,F
Haylen,Unisex
Haylene,F
Hayley,F
Hayley-Ann,F
Hayley-Anna,F
Hayley-anne,F
Hayley-Jade ,F
Hayley-Jane ,F
Hayley-jayde,F
Hayley-jayne,F
Hayley-jo,F
Hayley-joe,F
Hayley-kate,F
Hayley-lee,F
Hayley-louise,F
Hayley-Lynn,F
Hayley-Marie ,F
Hayley-Rebeca,F
Hayley-renee,F
Hayley-rose,F
Hayley-wendy,F
Hayleyanne,F
Hayli,F
Haylie,F
Haylie-Ann,F
Haylie-Anne,F
Hayliee,F
Hayliegh,F
Haylin,F
Hayllie,F
Hayln,M
Haylo,F
Haylon,M
Haylwen,F
Hayly,F
Haylyn,F
Haylynn,F
Hayma,F
Haymi,F
Haymin,M
Haymish,M
Haymon,M
Haymond,M
Haymour,M
Haynalka,F
Hayne,M
Hayner,M
Haynes,M
Haynie,M
Hayome,F
Hayoon,Unisex
Hayoung,F
Hayru,F
Hayrunnisa,F
Hays,M
Haysam ,M
Haysan,M
Hayse,M
Haysen,M
Haysh,M
Hayslee,F
Hayson,M
Haysten,M
Hayston,M
Haysyn,M
Haytham,M
Haythem,M
Haythum,M
Hayudin,M
Hayul,M
Hayven,Unisex
Hayvin,F
Hayvn,F
Hayvon,M
Hayward,M
Haywen,M
Haywenie,F
Haywood,M
Hayword,M
Hayya ,F
Hayyaan ,M
Hayyam,M
Hayyan,M
Hayyu,M
Hayz,M
Hayze,M
Hayzel,F
Hayzen,M
Hayzlee,F
Hayzlie,F
Hazael,M
Hazaiah,M
Hazal,F
Hazar ,M
Hazard,M
Haze,M
Hazea,F
Hazel,F
Hazel-Anne,F
Hazel-joan,F
Hazel-Marie,F
Hazel-Rhea,F
Hazel-rose,F
Hazel-Victoria,F
Hazelann,F
Hazele,F
Hazelee,F
Hazeleen,F
Hazeleigh,F
Hazeleine,F
Hazelene,F
Hazelgrace,F
Hazeline,F
Hazell,F
Hazelle,F
Hazelmarie,F
Hazelrose,F
Hazelth,F
Hazeltine,F
Hazely,F
Hazelyn,F
Hazelynn,F
Hazelynne-Rae,F
Hazem,M
Hazen,M
Hazer,M
Hazera ,F
Haziel,M
Hazim,M
Hazin,M
Haziq,M
Haziqah ,F
Hazir,M
Hazirah ,F
Haziz,M
Hazle,F
Hazlee,F
Hazleigh,F
Hazley,F
Hazlyn,F
Hazon,M
Hazoor,M
Hazqeel,M
Hazra ,F
Hazrat ,M
Hazuki,F
Hazy,F
Hazyl,F
Hazyn,M
Hazza,M
Hazzel,F
Hazzie,M
Hdida,F
He ,M
Hea-In,M
Hea-Na,F
Headley,M
Headly,M
Heahter,F
Heajin,F
Heala,F
Healal,F
Healani,F
Healey,Unisex
Healy,F
Heang,F
Heanog,M
Heard,M
Hearl,M
Hearld,M
Hearman,M
Hearold,M
Heart,F
Heartheaven,M
Hearther,F
Heartlee,F
Heartley,F
Heartly,F
Heartlyn,F
Heartlynn,F
Heater,F
Heath,M
Heath-adam,M
Heath-john,M
Heath-Wade,M
Heathcliff,M
Heathcliffe,M
Heathe,Unisex
Heather,F
Heather-Ann,F
Heather-Anne,F
Heather-Briez,F
Heather-Emily,F
Heather-jean,F
Heather-joy,F
Heather-Lee,F
Heather-Leigh,F
Heather-Lynn,F
Heather-Marie,F
Heather-Mhairi,F
Heatherann,F
Heatherannette,F
Heatherbell,F
Heatherlee,F
Heatherlie,F
Heatherly,F
Heatherlyn,F
Heatherlynn,F
Heathermarie,F
Heathfield,M
Heathley,M
Heathr,F
Heathre,F
Heathyr,F
Heaton,M
Heavan,F
Heavana,F
Heavar,F
Heaven,F
Heaven-Lea,F
Heaven-Lee,F
Heaven-Leigh ,F
Heavendeep,F
Heavendip,M
Heavenlee,F
Heavenlei,F
Heavenleigh,F
Heavenley,F
Heavenli,F
Heavenly,F
Heavenlyjoy,F
Heavenlyn,F
Heavenor,F
Heavin,F
Heavon,F
Heavon-Liegh,F
Heavyn,F
Heavynn,F
Heba,F
Heba-Fatima,F
Hebah,F
Hebat-Allah,M
Hebatallah,F
Hebatullah,F
Hebbie,F
Hebbie-rose,F
Hebe,F
Heber,M
Hebert,M
Heberth,M
Heberto,M
Hebin,M
Hebreu,M
Hebron,Unisex
Hebrone,M
Hec,M
Hecham,M
Hecter,M
Hector,M
Hedar,F
Hedaya,F
Hedayah,F
Hedayet,M
Hedd ,M
Hedda,F
Heddie,F
Heddwyn ,M
Heddy,F
Heddy-Jo,F
Heder,M
Hedgar,M
Hedi,F
Hedia,F
Hedie,F
Hedieh,F
Hedin,M
Hedit,F
Hedley,M
Hedo,F
Hedrecco,M
Hedrick,M
Hedvig,F
Hedwa,F
Hedwig,F
Hedwig-doris,F
Hedwige,F
Hedy,F
Hedy-marie,F
Hedyeh,F
Hee,F
Hee-Eun,F
Hee-Na,F
Heeba,F
Heebah,F
Heebba,F
HeeChan,M
Heediya,F
Heela,F
Heelin,F
Heemin,F
Heena,F
Heer,F
Heera,Unisex
Heeraa,F
Heerah,F
Heeral ,F
Heerin,F
Heerod,M
Heersa,M
Heesham,M
Heesoo,Unisex
Heet,M
Heeth,M
Heeva,F
Heewa,M
Heeya,F
Heffner,M
Hefin ,M
Heflin,M
Hefranta,M
Hefziba,F
Hegenes,M
Hehaka-Seeqwun,M
Hehlee,F
Hei,Unisex
Hei-Yee,F
Heida,F
Heidar,M
Heide,F
Heide-marie,F
Heidee,F
Heidelinde,F
Heidemarie,F
Heiden,M
Heiderose,F
Heidi,F
Heidi-adrianna,F
Heidi-ann,F
Heidi-daniela,F
Heidi-Grace ,F
Heidi-jayne,F
Heidi-jo,F
Heidi-lee,F
Heidi-Leigh ,F
Heidi-Lou ,F
Heidi-louise,F
Heidi-Lynn,F
Heidi-Mae ,F
Heidi-maree,F
Heidi-Marie,F
Heidi-May ,F
Heidi-Rae ,F
Heidi-Rose ,F
Heidiann,F
Heidianne,F
Heidie,F
Heidimarie,F
Heidrits,M
Heidrun,F
Heidy,F
Heighlon,F
Heike,F
Heiki,M
Heiki-lu,F
Heikki,M
Heiko,M
Heila,F
Heiley,F
Heili,F
Heilly,F
Heily,F
Heilyn,F
Hein,M
Heindrick,M
Heiner,M
Heini ,F
Heinreich,M
Heinrich,M
Heinricht,M
Heinrick,M
Heinrie,M
Heinry,M
Heintje,M
Heinz,M
Heinz-Geoffrey,M
Heiress,F
Heirmala,F
Heirra,F
Heiry,F
Heism,M
Heisy,F
Heith,M
Heithen,M
Heitor,M
Heiv,F
Heiwa,M
Heizel,F
Heizzl,F
Heja ,F
Hejaab,F
Hejabatshah,M
Hejan ,F
Hejar,M
Hejran ,M
Hejron,M
Hekerangi,M
Hekima,F
Hekmat,M
Hektor,M
Hela,F
Helaal,M
Heladio,M
Helaena,F
Helaenna,F
Helah,F
Helaina,F
Helaine,F
Helainna,F
Helaiza,F
Helal,M
Helam,M
Helaman,M
Helan,F
Helana,F
Helane,F
Helanna,F
Helary,F
Helayna,F
Helaynah,F
Helayne,F
Helaynea,F
Helbeen,F
Helbest,F
Helcy,F
Helda,F
Heldana,F
Helder,M
Helder-Francisco,M
Heldi,F
Heleana,F
Heleanor,F
Heledd ,F
Heleen,F
Heleena,F
Heleena-Dawn,F
Helei,F
Heleina,F
Heleine,F
Helem,F
Helema,F
Helen,F
Helen-audrey,F
Helen-chantel,F
Helen-eleni,F
Helen-elizabeth,F
Helen-gene-lily,F
Helen-Jane,F
Helen-marie,F
Helena,F
Helena-Ivanna,F
Helena-Lynn,F
Helena-May,F
Helena-Wiebe,F
Helenann,F
Helene,F
Heleni,F
Helenia,F
Helenjoan,F
Helenlee,F
Helenmae,F
Helenmarie,F
Helenna,F
Heleny,F
Heleyna,F
Helga,F
Helge,M
Helgi,Unisex
Heli,Unisex
Helia,F
Heliana,F
Heliina,F
Helin,F
Helina,F
Heline,F
Helini,F
Helio,M
Heliodoro,M
Helios,M
Helisha,F
Helissa,F
Helius,M
Helix,M
Heliya,F
Helju,F
Hella ,F
Hellal,M
Hellan,F
Helle,F
Helle-may,F
Helleena,F
Hellen,F
Hellena,F
Hellene,F
Helleni,F
Hellenna,F
Hellenyo,M
Heller,F
Helli,F
Hellmuth,M
Hellon,F
Helly,F
Helm,M
Helma,F
Helmand,M
Helmar,M
Helmer,M
Helmi,F
Helmie,F
Helmut,M
Helmut-daniel,M
Helmuth,M
Helo,M
Heloisa,F
Heloise,F
Helon,F
Helsby,F
Helsea,F
HelTna,F
Helton,M
Helve,F
Helvi,F
Helvie,F
Helwa,F
Helwie,F
Helyn,F
Helyne,F
Helzah,F
Hem,Unisex
Hema,F
Hema-Melaine,F
Hemakshi,F
Hemal,M
Hemali,F
Heman,M
Hemang,M
Hemani,F
Hemant,M
Hemanth,M
Hemanya ,F
Hemat,M
Hemayatullah,M
Hemdah,F
Hemeal,M
Hemeda,F
Hemen,Unisex
Hemeon,M
Hemerson,M
Hemesh,M
Hemi,Unisex
Hemi-linkin,M
Hemingway,M
Hemish ,M
Hemisha ,F
Hemma,F
Hemmesh,M
Hemming,M
Hemza,M
Hemzy,M
Hena,F
Henach,M
Henacie,F
Henady,F
Henal ,F
Henar,F
Hence,M
Henchy,F
Hend,F
Hendel,F
Henderika,F
Henderikus,M
Henderson,M
Hendle,M
Hendley,F
Hendrayx,M
Hendrena,F
Hendrex,M
Hendria,F
Hendrica,F
Hendrick,M
Hendricks,M
Hendrickus,M
Hendricus,M
Hendrik,M
Hendrik-Jan,M
Hendrika,F
Hendrikes,M
Hendrikje,F
Hendrikson,M
Hendrikus,M
Hendrina,F
Hendrix,M
Hendrix-Cory,M
Hendry,M
Hendrych,M
Hendryk,M
Hendryx,M
Hendy,F
Henelora,F
Heneretta,F
Henerietta,F
Henery,M
Henesis,F
Henessey,F
Henessy,F
Henesy,F
Heng,M
Henghao,M
Henglin,M
Hengrui,M
Hengtee,M
Henh,M
Heni ,F
Henie,F
Henik,M
Henil,M
Henish,M
Henisha,F
Henissey,F
Henita,F
Henjo,M
Henk,M
Henk-willem,M
Henlee,F
Henleigh,F
Henley,Unisex
Henley-James ,M
Henley-John ,M
Henli,F
Henlie,Unisex
Henly,Unisex
Henna,F
Hennah,F
Hennesey,F
Hennesie,F
Hennessey,F
Hennessy,F
Hennesy,F
Henni,F
Hennie,F
Henning,M
Hennley,F
Hennry,M
Henny,F
Henoc,M
Henoch,M
Henock,M
Henok,M
Henon,M
Henor,M
Henos,M
Henre,M
Henreitta,F
Henrene,F
Henretta,F
Henretter,F
Henrettia,F
Henrey,M
Henri,M
Henri-Rea,M
Henrianna,F
Henrica,F
Henrich,M
Henrick,M
Henrickus,M
Henrico,M
Henricus,M
Henrie,Unisex
Henriella,F
Henrietta,F
Henriette,F
Henrijs ,M
Henrik,M
Henrika,F
Henrikas ,M
Henrikki,M
Henrine,F
Henrique,M
Henritta,F
Henrose,F
Henrri,M
Henrry,M
Henry,M
Henry-Hoa,M
Henry-James ,M
Henry-Jay ,M
Henry-John ,M
Henry-Thomas ,M
Henry-Tran,M
Henryetta,F
Henryk,M
Henryk-jan,M
Henryka,F
Hensel,M
Hensen,M
Henslee,F
Hensley,Unisex
Henson,M
Henton,M
Henvgke,M
Henya,F
Henzlee,F
Henzley,F
Heonia,F
Heoniya,F
Hepa,F
Hepheistion,M
Hephzibah,F
Hepzibah ,F
Hepzibah-grace,F
Her,M
Hera,F
Heraa,F
Heraclio,M
Herakles,M
Herald,M
Heraldo,M
Heran,F
Herb,M
Herber,M
Herbert,M
Herberta,F
Herberth,M
Herbertia,F
Herberto,M
Herbet,M
Herbey,M
Herbie,M
Herbod,M
Herby,M
Herchel,M
Herchell,M
Herchran,F
Hercilia,F
Herculano,M
Hercules,M
Hercy,F
Herdaman,M
Herdiapal,M
Herdis,M
Heri,M
Heriberta,F
Heriberto,M
Herica,F
Herick,M
Herik,M
Herika,F
Herina,F
Herish,M
Herizon,F
Herjoat,F
Herjot,F
Herkamal,M
Herkamaljot,M
Herkiran,F
Herkus ,M
Herlaine,F
Herlane,F
Herleen,F
Herlene,F
Herley,M
Herlin,M
Herlinda,F
Herline,F
Herma,F
Hermala,F
Hermalinda,F
Herman,M
Herman-Owen,M
Hermance,F
Hermanda,F
Hermania,F
Hermann,M
Hermanpreet,M
Hermanus,M
Hermarni ,F
Hermas,M
Hermeet,M
Hermela,F
Hermelinda,F
Hermelindo,M
Hermella,F
Hermen,M
Hermena,F
Hermene,F
Hermenegildo,M
Hermenia,F
Hermes,M
Hermia,F
Hermie,F
Hermila,F
Hermilinda,F
Hermilo,M
Hermina,F
Herminda,F
Hermine,F
Herminia,F
Herminio,M
Hermino,M
Hermione,F
Hermionie ,F
Hermit,M
Hermoine,F
Hermon,M
Hermona,F
Hermond,M
Hermonie,F
Hermun,M
Hernaldo,M
Hernan,M
Hernan-Andres,M
Hernandez,M
Hernando,M
Herndon,M
Hernesto,M
Herney,M
Herng,M
Hernish,M
Herny,M
Hero,Unisex
Herod,M
Herodotos,M
Herodotus,M
Herold,M
Heron,M
Heroshi,M
Herpinder,F
Herpreet,M
Herpritamjit,F
Herrel,M
Herrell,M
Herrick,M
Herron,M
Herry,M
Hersch,M
Herschal,M
Herschel,M
Herschell,M
Hersel,M
Hersey,M
Hersh,M
Hershal,M
Hershall,M
Hershdeep,M
Hershel,M
Hershell,M
Hershey,M
Hershi ,M
Hershy,M
Hersi ,M
Hersie,M
Hersimran,M
Herson,M
Hersy,M
Herta,F
Hertha,F
Hertis,M
Hertzen,M
Heru,M
Herukolek,M
Herv,M
Hervahna,F
Herve,M
Hervey,M
Hervie,M
Hervien,F
Hervin,M
Hervinalynn,F
Hervy,M
Herwart,M
Herwig,M
Hery,M
Hesalya,F
Hesam,M
Hesed,M
Hesha,F
Hesham,M
Heshan,M
Heshar,M
Heshimu,M
Heshy,M
Heskit,M
Hesna,F
Hesper,F
Hess,M
Hessa,F
Hessam,M
Hesse,M
Hessel,M
Hessen,F
Hessie,F
Hessten,M
Hesston,M
Hesta,F
Hestel,F
Hester,F
Hesther,F
Heston,M
Hestynn,M
Het,M
Heta,F
Hetaf,F
Hetal,F
Hetan,M
Hetash,M
Heteshree,F
Hetha,M
Hether,F
Heti ,F
Hetja,F
Hetoun,F
Hetti ,F
Hettie,F
Hettie-May ,F
Hettige,M
Hetty,F
Hettye,F
Hetvi,F
Heulwen ,F
Heulyn ,M
Heun,M
Heval,M
Hevan,F
Hevansh,M
Heven,F
Hever,M
Hevin,F
Hevin-Lee,F
Hevind,M
Hevyan,M
Hevyn,F
Hew ,M
Hewa,M
Hewad ,M
Hewan,F
Hewanna,F
Hewell,M
Hewett,M
Hewey,M
Hewina,F
Hewitt,M
Hewlett,M
Hewrain,F
Hewson,M
Hewston,M
Hex,M
Heyab,F
Heyabel ,F
Heyable,M
Heyam,F
Heyan ,M
Heydan,M
Heydar,M
Heyden,M
Heydi,F
Heydon ,M
Heydy,F
Heyi,M
Heylan,M
Heylee,F
Heyleigh,F
Heylen,F
Heyley,F
Heyli,F
Heylie,F
Heylin,F
Heyman,M
Heymi,F
Heysam,M
Heysel,F
Heysen,M
Heyson,M
Heyward,M
Heywood,M
Heyzan,F
Heza,F
Hezakiah,M
Hezal,F
Hezeki,M
Hezekiah,M
Hezekiel,M
Hezekyah,M
Hezhen,F
Hezikiah,M
Hezkiah,M
Hezron,M
Hezzie,M
HFloise,F
HGn,F
Hia,F
Hiader,M
Hiam,F
Hiat,F
Hiather,F
Hiatt,M
Hiawatha,Unisex
Hiba,F
Hibaa,F
Hibaaq ,F
Hibah,F
Hibah-Allah,F
Hibaq,F
Hibato,F
Hibatullah ,F
Hibba,F
Hibba-kunooz,F
Hibba-tul-mateen,F
Hibbah ,F
Hibbard,M
Hibbatul,F
Hibiki,M
Hibo,F
Hicham,M
Hichem ,M
Hichot,F
Hick,M
Hickman,M
Hickory,Unisex
Hicks,M
Hickson,M
Hida,F
Hidaayah ,F
Hidajet,M
Hidar,M
Hidaya,F
Hidayah,F
Hidayatgul,M
Hideaki ,M
Hidee,F
Hidekel,F
Hideki,M
Hideko,F
Hidemi,M
Hidenori,M
Hideo,M
Hideto,M
Hidi,F
Hidie,F
Hidieh,F
Hido,M
Hidy,F
Hiede,F
Hiedi,F
Hiedie,F
Hielan,M
Hielo,M
Hien,Unisex
Hien-Dieu,F
Hien-Liem,M
Hien-the,M
Hienrich,M
Hienz,M
Hiep,M
Hieran,F
Hiero,M
Hieron,M
Hieson,M
Hieth,M
Hieu,M
Hifsa ,F
Hifsah ,F
Hifza,F
Hifzah ,F
Hifzhan,M
Higazi,M
Highbury,F
Higinia,F
Higinio,M
Hiiaka,F
Hiilani,F
Hiilei,F
Hijaab ,F
Hijab ,F
Hijinio,M
Hijisa,F
Hijran,M
Hikari,F
Hikaru,Unisex
Hikaryu,M
Hikeem,M
Hikma,F
Hikmah ,F
Hikmat ,F
Hikmer,M
Hila,F
Hilag,M
Hilah,F
Hilair,M
Hilaire,Unisex
Hilal,Unisex
Hilare,M
Hilaree,F
Hilari,F
Hilaria,F
Hilarie,F
Hilario,M
Hilarion,M
Hilary,F
Hilary-Ann,F
Hilary-Anne,F
Hilbert,M
Hilberto,M
Hilburn,M
Hilda,F
Hildagard,F
Hildagarde,F
Hildah,F
Hildana,F
Hilde,F
Hilde-gerda,F
Hildebrando,M
Hildegard,F
Hildegarde,F
Hildegart,F
Hilder,Unisex
Hildi,F
Hildia,F
Hildie,F
Hilding,M
Hildon,M
Hildra,F
Hildred,Unisex
Hildreth,Unisex
Hildur,F
Hildy,F
Hileena,F
Hilery,Unisex
Hiles,M
Hiley,F
Hilfred,M
Hilia,F
Hiliana,F
Hiliary,F
Hilina,F
Hilinai,F
Hilios,M
Hilit,F
Hilja,F
Hilken,M
Hilkiah,F
Hilkija,M
Hill,M
Hilla,F
Hillah,F
Hillal,M
Hillar,M
Hillard,M
Hillaree,F
Hillarey,F
Hillari,F
Hillarie,F
Hillary,F
Hillay,F
Hillayna,F
Hillda,F
Hilldana,F
Hillde,F
Hilldegonda,F
Hillel,M
Hillery,Unisex
Hilliard,M
Hilliary,F
Hillie,M
Hillina,F
Hillip,M
Hillire,F
Hillis,M
Hillivi,F
Hillman,M
Hillol,M
Hillory,Unisex
Hilma,F
Hilman,M
Hilmar,M
Hilmer,M
Hilmi ,M
Hilmina,F
Hilmon,M
Hilna,F
Hilorie,F
Hilory,F
Hilrey,M
Hilry,M
Hilson,M
Hiltje,F
Hilton,M
Hilwea,F
Hilyard,M
Him,M
Hima,F
Himaksh,M
Himal ,M
Himani,F
Himanish,M
Himansh,M
Himanshi,F
Himanshu,M
Himari,F
Himat ,M
Himath,F
Himatsurjit,M
Himay,M
Himayal,F
Himbazwa,M
Himesh ,M
Himgauri,F
Himmat,M
Himmet,M
Himmit,M
Himmith,M
Himnoor,F
Himzaga,M
Hin,M
Hin-lap,M
Hina,F
Hinaa ,F
Hinaea,F
Hinako,F
Hinal,F
Hinano,F
Hinata,F
Hinatea,F
Hinckley,M
Hind,F
Hinda,F
Hindel,F
Hinderk,M
Hindi ,F
Hindiya,F
Hindol,M
Hindy,F
Hine,F
Hine-maree,F
Hine-tai,F
Hineahua,F
Hineawatea,F
Hineihana,F
Hinemoa,F
Hines,M
Hinesh ,M
Hinewai,F
Hing,Unisex
Hing-Cheung,M
Hinley,F
Hinna ,F
Hinnah,F
Hinnd,F
Hinne,M
Hinrich,M
Hinsley,F
Hinson,M
Hinton,M
Hionati,F
Hionia,F
Hiori,F
Hipolita,F
Hipolito,M
Hippy,M
Hir,Unisex
Hira,F
Hiraani,F
Hirad ,M
Hirah,F
Hirak,M
Hiral,F
Hiram,M
Hiran,M
Hiranpreet,F
Hiranur ,F
Hiranya,F
Hiranyaa,F
Hirdaypartap,M
Hiree,M
Hirell,F
Hiren,M
Hireth,M
Hiriti,F
Hirma,F
Hiro,M
Hiroaki,M
Hirofumi,M
Hiroka,F
Hiroki,M
Hiroko,F
Hiromasa,M
Hiromi,F
Hiromu,M
Hiromy,F
Hirooh,M
Hiroshi,M
Hiroshige,M
Hiroto,M
Hirotsugu,M
Hiroyuki,M
Hirra ,F
Hirsch,M
Hirsh,M
Hirsi,M
Hiru,M
Hiruka,M
Hirum,M
Hirun,M
Hirut,F
Hirva,F
Hirvana,F
Hirvin,M
His ,M
Hisa,F
Hisae,F
Hisako,F
Hisam,M
Hisanaga,M
Hisao,M
Hisashi,M
Hisaya,M
Hisaye,F
Hisayo,F
Hisela,F
Hishaam,M
Hisham,M
Hishta,M
Hisme,F
Hissan ,M
Hissen,F
Hisui,M
Hitaf,F
Hitain,M
Hitansh ,M
Hitanshi,F
Hitanshu,M
Hiteejot,F
Hiten,M
Hitendra,M
Hitesh,M
Hitha,F
Hithika,F
Hiti,F
Hitje-aikaterini,F
Hitjevi,F
Hitney,F
Hitomi,F
Hitoshi,M
Hitzel,F
Hiu ,Unisex
Hiu-fung,M
Hiu-wun,F
Hiulen,F
Hivasha,F
Hivay ,F
Hivda ,F
Hiwa,M
Hiwan,F
Hiwot,F
Hixie,F
Hixon,M
Hiya,F
Hiyab,Unisex
Hiyabel ,Unisex
Hiyam,F
Hiyan,M
Hiyas,F
Hiydar,M
Hiywot,F
Hizar ,M
Hjalmah,F
Hjalmar,M
Hjalmer,M
Hjelmar,M
Hjoerdis,F
Hjordis,F
Hla,F
Hldana,F
Hlee,F
Hlgimantas,M
Hli,F
Hlias,M
Hljodver,M
Hmed,M
Hmse,F
Hnat,M
Hneen,F
Hniang,M
Ho,M
Ho-Ching,F
Ho-jun,M
Ho-Ming,M
Ho-Tung,M
Ho-Yan,M
Ho-Yee,F
Ho-Yen,M
Hoa,Unisex
Hoa-my,F
Hoai,Unisex
Hoai-mi,F
Hoan,M
Hoana,F
Hoang,Unisex
Hoang-Andy,M
Hoang-cuc,F
Hoang-dan,M
Hoang-Ha-Huy,F
Hoang-lan,F
Hoang-long,M
Hoang-mai,F
Hoang-minh,M
Hoang-nghi,F
Hoang-quan,M
Hoang-Tan,M
Hoang-trung-hieu,M
Hoang-Tuan,M
Hoani,M
Hoar,F
Hoarce,M
Hobart,M
Hobbes,M
Hobbie,M
Hobbs,M
Hobby,M
Hobed,M
Hobert,M
Hobia,F
Hobie,M
Hobson,M
Hoby,M
Hoc-duy,F
Hocine ,M
Hoda,F
Hodalis,F
Hodan,F
Hodari,M
Hodaya,F
Hodge,M
Hodges,M
Hodo ,F
Hodohoden,F
Hodon ,F
Hody,M
Hoffman,M
Hogan,M
Hogar,M
Hogun,M
Hohaia,M
Hoi ,Unisex
Hoi-Leung,M
Hoiva,F
Hoiy,M
Hojin,M
Hok ,M
Hok-Hei,M
Hok-Man,M
Hok-nam,M
Hok-Tin,M
Hokan,M
Hoke,M
Hoku,M
Hokulani,F
Holbert,M
Holbrook,M
Holda,F
Holdan,M
Holden,M
Holder,M
Holdin,M
Holdon,M
Holdyn,M
Holger,M
Holi ,F
Holiday,F
Holie,F
Holikha,M
Holina,M
Hollace,F
Hollan,Unisex
Holland,Unisex
Hollas,F
Holle,F
Hollea,F
Holleay,F
Hollee,F
Holleh,F
Holleigh,F
Hollen,F
Holley,F
Holli,F
Holli-ann,F
Holli-anne,F
Holli-rebecca,F
Holli-renee,F
Holliann,F
Hollianne,F
Hollice,Unisex
Holliday,F
Hollie,F
Hollie-Ann ,F
Hollie-Anne ,F
Hollie-Grace ,F
Hollie-Jane ,F
Hollie-Jo ,F
Hollie-lee,F
Hollie-Louise ,F
Hollie-Mae ,F
Hollie-Mai ,F
Hollie-Marie ,F
Hollie-May ,F
Hollie-Rae ,F
Hollie-Rose ,F
Hollie-sue,F
Hollii,F
Holliijhay,F
Hollin,F
Hollis,Unisex
Hollister,Unisex
Holliston,F
Hollman,M
Holloway,M
Hollupatirage,F
Holly,F
Holly- ,F
Holly-Ann ,F
Holly-Anne ,F
Holly-Beth,F
Holly-catherine,F
Holly-faye,F
Holly-Grace ,F
Holly-jane,F
Holly-Jayne ,F
Holly-Jo ,F
Holly-Joyce,F
Holly-kate,F
Holly-lee,F
Holly-Lisa,F
Holly-Louise ,F
Holly-Mae ,F
Holly-Mai ,F
Holly-Marie ,F
Holly-mariee,F
Holly-May ,F
Holly-melinde,F
Holly-Rachel,F
Holly-Rae,F
Holly-Rose ,F
Holly-Therese,F
Hollyann,F
Hollyanne,F
Hollye,F
Hollylynn,F
Hollymarie,F
Hollymay ,F
Hollyn,F
Hollynd,F
Hollynn,F
Holman,M
Holmer,M
Holmes,M
Holsen,M
Holsey,M
Holsten,M
Holston,M
Holt,M
Holten,M
Holter,M
Holton,M
Holtyn,M
Holy,F
Holy-Grace,F
Holyn,F
Holyness,F
Homa,F
Homad,M
Homaira ,F
Homan,M
Homar,M
Homare,M
Homas,M
Homayon,M
Homayoon,M
Homayra ,F
Hombre,M
Homer,M
Homero,M
Homiros,M
Hommer,M
Hommy,M
Hon ,M
Hon-Wang,M
Hona,F
Honami,F
Honan,M
Honar,Unisex
Hondo,M
Honee,F
Honee-jaycee,F
Honer,M
Honest,Unisex
Honestee,F
Honesti,F
Honestie,F
Honestii,F
Honesty,F
Honey,F
Honey-Belle ,F
Honey-Leigh ,F
Honey-Lou ,F
Honey-Louise ,F
Honey-Mae ,F
Honey-Mai ,F
Honey-Marie ,F
Honey-May ,F
Honey-Rae ,F
Honey-Raiin,F
Honey-Rose ,F
Honeybal,M
Honeysuckle ,F
Hong,Unisex
Hong-An,F
Hong-linh,Unisex
Hong-nhung,F
Hong-phuong,Unisex
Hong-quan,M
Hong-thu,F
Hong-truc,F
Hongan,F
Hongdao,F
Hongxin,M
Hongxu,M
Hongyu,M
Hongyun,F
Hongzhi,M
Honi,F
Honia ,F
Honie,F
Honiefel,F
Honiluv,M
Honnay,F
Honner,F
Honni,F
Honnie,F
Honnor,F
Honoah,M
Honoka,F
Honor,Unisex
Honora,F
Honorae,F
Honorah,F
Honorata,F
Honorato,M
Honore,Unisex
Honoria,F
Honorie,F
Honorine,F
Honorio,M
HonorT,M
Honour,F
Honur,F
Honya ,F
Hoo,F
Hood,M
Hooda ,F
Hoodo ,F
Hooi,F
Hooker,M
Hooman,M
Hoomehr,M
Hoonar,M
Hoop,M
Hooper,M
Hoor,F
Hoorain,F
Hooren,F
Hoorfatima,F
Hooria,F
Hooriya,F
Hooriyah ,F
Hoorulain,F
Hoover,M
Hop,M
Hope,F
Hope-Ann,F
Hope-Anne,F
Hope-Elizabeth ,F
Hope-Gloria,F
Hope-Leah,F
Hope-Louise ,F
Hope-lynn,F
Hope-maree,F
Hope-marie,F
Hope-Shelia,F
Hope-Teanna,F
Hopelene,F
Hopelyn,F
Hopelynn,F
Hopemarie,F
Hopeness,F
Hopestill,F
Hopeton,M
Hopeway,M
Hopi,F
Hopie,F
Hopper,M
Hopson,M
Hoqubaa,M
Horaa,F
Horace,M
Horacio,M
Horald,M
Horan,M
Horatio,M
Horatiu,M
Horeb,Unisex
Horia ,Unisex
Horice,M
Horina,F
Horizon,F
Horlando,M
Hormuz,M
Horold,M
Horrace,M
Horrera,F
Horrie,M
Horris,M
Horst,M
Hortence,F
Hortencia,F
Hortense,F
Hortensia,F
Hortenzia,F
Horton,M
Horus,M
Horymir,M
Hosaam ,M
Hosack,F
Hosaih,M
Hosain,M
Hosam,M
Hosanna,F
Hosannah,F
Hosayn,M
Hoscar,M
Hose,M
Hosea,M
Hoselito,M
Hosen,M
Hosey,M
Hosham,M
Hoshan,M
Hoshang,M
Hoshi,F
Hoshino,F
Hosia,M
Hosie,M
Hoskie,M
Hoskins,M
Hosna ,F
Hosneara,F
Hoss,M
Hossain,M
Hossam,M
Hossein,M
Hossen,M
Hosteen,M
Hoston,M
Hotaka,M
Hotaru,F
Hothan,F
Hotin,M
Hou ,M
Houa,Unisex
Houada,F
Houaida,F
Houd,M
Houda,F
Houghton,M
Houlden,M
Houlin,M
Hounain,M
Houng,Unisex
Hourain,F
Houria ,F
Houriah,F
Housam,M
Housein,M
Housien,M
Houssam ,M
Houssein,M
Houssien,M
Housten,M
Houstin,M
Houston,M
Houstyn,Unisex
Houwach,M
Houy,F
Hovan,M
Hovanes,M
Hovannes,M
Hover,M
Hovey,M
Hovhannes,M
Hovie,M
Hovig,M
Hovik,M
Hovsep,M
How,M
How-Dan,M
Howa,F
Howaida,F
Howard,M
Howardine,F
Howden,M
Howe,M
Howell,M
Howen,M
Howida,F
Howie,M
Howland,M
Howord,M
Howrah,F
Hoxie,F
Hoxley,M
Hoy,M
Hoyal,M
Hoyce,M
Hoyd,M
Hoydi,M
Hoye,M
Hoyee,F
Hoyet,M
Hoyett,M
Hoyle,M
Hoyt,M
Hoyte,M
Hoytt,M
Hozaira,F
Hozanah,F
Hozanna,F
Hozel,F
Hozie,M
Hrach,M
Hrag,M
Hrehaan,M
Hrehory,M
Hrestakes,M
Hrian ,M
Hridaan,M
Hriday,M
Hridaya ,Unisex
Hridhaan,M
Hridi,F
Hridita,F
Hridya,F
Hrihaan,M
Hripsime,F
Hrisafinas,M
Hrisafo,F
Hrisanthi,F
Hrish,M
Hrisheet,M
Hrishi,M
Hrishik,M
Hrishikesh,M
Hrisia,F
Hrisoola,F
Hrisostomos,M
Hrisoula,F
Hrisoulla,F
Hrissovalandi,F
Hristana,F
Hristian,M
Hristina,F
Hristine,F
Hristivoje,M
Hristo,M
Hristopher,M
Hristos,M
Hristos-paulos,M
Hrithik,M
Hrithika,F
Hritik,M
Hritika,F
Hritom,M
Hriyaan,M
Hruthihas,M
Hrvoje,M
Hryhorii,M
Hrysoula,F
Hrystiana,F
Hsa,M
Hsaan,M
Hsain,M
Hser,Unisex
Hserlay,M
Hsi,M
Hsi-Yi,F
Hsiang-Yi,F
Hsin-hua,F
Hsiu,F
Hso-Kham-Serk,M
HSven,F
HTctor,M
Htee,M
HTlFna,F
HTlFne,F
HTlix,M
HTlTna,F
HTnok,M
Htoi,F
Htoo,M
Hu,M
Hua,Unisex
Hua-Wah,F
Huahai,M
Huai,F
Huaida,F
Hual,F
Huan,M
Huan-ca,M
Huan-Minh,M
Huanne,F
Huanzhen,F
Huascar,M
Huating,F
Hub,M
Huba,Unisex
Hubart,M
Hubbard,M
Hubbert,M
Hubbie,F
Huber,M
Hubert,M
Huberta,F
Hubertes,M
Hubertine,F
Huberto,M
Hubertus,M
Hubie,M
Hubrecht,M
Huburt,M
Huck,M
Huckleberry,M
Huckston,M
Hud,M
Huda,F
Huda-Ali,F
Hudaa ,F
Hudafatemah,F
Hudah,F
Hudaifa,M
Hudaifah ,M
Hudaverdi,M
Hudayfa,M
Hudayfah ,M
Hudayfi,M
Hudda,F
Huddson,M
Hudeifa,M
Hudes,F
Hudeyfa,M
Hudeyfi,M
Hudhaifa ,M
Hudhaifah ,M
Hudhayfa ,M
Hudhayfah,M
Hudie,M
Hudis,F
Hudsen,M
Hudsin,M
Hudson,M
Hudson-digger,M
Hudson-Troy,M
Hudsyn,Unisex
Hudsynn,F
Hudy,F
Hudzaifah,M
Hudzyn,F
Hue,Unisex
Huebert,M
Huel,M
Huell,M
Huen,M
Huenhi,F
Huessin,M
Hueston,M
Huey,M
Hufsa,F
Hufsah ,F
Hufza,F
Huga,M
Hugene,M
Huger,M
Hugette,F
Hugh,M
Hugh-Enrico,M
Hugh-Jonas,M
Hugh-patrick,M
Hughbart,M
Hughbert,M
Hughe,M
Hughes,M
Hughey,M
Hughie,M
Hughlene,F
Hughlon,M
Hughson,M
Hughston,M
Hughy,M
Hugo,M
Hugo-Matthew,M
Hugolino,M
Hugues,M
Huguette,F
Hugyie,M
Hui,F
Huia,M
Huibert,M
Huie,M
Huilin,F
Huiling,F
Huiqing,F
Huisun,F
HuiXin,F
Huk,M
Hukam ,M
Hukampreet,F
Huki,F
Hukum,M
Hula,F
Hulaina,F
Hulali,F
Hulan,M
Hulbert,M
Hulda,F
Huldah,F
Huldia,F
Hulen,M
Hulene,F
Hulet,M
Hulett,M
Huley,M
Hulices,M
Hulin,M
Hulio,M
Hulises,M
Hulon,M
Hulya ,F
Huma,F
Humaad,M
Humaam ,M
Humah ,F
Humaid ,M
Humaima ,F
Humair ,M
Humaira,F
Humairaa ,F
Humairah ,F
Humam ,M
Humara ,F
Humayd ,M
Humayl ,M
Humayra,F
Humayraa ,F
Humayrah ,F
Humayun ,M
Humbeline,F
Humbert,M
Humberto,M
Humble,M
Humdah,F
Humdiya,F
Hume,M
Humeira ,F
Humera ,F
Humerah ,F
Humeyra,F
Humira ,F
Humirah,F
Humjot,M
Humma ,F
Hummaad,M
Hummera ,F
Humna,F
Humnah ,F
Humphery,M
Humphrey,M
Humraj,M
Humreet,F
Humrie,F
Humyra ,F
Humza,M
Humzah,M
Hun,Unisex
Huna,F
Hunaid,M
Hunain ,M
Hunan,M
Hunar,Unisex
Hunarbir,F
Hunardeep,M
Hunarjeet,M
Hunarr,F
Hunayn ,M
Hunberto,M
Hundley,M
Huner,Unisex
Hung,M
Hung-tri,M
Hung-vinh,M
Hunner,M
Hunni ,F
Hunnie,F
Hunnter,F
Hunny,F
Hunor ,M
Hunsa,F
Hunt,M
Hunta,Unisex
Huntah,Unisex
Huntar,M
Hunter,M
Hunter-Colby,M
Hunter-James ,M
Hunter-Johnathon,M
Hunter-Jolie,F
Hunter-Lea,F
Hunter-Lee,F
Hunter-Leeanne,F
Hunter-Louis,M
Hunter-Mae,F
Hunter-Noel,F
Hunter-paris,F
Hunter-Rene,M
Hunter-Rose ,F
Hunter-Seith,M
Hunter-Shae,M
Hunter-Shawn,M
Hunther,M
Huntington,M
Huntlee,Unisex
Huntleigh,F
Huntley,Unisex
Huntly,M
Huntter,M
Huntur,M
Huntyr,Unisex
Hunzalah,M
Hunzzee,M
Huoi,F
Huon,M
Huong,F
Huong-hue,F
Hurain ,F
Hurairah ,M
Hurbert,M
Hurchel,M
Hurdhitya,M
Hurdis,M
Hureeya,F
Hurel,M
Huri,M
Huria ,F
Huriat,F
Huriel,M
Huriya ,F
Huriyah ,F
Huriye,F
Huriyyah ,F
Hurl,M
Hurlee,F
Hurley,M
Hurlie,M
Hurman,M
Hurmon,M
Huron,M
Hurrair,M
Hurrem ,F
Hurricane,M
Hurschel,M
Hursel,M
Hursh ,M
Hurshawn,M
Hurshdeep,F
Hurshel,M
Hurshell,M
Hurst,M
Hurston,M
Hurtha,F
Hurtis,M
Hurtle,M
Hurube,F
Huruy,M
Husaam ,M
Husai,M
Husain,M
Husaina ,F
Husam,M
Husan,Unisex
Husandeep,M
Husane,M
Husani,M
Husanpreet,Unisex
Husayin,M
Husayn,M
Husbana,F
Husein,M
Huselius,M
Huseyin ,M
Huseyn,M
Hush,M
Husha,M
Husin,F
Husky,M
Husna,F
Husna-Ragab,F
Husnaa ,F
Husnah ,F
Husnain,M
Husnayn ,M
Husnein ,M
Husni ,M
Husnita,F
Husno,F
Husnul,F
Husnun,F
Huss,M
Hussain,M
Hussain-Kyle,M
Hussaina,F
Hussainali,M
Hussam,M
Hussan,M
Hussein,M
Hussein-Doualeh,M
Hussein-Syed,M
Hussein-Walid,M
Hussen,M
Hussian,M
Hussien,M
Hussin,M
Hussna ,F
Hussnain ,M
Husson,M
Hustin,M
Huston,M
Hustos,M
Hutch,M
Hutcheon,M
Hutchins,M
Hutchinson,M
Hutchison,M
Huthaifa,M
Huthayfa,M
Huthayfah,M
Hutomo,M
Hutsen,M
Hutson,M
Hutton,M
Huttyn,M
Huu,M
Huu-phuc,M
Huu-Tuan,M
Huubert,M
Huw ,M
Huwan,M
Huxlee,Unisex
Huxley,M
Huxlie,Unisex
Huxson,M
Huxton,M
Huy,M
Huy-hoang,M
Huyana,F
Huyen,F
Huyen-an,F
Huyen-leah,F
Huynh,Unisex
Huynh-anh,F
Huynh-li,F
Huynh-minh-tung,M
Huzafa,M
Huzaifa,M
Huzaifah,M
Huzair ,M
Huzayfa ,M
Huzayfah ,M
Huzayl ,M
Huzefa ,M
Huzifa,M
Huzny,M
Huzyfa,M
Hwaida,F
Hwee,M
Hwidi,M
Hy,M
Hyab ,Unisex
Hyacinth,F
Hyacinthe,Unisex
Hyalia,F
Hyam,F
Hyan,M
Hyapatia,F
Hyatt,Unisex
Hybe,F
Hydar,M
Hydar-Ali,M
Hydde,M
Hyde,M
Hydea,F
Hydee,F
Hydeia,F
Hyden,M
Hyder,M
Hyderuddin,M
Hydi,F
Hydia,F
Hydiah,F
Hydie,F
Hydiea,F
Hydiyah,F
Hydra,F
Hydri,F
Hye,F
Hyejin,F
Hyeon,F
Hyeon-Joo,F
Hyilo,M
Hykeem,M
Hykeim,M
Hyla,F
Hylan,M
Hyland,M
Hylann,F
Hylas,M
Hylda,F
Hyle,M
Hylee,F
Hyleigh,F
Hylen,M
Hyley,F
Hylie,Unisex
Hylin,F
Hylma,F
Hylton,M
Hyman,M
Hymen,M
Hymie,M
Hymnson,M
Hynlee,F
Hynleigh,F
Hyoju,F
Hyoko,F
Hyon,M
Hyong-ou,M
Hyowon,F
Hypatia,F
Hyram,M
Hyrell,F
Hyron,M
Hyrum,M
Hysen,M
Hysna,F
Hyson,M
Hysteria,F
Hytham,M
Hyuga,M
Hyun,Unisex
Hyuna,F
Hyunbin,M
Hyung,M
Hyung-Chul,M
HyungSig,M
Hyunho,M
Hyunjin,F
Hyunjun,M
Hyunyoung,Unisex
Hywel ,M
Hyya,M
Hzm,M