I,M
I'Esha,F
I'isha-chantelle,F
I'Sis,F
I-chen,F
I-shar,F
Ia,F
Iaan,M
Iacob ,M
Iacov ,M
Iacovos,M
Iadan,M
Iaen,M
Iaesha,F
Iagan,M
Iago,M
Iah,F
Iahn,M
Iaian,M
Iain,M
Iaisha,F
Iakim,M
Iakona,M
Iakov,M
Iakovos,M
Ialene,F
Ialiyah,F
Iam,M
Iaman,F
Ian,M
Ian-Chris,M
Ian-James,M
Ian-Michael,M
Ian-Paul,M
Ian-stewart,M
Iana,F
Ianah,F
Iancarlo,M
IancTy,F
Ianessa,F
Iangelo,M
Ianis ,M
Ianjon,M
Ianko,M
Ianmichael,M
Iann,M
Ianna,F
Ianna-Lee,F
Iannah,F
Ianni,M
Iannis ,M
Ianoula,F
Iantha,F
Ianthe,F
Ianthia,F
Ianto,M
Iara,F
Iarla,F
Iarlaith,M
Iarnan,M
Iaroya,F
Iasbel,F
Iasha,F
Iashia,F
Iashiana,F
Iasia,F
Iasiah,M
Iaslyn,F
Iasmina ,F
Iason,M
Iassac,M
Iayana,F
Iaynan,M
Iaz,M
Iazzc,M
Iba,F
Ibaa,F
Ibaad,M
Ibad,M
Ibadah ,F
Ibadat,F
Iban,M
Ibana,F
Ibanez,M
Ibarhim,M
Ibbie,F
Ibe,M
Iben ,F
Ibet,F
Ibeth,F
Ibette,F
Ibhan,M
Ibin,M
Ibinabo,M
Ibironke ,F
Ibis,Unisex
Ibitamuno,F
Ibiza,F
Ibn,M
Iboja,F
Ibolya,F
Ibon,F
Ibraaheem,M
Ibraahim ,M
Ibrahaim,M
Ibraham,M
Ibraheem,M
Ibraheim,M
Ibrahem,M
Ibrahiem,M
Ibrahiim ,M
Ibrahim,M
Ibrahim-Alshura,M
Ibrahima,M
Ibrahime,M
Ibrahimi,M
Ibrar ,M
Ibriham,M
Ibrihem,M
Ibrit,F
Ibrohim,M
Ibrozer,F
Ibsa,M
Ibsaa,M
Ibsham,M
Ibsitu,F
Ibssa,M
Ibtesaam,M
Ibtesam,F
Ibtihaal ,F
Ibtihaj,F
Ibtihal,F
Ibtisaam ,F
Ibtisam,F
Ibtissam ,F
Ibtycem,F
Ibukun ,F
Ibukunoluwa,Unisex
Ibukunoluwanisimi,F
Ibulo,F
Ica,F
Icarus,M
Icchya,F
Ice ,Unisex
Ice-lee,F
Icee,F
Iceis,F
Icel,F
Icela,F
Iceland,F
Icelean,F
Icelene,F
Iceley,F
Icely,F
Icelyn,F
Icelynn,F
Iceola,F
Ices,F
Icesis,F
Icess,F
Icesys,F
Icey,F
Ichael,M
Ichard,M
Ichelle,F
Ichigo,M
Ichiro,M
Icholas,M
Ichraq,F
Icia,F
Icie,F
Icis,F
Iciss,F
Icker,M
Icle,F
Icole,F
Icsel,F
Icsis,F
Icstin,M
Icy,F
Icysis,F
Icyss,F
Ida,F
Ida-Kristina,F
Ida-mae,F
Ida-Marie,F
Ida-Rose ,F
Idabel,F
Idabell,F
Idabelle,F
Idah,F
Idahlia,F
Idal ,F
Idalee,F
Idalene,F
Idali,F
Idalia,F
Idalie,F
Idalina,F
Idalis,F
Idaliz,F
Idalmis,F
Idalou,F
Idaly,F
Idalynn,F
Idalys,F
Idalyz,F
Idamae,F
Idamaria,F
Idamay,F
Idan,M
Idana,F
Idanell,F
Idania,F
Idara,F
Idas,M
Idasia,F
Idawnya,F
Idaya,F
Iddo,M
Ideal,F
Idean,M
Ideen,M
Idel,Unisex
Idele,F
Idelfonso,M
Idelia,F
Idelisa,F
Idell,F
Idella,F
Idellar,F
Idelle,F
Idellia,F
Iden,M
Idena,F
Ideris,M
Idesa,F
Idesha,F
Idessa,F
Idette,F
Ideun,M
Idhant,M
Idi,M
Idia,F
Idika,M
Idikoro,M
Idil,F
Idin,M
Idir,M
Idiris,M
Idis,M
Idjen,M
Idlmadge,M
Idman,F
Idnan ,M
Ido,M
Idola,F
Idolina,F
Idoma,F
Idomeneas,M
Idona,F
Idongesit-Essien,M
Idonia,F
Idonna,F
Idora,F
Idowu ,M
Idreece ,M
Idrees,M
Idreese,M
Idrena,F
Idres,M
Idries,M
Idris,M
Idriss,M
Idrissa,M
Idriz,M
Idrssa,F
Idtumba-thunga,F
Iduma,F
Idus,M
Idwal,M
Idy,F
Iean,M
Ieasha,F
Ieashia,F
Ieaun ,M
Iebe,M
Ieda,F
Ieena,F
Ieesha,F
Iefan ,M
Ieiaiel,M
Ieisha,F
Ieishia,F
Iel,M
Iela,F
Ieleen,F
Ieman,F
Ien,M
Ienissen,M
Ieonard,M
Ieremias,M
Iesa,M
Iescha,F
Iesha,F
Iesha-Don,F
Ieshaa ,F
Ieshea,F
Ieshia,F
Ieshiah,F
Ieslyn,F
Iestyn,M
Ieua,F
Ieuan,M
Ieva,F
Ieysha,F
Iezekial,M
Ifaa,M
Ifan ,M
Ifar,F
Ifat ,F
Ife,F
Ifeany,M
Ifeanyi,M
Ifeanyichukwu,M
Ifechukwu ,M
Ifechukwude ,M
Ifedayo ,Unisex
Ifedinachi,M
Ifedola,F
Ifeloluwa,M
Ifemi,M
Ifeoluwa,Unisex
Ifeoluwapo ,Unisex
Ifeoma,F
Ifetayo,F
Ifeyinwa,F
Iffah ,F
Iffany,F
Iffat,F
Iffath ,F
Iffet,F
Ifigenia,F
Ifitu,F
Ifor ,M
Ifra,F
Ifraah,F
Ifraax,F
Ifrah,F
Ifrain,M
Ifran ,M
Ifrasimah,F
Ifraz ,M
Ifsa ,F
Ifsah ,F
Ifteen,F
Iftekar ,M
Iftekhar ,M
Iftikar ,M
Iftikhar ,M
Iftu,F
Ifunanya,F
Ifunanyachukwu ,F
Ifza ,F
Ifzah ,F
Ifzal ,M
Iga ,F
Igahneka,F
Igal,M
Igan,M
Igasho,M
Igbal,M
Igbunumena,M
Igbunuoghene,F
Iggy,M
Ighodaro,M
Igino,M
Igli ,M
Ignac,M
Ignace,M
Ignacia,F
Ignacio,M
Ignacita,F
Ignacy ,M
Ignas ,M
Ignasio,M
Ignat,M
Ignatia,F
Ignatios,M
Ignatious,M
Ignatius,M
Ignatuis,M
Ignatz,M
Ignaz,M
Ignazia,F
Ignazio,M
Ignazzia,F
Ignitus,M
Igor,M
Igors,M
Iguehita,F
Igusti,M
Ihab,M
Ihan,M
Ihara,F
Ihem,M
Ihfaz ,M
Ihinosen ,F
Ihkitoopii,M
Ihla,F
Ihlas,M
Ihliyah,F
Ihor,M
Ihras,M
Ihron,M
Ihsaan,M
Ihsan,M
Ihsanhoja,M
Ihssan,M
Ihtesham ,M
Ihtishaam ,M
Ihtisham ,M
Ihuoma,F
Ii,M
Iian,M
Iiana,F
Iiesha,F
Iikatsa,M
Iilah,F
Iiman,F
Iinakay,F
Iisa,M
Iisha,F
Iishia,F
Iisla,F
Iiyah,F
Iiyana,F
Ija,F
Ijaaz ,M
Ijah,Unisex
Ijahnae,F
Ijana,F
Ijanae,F
Ijanay,F
Ijaz,M
Ijeoma,F
Ijmal,M
Ijmeet,F
IJmert,M
Ijnanya,F
Ijnse,M
Ika,F
Ikabal,M
Ikagar,Unisex
Ikaia,M
Ikaika,M
Ikale,M
Ikama,F
Ikambir,F
Ikamjot,M
Ikaros,M
Ikbir,M
Ike,M
Ikea,F
Ikeam,M
Ikeasha,F
Ikeche,M
Ikechi,M
Ikechukwu,M
Ikeda,F
Ikee,M
Ikeem,M
Ikeer,M
Ikeia,F
Ikeisha,F
Ikejot,M
Ikem,M
Ikemefuna ,M
Iken,M
Ikenna,M
Ikenok,M
Ikeoluwa ,F
Iker,M
Ikera,F
Ikeria,F
Ikes,M
Ikesha,F
Ikeshia,F
Ikey,M
Ikeya,F
Ikeyia,F
Ikhbal,F
Ikher,M
Ikhlaas,Unisex
Ikhlas,F
Ikhra ,F
Ikhuemi,F
Ikia,F
Ikie,M
Ikiia,F
Ikira,F
Ikiram,F
Ikisha,F
Ikitsowaakiiyi,F
Ikjot ,Unisex
Iklass,F
Ikma,F
Ikman,Unisex
Ikmann,F
Ikmil,F
Iknoor,F
Ikponmwosa,M
Ikra,F
Ikraa ,F
Ikraam ,Unisex
Ikraan,F
Ikrah ,F
Ikraj,M
Ikram,Unisex
Ikran,F
Ikrash,M
Ikroop,F
Ikrum,M
Iksha,F
Iktan,M
Ikuko,F
Ikveer,M
Ila,F
Ila-Jean,F
Ila-renae,F
Ila-Rose ,F
Ilaaf,F
Ilaan,M
Ilaf,F
Ilah,F
Ilaha,F
Ilai,M
Ilaina,F
Ilaisa,M
Ilaisaane,F
Ilaka,M
Ilakkiya ,F
Ilamae,F
Ilamay,F
Ilan,M
Ilana,F
Ilana-jayde,F
Ilanah,F
Ilani,F
Ilanie,F
Ilanna,F
Ilanny,F
Ilany,F
Ilar,F
Ilara,M
Ilari,M
Ilaria,F
Ilario,M
Ilario-domenico,M
Ilarion,M
Ilay,M
Ilaya,F
Ilayah,F
Ilayda,F
Ilayna,F
Ilbert,M
Ilce,F
Ilcia,F
Ilda,F
Ildefonso,M
Ildika,F
Ildiko,F
Ilea,F
Ileah,F
Ileaha,F
Ilean,F
Ileana,F
Ileane,F
Ileanna,F
Ileas,M
Ileasha-rose,F
Ileda,F
Ilee,F
Ileen,F
Ileena,F
Ileene,F
Ilef,F
Ileia,F
Ileigh,F
Ileisa,F
Ilektra,F
Ilena,F
Ilene,F
Ilenia,F
Ilenna,F
Ilenne,F
Ilenre,M
Iler,F
Ilerioluwa ,Unisex
Ilesh ,M
Ilesha,F
Ileshia,F
Ilessa,F
Ilet,F
Ileta,F
Iletta,F
Ilette,F
Iley,Unisex
Ileyah,F
Ileyda,F
Ilfaan,M
Ilfra,F
Ilga,F
Ilgizar,M
Ilgvars,M
Ilhaam ,F
Ilhaan,F
Ilham,F
Ilham-Sagal,F
Ilhamuddin,M
Ilhan,Unisex
Ilhana,F
Ilhana-emma,F
Ili,F
Ilia,Unisex
Iliaana,F
Iliah,F
Iliah-marie,F
Ilian,Unisex
Iliana,F
Ilianah,F
Iliani,F
Ilianie,F
Ilianis,F
Ilianna,F
Ilianne,F
Ilianny,F
Iliano,M
Ilianthe,F
Iliany,F
Ilias,M
Ilias-theodore,M
Ilicia,F
Ilie ,M
Ilienne,F
Iliesa,F
Ilihia,F
Ilija,M
Ilijah,M
Ilijana,Unisex
Ilily,F
Ilima,F
Ilina,F
Ilinca,F
Iline,F
Ilinka,F
Iliofotisti,F
Ilir,M
Iliria,F
Ilirian,M
Iliriana,F
Ilirida,F
Iliryianna,F
Ilisa,F
Ilise,F
Ilish,F
Ilisha,F
Ilisoni,M
Ilissa,F
Ilissia,F
Ilithia,F
Ilithya,F
Ilithyia,F
Ilitia,F
Ilium,M
Iliya,Unisex
Iliyaas,M
Iliyah,F
Iliyan,M
Iliyana,F
Iliyanna,F
Iliyas ,M
Iliyiana,F
Iliza,F
Ilja ,M
Ilka,F
Ilkay ,F
Ilknur,F
Illa,F
Illada,F
Illah,F
Illan ,M
Illana,F
Illandra,F
Illangage,F
Illanya,F
Illara,F
Illaria,F
Illauna,F
Ille,M
Illeana,F
Illeanna,F
Illeen,F
Illene,F
Illessa,F
Illia,Unisex
Illiah,F
Illiam,M
Illiana,F
Illianna,F
Illias,M
Illidan,M
Illie,F
Illija,M
Illijah,M
Illinois,Unisex
Illiona,F
Illira,F
Illisa,F
Illisik,M
Illissa,F
Illiyah,M
Illiyana,F
Illiyas,M
Illnaz,F
Illona,F
Illonya,F
Illora,F
Illuka,F
Illy,F
Illy-Anna,F
Illya,M
Illyana,F
Illyanna,F
Illyas,M
Illyria,F
Illysa,F
Illyssa,F
Illythia,F
Ilma,F
Ilmar,M
Ilmars,M
Ilmeyat,F
Ilmi,F
Ilo,F
Ilomae,F
Ilomay,F
Ilona,F
Ilona-Gail,F
Ilonka,F
Ilora,F
Ilori,F
Ilsa,F
Ilsan,F
Ilse,F
Ilsi,F
Ilsy,F
Iltiko,F
Iluka,F
Iluminada,F
Ilunga,M
Ilva,F
Ilvanna,F
Ilwaad ,F
Ilwad,F
Ily,F
Ilya,Unisex
Ilyaa,M
Ilyaas,M
Ilyaaseen,M
Ilyan,M
Ilyana,F
Ilyanna,F
Ilyar,M
Ilyas,M
Ilyass,M
Ilyatjari,M
Ilyaz ,M
Ilyes ,M
Ilyha,F
Ilyia-jane,F
Ilyias,M
Ilyja,Unisex
Ilyjah,M
Ilyn,F
Ilyne,F
Ilynn,F
Ilyos,M
Ilysa,F
Ilyse,F
Ilysh,F
Ilysha,F
Ilyssa,F
Ilyth,F
Ilythia,F
Ilyza,F
Ilze,F
Ilze-elga,F
Ima,F
Imaad,M
Imaam ,M
Imaan,F
Imaani,F
Imaara,F
Imad,M
Imadudeen,M
Imagean,F
Imagen,F
Imagene,F
Imagin,F
Imagine,F
Imahlie,F
Imahni,F
Imai,M
Imajae,F
Imajean,F
Imajen,F
Imajyn,F
Imal,F
Imala,F
Imalai,F
Imalay,F
Imali,F
Imalia,F
Imam,M
Imama ,F
Imamah ,F
Imamma,F
Imamu,M
Iman,Unisex
Iman-Aly,M
Iman-Sherif,M
Imana,F
Imanat,F
Imandi,F
Imane,F
Imane-Hassiba,F
Imanee,F
Imani,F
Imani-Rose ,F
Imaniah,F
Imanie,F
Imanii,F
Imanjot,F
Imann,Unisex
Imanni,F
Imanol,M
Imanpal,M
Imants,M
Imanuel,M
Imanuela,F
Imanuele,M
Imanuella,F
Imany,F
Imar,Unisex
Imara,F
Imarah ,F
Imari,Unisex
Imaria,F
Imarion,M
Imarni ,F
Imarnie ,F
Imauri,M
Imaya,F
Imberly,F
Imbi,F
Imbri,F
Imdad ,M
Imecolata,F
Imee,F
Imejen,F
Imel,M
Imelda,F
Imelia ,F
Imen ,Unisex
Imena,F
Imene,F
Imer,M
Imere,M
Imeria-mia,F
Imesha,F
Imezugo,F
Imhotep,M
Imia,F
Imigen,F
Imigenn,F
Imigin,F
Imij,M
Imika,F
Imilia ,F
Imiliya,F
Imilla,F
Iminy,F
Imioluwa,M
Imir,M
Imira,F
Imisioluwa,F
Imiya,F
Imiyah,F
Imma,F
Immacolata,F
Immacolatina,F
Immacula,F
Immaculada,F
Immaculata,F
Immaculate,F
Immaculate-Frostbite,M
Immaculee,F
Immad,M
Immadaldeen,M
Immalee,F
Imman,F
Immani,F
Immanol,M
Immanuel,M
Immanuella ,F
Immar,M
Immari,F
Immary,F
Immer,M
Immie ,F
Immogen ,F
Immogen-paige,F
Immogene,F
Immogyn,F
Immojyn,F
Immy ,F
Immygine,F
Imo,F
Imodgen,F
Imogean,F
Imogen,F
Imogen-ashlee,F
Imogen-bailey,F
Imogen-Grace ,F
Imogen-Leigh ,F
Imogen-Louise ,F
Imogen-Mai ,F
Imogen-Rose ,F
Imogene,F
Imogeone,F
Imoghen,F
Imogin,F
Imogine,F
Imogyn,F
Imogyne,F
Imohjan,F
Imojean,F
Imojen ,F
Imojene,F
Imola,F
Imon,Unisex
Imoni,F
Imonie,F
Imonitie,F
Imothy,M
Impabin,M
Impahlah,F
Imperia,F
Impi,F
Impreet,M
Imraan,M
Imraaz,M
Imrah,M
Imrahn,M
Imran,M
Imran-Hamza,M
Imrana ,F
Imranali,M
Imrandeep,M
Imrane,M
Imranhoja,M
Imranul ,M
Imranullah,M
Imre,M
Imren ,Unisex
Imrenjit,M
Imri,Unisex
Imriel,M
Imrin,M
Imrindeep,M
Imron,M
Imroz,M
Imroze,M
Imrun,F
Imta,F
Imtaz,F
Imtiaz,M
Imtisam,F
Imtishal,F
Imtithal ,F
Imtiyaaz ,M
Imtiyaz ,M
Imunique,F
Imya,F
Imyah,F
Imygen,F
In,Unisex
In-ha,M
In-Woo,M
Ina,F
Ina-gabrielle,F
Ina-Marie,F
Ina-Rose,F
Inaam ,Unisex
Inaam-Daniella,F
Inaara,F
Inaaya,F
Inaayah,F
Inaayat,M
Inabelle,F
Inacio,M
Inah,F
Inaho,F
Inais,M
Inaiya ,F
Inaiyah ,F
Inaki,M
Inaky,M
Inala,F
Inam ,M
Inamae,F
Inan ,M
Inana,F
Inanna,F
Inara,F
Inarah,F
Inari,F
Inarie,F
Inarra,F
Inas,F
Inasia,F
Inass,F
Inawintji,F
Inaya,F
Inayaa ,F
Inayaah ,F
Inayah,F
Inayat,Unisex
Inbal,F
Inbar,F
Inberio,M
Inca ,F
Inca'S,M
Inca'S-Princess,F
Incas-Princess,F
Inchara,F
Inci,F
Incoronata,F
Inda,F
Indah ,F
Indahla,F
Indaka,F
Indakia,F
Indalecio,M
Indali,F
Indasha,F
Indasia,F
Indea,F
Indeanna,F
Indee,F
Indee-anna,F
Indeep,F
Indeg ,F
Independance,F
Independence,F
Inder ,M
Inderbeer,M
Inderbir,M
Inderdeep ,M
Inderjeet ,Unisex
Inderjit,M
Inderjot,Unisex
Indermeet,M
Inderneil,M
Inderpal ,M
Inderpaul,M
Inderpreet,Unisex
Inderveer ,M
Indervir,M
Indeya,F
Indhiannah-lee,F
Indhira,F
Indi,F
Indi-arna,F
Indi-ella,F
Indi-jayde,F
Indi-mya,F
Indi-oaklen,M
Indi-Rae ,F
Indi-Rose ,F
India,F
India'lee,F
India-grace,F
India-jade,F
India-Leigh ,F
India-lilly,F
India-Mae ,F
India-Marie,F
India-Rose ,F
Indiah,F
Indiahna,F
Indialee,F
Indian,Unisex
Indiana,Unisex
Indiana-bluebell,F
Indiana-rose,F
Indianah,F
Indianna,F
Indianna-rose,F
Indiannah,F
Indianne,F
Indianni,F
Indiara,F
Indiarna,F
Indiarnah,F
Indica,F
Indica-Elizabeth,F
Indie,F
Indie-jaye,F
Indie-lee,F
Indie-Leigh ,F
Indie-Mae ,F
Indie-Mai ,F
Indie-May ,F
Indie-Rae ,F
Indie-Rose ,F
Indierose,F
Indieya,F
Indiga,F
Indigo,Unisex
Indii,F
Indika,F
Indikah,F
Indilee,F
Indilya,F
Indio,M
Indira,F
Indirah,F
Indirani,F
Indis,F
Indiya,F
Indiya-Rose ,F
Indiyah,F
Indo,Unisex
Indonesia,F
Indra,F
Indraj ,M
Indrani,F
Indranil,M
Indre,F
Indri,F
Indria,F
Indrias,M
Indrikis,M
Indrina,F
Indrit ,M
Indrodeep,M
Indsay,F
Indu,F
Indulis,M
Indura,F
Indurani,F
Indvir,M
Indy,Unisex
Indy'rose,F
Indy-Rose ,F
Indya,F
Indyah,F
Indyana ,F
Indyanna,F
Indyannah,F
Indygo,F
Indyia,F
Ineawa,F
Ineda,F
Ineet,F
Ineisha,F
Ineka,F
Ineke,F
Inela,F
Inelda,F
Inell,F
Inella,F
Inelle,F
Inersha,F
Ines,F
Inesa,F
Inese,F
Inesh,M
Inesha,F
Ineshia,F
Iness,F
Inessa,F
Ineta,F
Inetha,F
Inett,F
Inetta,F
Inette,F
Ineva,F
Iney,F
Inez,F
Ineza,M
Ineze,F
Inezia,F
Infant,Unisex
Infantboy,M
Infantfemale,F
Infantgirl,F
Infantmale,M
Infantof,Unisex
Infboy,M
Inferno,M
Infinite,M
Infiniti,F
Infinity,F
InFs,F
Ing,F
Inga,F
Inga-Danja,F
Inga-kirsty,F
Ingabourg,F
Ingantios,M
Ingar,F
Ingard,F
Inge,F
Inge-lise,F
Inge-marie,F
Ingeborg,F
Ingelborg,F
Ingelise,F
Ingemar,M
Inger,F
Inger-marie,F
Ingeriet,F
Ingetje,F
Ingmar,M
Ingo,M
Ingolf,M
Ingra,F
Ingram,M
Ingred,F
Ingret,F
Ingri,F
Ingrid,F
Ingrid-anne,F
Ingrid-veronica,F
Ingrida,F
Ingride,F
Ingris,F
Ingrit,F
Ingry,F
Ingsam,M
Ingvald,M
Ingy,F
Inia,F
Iniaki,M
Inibhobor,F
Inice,F
Inicko,M
Inier,M
Inigo,M
Inik,F
Inika,F
Iniki,Unisex
Inikki,F
Iniko,M
Inikpi,F
Inima,F
Inioluwa,Unisex
Inipi,M
Inis,F
Inisha,F
Iniskim,M
Inita,F
Iniubong,M
Inivea,F
Iniya,F
Iniyah,F
Iniyan,M
Iniyebi,M
Inji,Unisex
Injila,F
Inka ,F
Inkah,F
Inmaculada,F
Inman,M
Inmar,M
Inmer,M
Inna,F
Innara,F
Innay,F
Innaya,F
Innayah ,F
Inne,F
Inneka,F
Inneke,F
Innes ,Unisex
Inness,Unisex
Innessa,F
Innie,F
Innis,Unisex
Inniss,F
Innmae,F
Innocence,F
Innocent,M
Innocenta,F
Innocenzo,M
Inntien,M
Innus,F
Inocencia,F
Inocencio,M
Inocente,M
Inocenzo,M
Inoka,F
Inoke,M
Inola,F
Inona,F
Inri,M
Inrico,M
Insha,F
Inshaal ,Unisex
Inshal,M
Inshirah,F
Insiya,F
Insiyah,F
Insiyyah,F
Insley,F
Inta,F
Intaj,M
Intdar,F
Intezar,F
Inthanu,M
Inthavanh,M
Inti,M
Intisaar ,F
Intisar,F
Intissar,F
Into,M
Inuk,M
Inuka,M
Inus,F
Inverell,F
Invidia,F
Invincible,M
Inya,F
Inyambo,M
Inza,F
Io,Unisex
Ioachim,M
Ioakim,M
Ioan,M
Ioan-Alejandro,M
Ioan-Micheal,M
Ioana,F
Ioana-Ilinca,F
Ioane,M
Ioanis,M
Ioanna,F
Ioannes,M
Ioanni,M
Ioannin,M
Ioannis,M
Ioannis-john,M
Ioanys,M
Ioasoph,M
Iob,M
Iohane,M
Iohli,F
Ioka,F
Iokepa,M
Iokim,M
Iola,F
Iolana,F
Iolanda,F
Iolani,F
Iolanthe ,F
Iole,F
Iolee,F
Iolene,F
Iolia,F
Iollan,M
Iolo ,M
Ioma,F
Ion,M
Iona,F
Ionah,F
Ionatan ,M
Ione,F
Ionel ,M
Ionela ,F
Ioni ,F
Ionia,F
Ionie ,F
Ionna,F
Ionut ,M
Iordani,M
Iorek,M
Iori,M
Ioripok,M
Iorwerth ,M
Iory,M
Ioryze,M
Iosefa,M
Ioseph,M
Iosif,M
Iosip,M
Iosua,M
Iota,F
Iouanna,F
Ioulia,F
Iovanna,F
Iowa,F
Iowani,M
Ipapandi,F
Ipek,F
Iphagenia,F
Iphigene,F
Ipisowaahs,F
Ipolita,F
Ipolito,M
Ippei,M
Ippitha,F
Ippokrati,M
Ippokratis,M
Ippolita,F
Ipsa,F
Ipsha,F
Ipshita,F
Iptihal,F
Iptisam ,F
Iputu,M
Iqbaal ,M
Iqbal,M
Iqhra,F
Iqjot,M
Iqlaas ,F
Iqlas,F
Iqra,F
Iqraa ,F
Iqrah ,F
Iqram ,M
Iquan,M
Iqwak,M
Ira,M
Iracema,F
Iraclis,M
Iradele,F
Iradri,F
Irael,M
Irah,Unisex
Iraida,F
Iraima,F
Irais,F
Iraiz,F
Iraj,F
Irakkli,M
Irakli,M
Iraklis,M
Irakly,M
Iraleigh,M
Iralene,F
Iralyn,F
Iralynn,F
Iram,Unisex
Iran,Unisex
Irana,F
Irandy,F
Irani,F
Irania,F
Irany,F
Iranzi,M
Iras,F
Irasema,F
Irati,F
Iratze,F
Iraya,F
Irayda,F
Irayna,F
Irazema,F
Irbin,M
Irbun,M
Irby,M
Irdam,F
Ire,M
Ireal,F
Irean,F
Ireana,F
Ireanna,F
Ireatha,F
Ireayo,F
Iredell,M
Iree,F
Ireen,F
Ireene,F
Ireh,Unisex
Ireion,F
Ireka,F
Irelan,F
Ireland,F
Irelia,F
Irellan,F
Irely,F
Irelyn,F
Irelynd,F
Irelynn,F
Irelynne,F
Irem,F
Iremide,Unisex
Iremsu ,F
Iren,M
Irena,F
Irena-elena,F
Irena-maria,F
Irena-Marie,F
Irena-nada,F
Irene,F
Irene-Lisa,F
Irene-Mae,F
Irenee,F
Ireneo,M
Ireneusz,M
Ireni,F
Irenna,F
Irenosen ,F
Ireoluwa,Unisex
Ireoluwatomi,F
Ireoluwatomiwa ,M
Ireon,Unisex
Ireona,F
Ireonna,F
Ireri,F
Iresha,F
Ireta,F
Iretha,F
Ireti,F
Iretomiwa ,Unisex
Iretta,F
Irey,M
Ireyanna,F
Irfa ,F
Irfaan,M
Irfahan,M
Irfan,M
Irfan-Karim,M
Irfana,F
Irfanhoja,M
Irfhan,M
Irha,F
Irhaa,F
Iri,Unisex
Iria,Unisex
Irian,F
Iriana,F
Irianna,F
Iric,M
Irich,M
Iridal,F
Iridessa,F
Iridian,F
Iridiana,F
Irie,Unisex
Irieana,F
Iriee,F
Iriel,F
Irielle,F
Irien,F
Iriga,M
Irihanna,F
Irim ,F
Irin,Unisex
Irina,F
Irine,F
Irine-beti,F
Irineo,M
Irini,F
Irini-tasha,F
Iriny,F
Irioluwa,F
Iris,F
Iris-eve,F
Iris-Rose ,F
Iris-Ruby,F
Irisa,F
Irish,F
Irisha,F
Irissa,F
Iristine,F
Irit,F
Irita,F
Iriyana,F
Iriz,F
Irja,F
Irka,F
Irko,M
Irkoo,F
Irl,M
Irland,M
Irlanda,F
Irleen,F
Irlene,F
Irline,F
Irlynn,F
Irma,F
Irmaan,M
Irmagene,F
Irmak,F
Irmalee,F
Irmalinda,F
Irman,M
Irmani,F
Irmanieta,F
Irmen,M
Irmgard,F
Irmhild,F
Irmin,M
Irmina,F
Irmuun,M
Irna,F
Iroh,M
Iroha,F
Iroida,F
Iron,M
Irona,F
Ironesha,F
Ironvoice,M
Irowa,F
Iroya,F
Irram ,F
Irrinni,F
Irrum ,F
Irsa,F
Irsah ,F
Irshaad ,M
Irshad,M
Irshan,M
Irtaza ,M
Irteza,M
Irtiza ,M
Irto,M
Iru,F
Irulan,F
Irum ,F
Irundeep ,F
Iruomachukwu,M
Irv,M
Irva,F
Irvaan,M
Irvan,M
Irvana,F
Irven,M
Irvin,M
Irvina,F
Irvine,M
Irving,M
Irvyn,M
Irwin,M
Irwing,M
Irwinjot,M
Iry,M
Iryana,F
Iryanna,F
Iryna,F
Irys,F
Iryss,F
Irza ,F
Irzadi,M
Is'Haaq ,M
Is'Haq ,M
Is-Haaq ,M
Is-Haq,M
Isa,Unisex
Isa-bella,F
Isaa ,M
Isaabella,F
Isaac,M
Isaac-Evan,M
Isaac-James ,M
Isaac-Lee ,M
Isaac-Victor,M
Isaach,M
Isaack,M
Isaad,M
Isaaf,F
Isaah,M
Isaak,M
Isaaka,M
Isaam,M
Isaaq,M
Isabal,F
Isabeal,F
Isabeau,F
Isabec,F
Isabel,F
Isabel-Rae,F
Isabel-Rose ,F
Isabela,F
Isabelah,F
Isabele,F
Isabeli,F
Isabelita,F
Isabell,F
Isabella,F
Isabella-ann,F
Isabella-Coral-Tiana,F
Isabella-deborah,F
Isabella-Gabriela,F
Isabella-Grace ,F
Isabella-Jane,F
Isabella-lee,F
Isabella-lily,F
Isabella-maddison,F
Isabella-Mae ,F
Isabella-Mai ,F
Isabella-Marie,F
Isabella-May ,F
Isabella-Paige ,F
Isabella-rachal,F
Isabella-Rae ,F
Isabella-Rose ,F
Isabella-ruby,F
Isabellagrace,F
Isabellah,F
Isabellamarie,F
Isabellarose,F
Isabellasophia,F
Isabelle,F
Isabelle-Anne,F
Isabelle-lee,F
Isabelle-Mae ,F
Isabelle-Nathalie,F
Isabelle-Rae,F
Isabelle-Rose ,F
Isabellemarie,F
Isabellia,F
Isabelly,F
Isabelo,M
Isabeth,F
Isabeya,F
Isable,F
Isac,M
Isacc,M
Isacco,M
Isack,M
Isadella,F
Isador,M
Isadora,F
Isadore,M
Isaebella,F
Isael,M
Isaella,F
Isagha,M
Isagia,F
Isah,M
Isaha,M
Isahak ,M
Isahaq ,M
Isahbella,F
Isahi,M
Isahia,M
Isahiah,M
Isahias,M
Isai,M
Isaia,M
Isaiah,M
Isaiah-Darrold,M
Isaiah-Emmanuel,M
Isaiah-Jared,M
Isaiah-Lee,M
Isaiah-Mikael-Tafari,M
Isaiah-Ron-Kurt,M
Isaiaha,M
Isaiahis,M
Isaiahmichael,M
Isaiahs,M
Isaial,M
Isaian,M
Isaias,M
Isaic,M
Isaicc,M
Isaid,M
Isaie,M
Isaih,M
Isaiha,M
Isaihas,M
Isain,M
Isair,M
Isaira,F
Isairis,F
Isais,M
Isaish,M
Isaisha,F
Isaiya,M
Isaiyah,M
Isajah,M
Isak,M
Isal,F
Isalei,F
Isaleli,M
Isalena,F
Isalin,F
Isaly,F
Isalyn,F
Isam,M
Isamar,F
Isamara,F
Isamari,F
Isamarie,F
Isamary,F
Isambard ,M
Isamel,M
Isami,M
Isamu,M
Isan,M
Isana,F
Isander,M
Isandro,M
Isane,M
Isao,M
Isaq ,M
Isaque,M
Isara,F
Isarael,M
Isarel,M
Isarely,F
Isarra,F
Isata,F
Isatou,F
Isatu,F
Isau,M
Isaul,M
Isaura,F
Isaure ,F
Isauro,M
Isavel,F
Isavela,F
Isavella,F
Isawm,M
Isay,M
Isaya,M
Isayah,M
Isayana,F
Isayha,M
Isayiah,M
Isbah ,F
Isbel,F
Isbell,F
Isbella,F
Isbrandt,M
Iscah,F
Ischia ,F
Isco,M
Isdell,F
Iseabail ,F
Iseabal,F
Iseabel,F
Iseah,M
Isebel,M
Isebell,F
Isebella,F
Isebelle ,F
Isel,F
Isela,F
Iselda,F
Iselin,F
Isella,F
Iselle,F
Isen,M
Isenia,F
Iseral,M
Ises,F
Iseul,F
Iseult ,F
Ish,Unisex
Isha,F
Ishaa ,F
Ishaac ,M
Ishaal,F
Ishaam,M
Ishaan,M
Ishaani,F
Ishaanjeet,M
Ishaanpreet,M
Ishaant,M
Ishaanveer,M
Ishaanvi,F
Ishaanvir,M
Ishaaq,M
Ishah,F
Ishai,M
Ishak,M
Ishaka,F
Ishal ,F
Isham,M
Ishamel,M
Ishan,M
Ishana,F
Ishanae,F
Ishani,F
Ishant,M
Ishanth,M
Ishanthi,F
Ishanti,F
Ishanvi,F
Ishaq,M
Ishaque ,M
Ishar ,M
Ishara,F
Ishareet,F
Isharn,M
Ishaun,M
Ishawn,M
Ishaya,M
Ishayu,M
Ishbel,F
Ishe ,Unisex
Ishea,F
Isheanesu ,M
Isheekeba,F
Isheeta,F
Isheita,F
Isher ,Unisex
Isherpreet,F
Ishfaan,M
Ishfaq ,M
Ishi,F
Ishia,F
Ishiah,M
Ishie,F
Ishika,F
Ishimwe,F
Ishita,F
Ishitha,F
Ishka ,F
Ishkaran,M
Ishleen,F
Ishmael,M
Ishmaela,F
Ishmaiel,M
Ishmail,M
Ishmal,F
Ishmam,M
Ishman,M
Ishmarl,M
Ishmaylah,F
Ishmeal,M
Ishmeet,Unisex
Ishmel,M
Ishmial,M
Ishmil,M
Ishna,F
Ishneet ,F
Ishnoor,F
Ishnoort,F
Ishpaul,F
Ishpreet ,F
Ishra,F
Ishraj,M
Ishraq,M
Ishrat,F
Ishrath ,F
Ishrathjeet,M
Ishreen,F
Ishrit,F
Ishroop,M
Ishshah,F
Ishta,F
Ishtah,F
Ishtar,F
Ishtiaq ,M
Ishuwara,F
Ishveer ,M
Ishvin,F
Ishvinder,Unisex
Ishvjot,F
Ishwakh,F
Ishwan,M
Ishwaq,F
Ishwar ,M
Ishwari,F
Ishwarjot,M
Ishwin,F
Ishya,F
Isia,Unisex
Isiaah,M
Isiac,M
Isiah,M
Isiaha,M
Isiahas,M
Isiahis,M
Isiaih,M
Isian,M
Isias,M
Isiash,M
Isibeal,F
Isibella,F
IsibTal,F
Isida,F
Isideros,M
Isidor,M
Isidora,F
Isidore,M
Isidoro,M
Isidoros,M
Isidra,F
Isidro,M
Isihaq,M
Isik,M
Isil ,F
Isileli,M
Isimbi,F
Isingyah,F
Isioma,F
Isir,F
Isis,F
Isis-Isabella,F
Isiss,F
Isizz,F
Iska,M
Iskandar,M
Iskander,M
Iskimaatsis,M
Iskotew,Unisex
Iskwayatch,M
Isla,F
Isla- ,F
Isla-alice,F
Isla-Belle ,F
Isla-cate,F
Isla-Faith ,F
Isla-Grace ,F
Isla-Jade ,F
Isla-Jane ,F
Isla-Mae ,F
Isla-Mai ,F
Isla-Marie ,F
Isla-May ,F
Isla-Rae ,F
Isla-Rose ,F
Islah,F
Islam,Unisex
Islam-Bahij,F
Islam-Hani,M
Island,F
Islarose,F
Islay,F
Isleana,F
Islee,F
Isles,F
Islette,F
Isley,Unisex
Islie,F
Islyn,F
Islynn,F
Isma,F
Isma'Eel ,M
Isma'Il ,M
Isma-el,M
Ismaa ,F
Ismaa'Eel ,M
Ismaaeel,M
Ismaael ,M
Ismae ,F
Ismaeel,M
Ismaeil ,M
Ismael,M
Ismael-Khalidi,M
Ismaela,F
Ismah,F
Ismahan,F
Ismaiel ,M
Ismaiil,M
Ismail,M
Ismaila,M
Ismaile,M
Ismaine,M
Ismar,Unisex
Ismari,F
Ismary,F
Ismat,F
Ismay,F
Ismeal,M
Ismel,M
Ismelda,F
Ismene,F
Ismenia,F
Ismerai,F
Ismeralda,F
Ismet,M
Ismiel,M
Ismine,F
Ismini,F
Ismo,M
Isna,F
Isoah,M
Isobel,F
Isobel-Rose ,F
Isobela ,F
Isobele,F
Isobell,F
Isobella,F
Isobella-Mae ,F
Isobella-Rose,F
Isobelle,F
Isohbel,F
Isoke,F
Isoken,Unisex
Isola,F
Isolda,F
Isolde,F
Isoleita,F
Isolene,F
Isolina,F
Isom,M
Ison,M
Isra,F
Isra'A,F
Israa,F
Israar ,M
Isradl,M
Israe,F
Israel,M
Israela,F
Israeli,M
Israella,F
Israelle,F
Israfil ,M
Israh,F
Israil,M
Israr ,M
Israt,M
Israyel,M
Isreal,M
Isriel,M
Isrrael,M
Isrßa,F
Issa,Unisex
Issaac,M
Issabel,F
Issabela,F
Issabell,F
Issabella,F
Issabelle,F
Issac,M
Issac-Alan,M
Issac-jai,M
Issacc,M
Issachar,M
Issack,M
Issael,M
Issaf,F
Issaff,F
Issah,M
Issai,M
Issai'ah,M
Issaia,F
Issaiah,M
Issaias,M
Issaic,M
Issaih,M
Issak,M
Issam,M
Issamar,F
Issan,M
Issandr,M
Issay,M
Isse,M
Issei,M
Issel,F
Issela,F
Issey,Unisex
Isshveer,F
Issiac,M
Issiah,M
Issiaka,M
Issic,M
Issie,Unisex
Issis,F
Isslam,M
Issma,F
Issmaeel,M
Issoaf,F
Issobella ,F
Issobelle ,F
Issra ,F
Issra'a,F
Issraa,F
Issrah,F
Issulah,M
Issy ,F
Issys,F
Isszac,M
Istafa,M
Istiana,F
Istvan,M
Istvana,F
Istvon,M
Isty,F
Isyla ,F
Isylla,F
Isys,F
Isyss,F
Iszabella,F
Iszabella-rose,F
Iszac,M
Iszack,M
Iszak,M
Ita,F
Itaf,F
Itai,M
Itala,F
Italee,F
Itali,F
Italia,F
Italica,F
Italie,F
Italiopi,F
Italo,M
Italy,F
Italya,F
Itamar,M
Itan,M
Itandehui,F
Itasca,F
Itasha,F
Itaska,F
Itati,F
Itaty,F
Itay,M
Itayetzi,F
Itayjia,F
Itcel,F
Iteka,F
Iteoluwakishi ,F
Iteoluwakisi,M
Itfa,F
Itha,F
Ithalia,F
Ithan,M
Ithel,M
Ithiel,M
Ithmanpal,M
Ithsham ,M
Ithzel,F
Itia,F
Itiana,F
Itianna,F
Itiel,M
Itinga,F
Itisha,F
Itman,F
Itohan,F
Itqan,M
Itsamari,F
Itsel,F
Itsham ,M
Itsue,F
Itsuki,M
Itsuko,F
Itsumi,M
Itsuo,M
Itta,F
Ittai,M
Ittetsu,M
Ittilo,F
Itty,M
Itubamatata,F
Itxel,F
Itza,F
Itzabella,F
Itzabelle,F
Itzae,Unisex
Itzael,M
Itzamar,F
Itzamara,F
Itzamaray,F
Itzanami,F
Itzany,F
Itzary,F
Itzayana,F
Itzayani,F
Itzayanna,F
Itzcoatl,M
Itzel,F
Itzela,F
Itzell,F
Itzelle,F
Itzelt,F
Itzely,F
Itzhak,M
Itzhel,F
Itzia,F
Itziar,M
Itzuri,F
Itzury,F
Itzy,F
Iuan ,M
Iula,F
Iulia ,F
Iulian ,M
Iuliana ,F
Iuliania,F
Iulinia,F
Iuma,F
Iustin ,M
Iustina,F
Iva,F
Iva-andjelina,F
Ivaan,M
Ivac,M
Ivadean,F
Ivadel,F
Ivadell,F
Ivadelle,F
Ivagene,F
Ivah,F
Ival,Unisex
Ivalee,F
Ivalene,F
Ivaline,F
Ivalou,F
Ivalu,F
Ivan,M
Ivan-cornelis,M
Ivan-Noe,M
Ivan-Tome,M
Ivana,F
Ivana-patrizia,F
Ivanah,F
Ivanaka,F
Ivandejesus,M
Ivandro ,M
Ivane,F
Ivanell,F
Ivanelle,F
Ivaney,F
Ivanhoe,M
Ivani,F
Ivania,F
Ivaniel,M
Ivanina,F
Ivaniuska,F
Ivanka,F
Ivanka-mira,F
Ivanka-yan,F
Ivann,M
Ivanna,F
Ivannah,F
Ivannette,F
Ivannia,F
Ivannoe,M
Ivano,M
Ivany,F
Ivanya,F
Ivar,M
Ivar-Dani,M
Ivars,M
Ivary,F
Ivas,M
Ivawka,F
Ivaya,F
Ivayla ,F
Ivaylo ,M
Ivca,M
Ivdeep,M
Ive,Unisex
Ivea,F
Ivee,F
Ivel,Unisex
Ivelin,Unisex
Ivelina,F
Ivelis,F
Ivelise,F
Ivelisse,F
Iveliz,F
Ivell,F
Ivella,F
Ivelyn,F
Iven,M
Ivena,F
Iver,M
Ivera,F
Iverna,F
Iverson,M
Ivery,Unisex
Ives,M
Iveson,M
Ivet,F
Iveta ,F
Iveth,F
Ivett,F
Ivetta,F
Ivette,F
Ivey,Unisex
Ivi,F
Ivia,F
Ivian,F
Iviana,F
Ivianna,F
Iviannah,F
Ivica,M
Ivie,F
Ivie-Rose ,F
Ivin,M
Ivion,M
Iviona,F
Ivionna,F
Ivis,Unisex
Ivison,M
Ivka,F
Ivko,M
Ivneet,F
Ivnoor,F
Ivo,M
Ivo-Fabian,M
Ivol,M
Ivola,F
Ivon,Unisex
Ivona,F
Ivondeep,M
Ivone,F
Ivonn,F
Ivonna,F
Ivonne,F
Ivonney,F
Ivor,M
Ivoree,F
Ivori,F
Ivorie,F
Ivory,Unisex
Ivory-Jade,F
Ivory-Lyn,F
Ivory-Ray,F
Ivoryana,F
Ivoryanna,F
Ivoryrose,F
Ivra,F
Ivraan,M
Ivraj,M
Ivree,F
Ivrick,M
Ivry,F
Ivßn,M
Ivursyn,M
Ivvy,F
Ivy,F
Ivy-Ann ,F
Ivy-Belle ,F
Ivy-Elizabeth ,F
Ivy-emma,F
Ivy-Grace ,F
Ivy-Jane ,F
Ivy-jayne,F
Ivy-Jean ,F
Ivy-Jo,F
Ivy-lee,F
Ivy-Leigh ,F
Ivy-Linette,F
Ivy-lyn,F
Ivy-Lynn,F
Ivy-Mae ,F
Ivy-Mai ,F
Ivy-Marie ,F
Ivy-May ,F
Ivy-Mikelle,F
Ivy-Ocean,F
Ivy-Rae ,F
Ivy-Rose ,F
Ivy-Sue,F
Ivyana,F
Ivyann,F
Ivyanna,F
Ivyanne,F
Ivye,F
Ivyjane,F
Ivyl,M
Ivylynn,F
Ivymarie,F
Ivyn,M
Ivyon,M
Ivyona,F
Ivyonna,F
Ivyrose,F
Ivyunna,F
Iwa,F
Iwain,M
Iwalani,F
Iwan,M
Iwan-john,M
Iwana,F
Iwanka,F
Iwanna,F
Iwao,M
Iwinosa ,Unisex
Iwla,F
Iwo ,M
Iwona,F
Ixara,M
Ixareli,F
Ixayana,F
Ixcel,F
Ixchel,F
Ixchele,F
Ixchell,F
Ixe,M
Ixel,F
Ixia ,F
Ixias,M
Ixsel,F
Ixtzel,F
Ixzel,F
Iya,F
Iyaa'si'da,M
Iyaad,M
Iyaan ,M
Iyaas ,M
Iyaaz ,M
Iyad,M
Iyah,F
Iyahna,F
Iyaka,M
Iyamide,F
Iyan,M
Iyana,F
Iyanah,F
Iyani,F
Iyania,F
Iyanla,F
Iyanna,F
Iyannah,F
Iyanne,F
Iyanni,F
Iyanu ,M
Iyanuoluwa,Unisex
Iyari,F
Iyas ,M
Iyasia,F
Iyat,F
Iyatt,F
Iyauna,F
Iyaunna,F
Iyayi,M
Iyaz ,M
Iycess,F
Iycis,M
Iyeala,F
Iyeisha,F
Iyesha,F
Iyeshia,F
Iyhana,F
Iyiana,F
Iyinoluwa,F
Iyisha,F
Iyja,F
Iyla,F
Iyla-Grace ,F
Iyla-Mae ,F
Iyla-Mai ,F
Iyla-May ,F
Iyla-Rae ,F
Iyla-Rose ,F
Iylabelle-mayple,F
Iylah,F
Iylan,F
Iylee,F
Iyleen,F
Iylish,F
Iyman ,M
Iynas,F
Iyoaiye,M
Iyobeliyu,M
Iyobosa ,F
Iyon,M
Iyona,F
Iyonah,F
Iyone,F
Iyoni,F
Iyonia,F
Iyonie,F
Iyonna,F
Iyonnah,F
Iyoup,M
Iyra ,F
Iyraeah,F
Iysha,F
Iyshia,F
Iysis,F
Iysiss,F
Iysla ,F
Iyson,M
Iyssis,F
Iyszak,M
Iyuael,M
Iyuna,F
Iyunna,F
Iyya,F
Iyza ,F
Iza,F
Izaac,M
Izaack,M
Izaah,M
Izaak,M
Izaan,M
Izaaz ,M
Izabel,F
Izabela,F
Izabela-maria,F
Izabelah,F
Izabele,F
Izabell,F
Izabella,F
Izabella-Beatrice,F
Izabella-Emma,F
Izabella-Grace ,F
Izabella-Rose ,F
Izabella-Rozsa,F
Izabellah,F
Izabelle,F
Izabellia,F
Izac,M
Izacc,M
Izach,M
Izack,M
Izadora,F
Izaeah,M
Izaeh,M
Izael,M
Izaeus,M
Izah,Unisex
Izaha,M
Izahbella,F
Izahia,M
Izai,M
Izaia,M
Izaiah,M
Izaiak,M
Izaias,M
Izaic,M
Izaih,M
Izaiha,M
Izailah,F
Izaion,M
Izair,M
Izais,M
Izaiya,M
Izaiyah,M
Izaiyah-Zakariah,M
Izajah,M
Izak,M
Izake,M
Izal,M
Izalah-louise,F
Izalea,F
Izamar,F
Izamara,F
Izamary,F
Izan,M
Izaq,M
Izara,F
Izaria,F
Izariah,F
Izarra,F
Izat,F
Izavel,F
Izavella,F
Izavery,F
Izavier,M
Izavion,M
Izaya,M
Izaya-james,M
Izayah,M
Izayaha,M
Izayaih,M
Izayha,M
Izayiah,M
Izayic,M
Izayik,M
Izayis,M
Izayuh,M
Izazul ,M
Izdiyan,M
Izea,M
Izeah,M
Izeal,M
Izear,M
Izebella,F
Izeck,M
Izehar,M
Izehiabon,F
Izeiah,M
Izeikial,M
Izek,M
Izekiel,M
Izel,Unisex
Izela,F
Izeleah,F
Izell,M
Izella,F
Izellah,F
Izelle,F
Izen,M
Izena,F
Izerah,M
Izetta,F
Izeyah,M
Izha,F
Izhaan ,M
Izhaan-Ul-Haq,M
Izhaar ,M
Izhan ,M
Izhane,F
Izhar,M
Izhyra,F
Iziah,M
Iziaha,M
Iziak,M
Izian,M
Izibella,F
Izic,M
Izick,M
Izidor,M
Izidora,F
Izik,M
Izla,F
Izley,F
Izma,F
Izmael,M
Izmir,M
Izna,F
Iznah ,F
Izobel,F
Izobella ,F
Izobelle ,F
Izoebell,F
Izola,F
Izona,F
Izora,F
Izra,F
Izraea,F
Izrael,M
Izrahia,M
Izreal,M
Izriel,M
Izsabella,F
Izsak,M
Izsamane,F
Izson,M
Izsßk,M
Izuchukwu,M
Izumi,F
Izumo,M
Izunna,M
Izy,F
Izyaan,M
Izyah,M
Izyan,M
Izybela,F
Izybella,F
Izyck,M
Izydora,F
Izyk,M
Izza,F
Izzabel,F
Izzabela,F
Izzabell,F
Izzabella,F
Izzabella-Cary,F
Izzabellah,F
Izzabelle,F
Izzac,M
Izzadorah,F
Izzah,F
Izzaiah,M
Izzak,M
Izzan,M
Izzat,M
Izzet ,M
Izzey ,F
Izzi,F
Izziah,M
Izzibella,F
Izzie,F
Izzie-Mae ,F
Izzie-May,F
Izzik,M
Izzobella ,F
Izzuddin,M
Izzudeen,M
Izzy,Unisex
Izzy-Mae ,F
Izzy-Mai ,F
Izzy-May ,F
Izzybella,F