L,M
L'cascia,F
L'emir,M
L'lianna,F
L'Mar ,M
L'Moe,M
L'Rae ,F
L'Shae ,F
L'tahli,F
L'Wren ,F
L-Jay ,M
L÷wen,F
La,Unisex
La' ,F
La'Kai ,M
La'keisha,F
La'kye,M
La'nell,F
La'Nelle,F
La'Rae ,F
La'Shay,F
La'tarnya,F
La'Tasha,F
La'teacia,F
La'Tia ,F
La-ban,M
La-Joon,M
La-Lia,F
La-on,M
La-Ree,F
La-Rosa ,F
La-Shaune,M
La-shay,F
La-tasha,F
La-Teshia,F
La-Tisha,F
La-toya,F
La-Toyya,F
La-vonne,F
La·ren,F
Laadan,M
Laaeba,F
Laaf,M
Laaiba ,F
Laaibah,F
Laaiqah ,F
Laakea,M
Laana ,F
Laangela,F
Laanthony,M
Laara,F
Laarni ,F
Laars,M
Laaryssa,F
Laasia,F
Laasya,F
Laasyah,F
Laban,M
Labara,F
Labarbara,F
Labaron,M
Labarron,M
Labasse,M
Labeeb ,M
Labeeba ,F
Labeebah ,F
Labeen,M
Labeena ,F
Labeeqa ,F
Labella,F
Labelle,F
Laben,M
Laberta,F
Labib,M
Labiba,F
Labibah ,F
Labika,F
Labinot,M
Labon,M
Labonneau,F
Laborn,M
Labradford,M
Labrandon,M
Labraya,F
Labrea,F
Labree,F
Labreeska,F
Labrenda,F
Labrene,F
Labresha,F
Labreshia,F
Labreya,F
Labreyah,F
Labria,F
Labrian,M
Labrie,F
Labrina,F
Labrini,F
Labrisha,F
Labritney,F
Labrittany,F
Labrittney,F
Labro,F
Labron,M
Labros,M
Labryan,M
Labryant,M
Labyron,M
Lac,Unisex
Lacalvin,M
Lacandice,F
Lacandis,F
Lacandra-Dee,F
Lacara,F
Lacarla,F
Lacarlos,M
Lacasha,F
Lacasta,F
Lacavaler,M
Laccey,F
Lacci,F
Lace,F
Lace-Ann,F
Lace-E,F
Lacea,F
Lacedric,M
Lacee,F
Lacee-Jane,F
Lacee-Mae ,F
Lacei,F
Laceigh ,F
Lacelle,F
Lacelyn,F
Lacen,M
Lacene,F
Lacere,M
Lacey,F
Lacey- ,F
Lacey-Ann ,F
Lacey-Anne ,F
Lacey-asha,F
Lacey-Dee ,F
Lacey-Grace ,F
Lacey-Jade ,F
Lacey-Jae ,F
Lacey-Jai ,F
Lacey-Jane ,F
Lacey-Jay ,F
Lacey-Jayne ,F
Lacey-Jo ,F
Lacey-Kay ,F
Lacey-Lannae,F
Lacey-Lea ,F
Lacey-Lee ,F
Lacey-Leigh ,F
Lacey-Lou ,F
Lacey-Louise ,F
Lacey-Mae ,F
Lacey-Mai ,F
Lacey-Marie ,F
Lacey-May ,F
Lacey-Maye ,F
Lacey-Rae ,F
Lacey-Rai ,F
Lacey-Rose ,F
Lacey-shae,F
Lacey-Summer ,F
Laceymae ,F
Laceymay ,F
Lach,M
Lachae,F
Lachaka,F
Lachan,F
Lachana,F
Lachanda,F
Lachandra,F
Lachanta,F
Lachante,F
Lachara,F
Lacharles,M
Lachasity,F
Lachaun,F
Lachaundra,F
Lachay,F
Lache,F
Lachel,F
Lachele,F
Lachell,F
Lachelle,F
Lacher,F
Lacheryl,F
Lachey,M
Lachi,M
Lachian,M
Lachic,F
Lachie,M
Lachina,F
Lachisa,F
Lachisha,F
Lachlain,M
Lachlaine,F
Lachlan,M
Lachlan-james,M
Lachlan-john,M
Lachlan-tai,M
Lachlan-travis,M
Lachlan-wesley,M
Lachlann,M
Lachlin,M
Lachlon,M
Lachlun,M
Lachlyn,F
Lachon,F
Lachonda,F
Lachone,F
Lachonne,F
Lachrisa,F
Lachrisha,F
Lachrista,F
Lachristy,F
Lachundra,F
Lachy,M
Lachyna,F
Laci,F
Laci-Mae ,F
Laci-Mai ,F
Laci-Marie,F
Laci-Rae,F
Lacia,F
Laciana,F
Laciann,F
Lacie,F
Lacie-Ann ,F
Lacie-Anne ,F
Lacie-Jae,F
Lacie-Jai ,F
Lacie-Jane ,F
Lacie-Jayne ,F
Lacie-Leigh ,F
Lacie-Lou ,F
Lacie-Louise ,F
Lacie-Mae ,F
Lacie-Mai ,F
Lacie-Marie ,F
Lacie-May ,F
Lacie-Rae ,F
Lacie-Rose ,F
Laciee ,F
Lacin,M
Lacina,F
Lacinda,F
Lacinta,F
Lacklan,M
Lacoda,F
Lacole,F
Laconda,F
Lacondra,F
Laconia,F
Laconya,F
Lacora,F
Lacorey,M
Lacoria,F
Lacorra,F
Lacorsha,F
Lacory,M
Lacorya,F
Lacosta,F
Lacourtney,F
LaCoy,M
Lacoya,F
Lacreasha,F
Lacrecia,F
Lacree,F
Lacreesha,F
Lacreisha,F
Lacresa,F
Lacresha,F
Lacreshia,F
Lacresia,F
Lacreta,F
Lacretia,F
Lacricia,F
Lacrisha,F
Lacrissa,F
Lacrista,F
Lacrystal,F
Lactriva,F
Lacurtis,M
LacWain,M
Lacy,Unisex
Lacy-Jo,F
Lacy-Mae ,F
Lacy-May ,F
Lacye,F
Lacynda,F
Lacyne,F
Lacynthia,F
Lad,M
Lada,F
Ladacia,F
Ladaesha,F
Ladaija,F
Ladaijah,F
LaDainain,M
Ladainein,M
Ladainian,M
Ladainion,M
Ladaisha,F
Ladaisia,F
Ladaja,F
Ladajah,F
Ladajia,F
Ladale,M
Ladamian,M
Ladamien,M
Ladamion,M
Ladan,F
Ladana,F
Ladanian,M
Ladaniel,M
Ladanien,M
Ladanna,F
Ladante,M
Ladara,F
Ladaria,F
Ladarian,M
Ladarien,M
Ladarion,M
Ladarious,M
Ladaris,M
Ladarius,M
Ladarna,F
Ladarrell,M
Ladarren,M
Ladarrian,M
Ladarrien,M
Ladarrin,M
Ladarrion,M
Ladarrious,M
Ladarris,M
Ladarrius,M
Ladarryl,M
Ladaruis,M
Ladaryl,M
Ladasha,F
Ladashia,F
Ladasia,F
Ladaveon,M
Ladavia,F
Ladavian,M
Ladavid,M
Ladavion,M
Ladawn,F
Ladawna,F
Ladaya,F
Ladayja,F
Ladaynian,M
Ladaysha,F
Ladaysia,F
Ladazia,F
Ladd,M
Laddaphone,F
Laddie,M
Laddie-caine,M
Laddy,M
Ladean,F
Ladeana,F
Ladeane,F
Ladeanna,F
Ladedra,F
Ladeena,F
Ladeidra,F
Ladeidre,F
Ladeja,F
Ladejah,F
Ladell,Unisex
Ladelle,F
Ladema,F
Lademi,F
Laden,M
Ladena,F
Ladene,F
Ladenna,F
Laderek,M
Ladereon,M
Laderian,M
Laderick,M
Laderion,M
Laderious,M
Laderius,M
Laderrian,M
Laderrica,F
Laderrick,M
Laderricka,F
Laderrion,M
Laderrius,M
Ladesha,F
Ladessa,F
Ladestiny,F
Ladetra,F
Ladia,F
Ladiamond,F
Ladie,F
Ladijah,F
Ladimer,M
Ladina,F
Ladine,F
Ladislado,M
Ladislao,M
Ladislau,M
Ladislaus,M
Ladislav,M
Ladislava,F
Ladislaw,M
Ladla,F
Ladlla,F
Ladna,F
Lado,M
Ladon,Unisex
Ladona,F
Ladonda,F
Ladonia,F
Ladonja,F
Ladonn,F
Ladonna,F
Ladonne,F
Ladonnia,F
Ladonta,M
Ladontae,M
Ladontay,M
Ladonte,M
Ladonya,F
Ladora,F
Ladoris,F
Ladre,M
Ladrea,F
Ladreama,F
Ladreka,F
Ladrena,F
Ladrick,M
Ladrina,F
Ladson,M
Ladtitia,F
Ladule,M
Laduli,F
Lady,F
Ladya,F
Ladye,F
LaeAnna,F
Laeba,F
Laec,M
Laece,F
Laeden,M
Laeh,F
Laeha,F
Laeisha,F
Laeka,F
Laeken,Unisex
Laekyn,F
Lael,Unisex
Laela,F
Laelah,F
Laelani,F
Laelia,F
Laelith,F
Laell,F
Laella,F
Laelle,F
Laeloni,F
Laelyn,F
Laelynn,F
Laena,F
Laeni,F
Laenie,F
Laeon,M
Laera,F
Laerica,F
Laerich,M
Laerzio,M
Laesen,M
Laesha,F
Laetecia,F
Laeten,M
Laetetia,F
Laetia,F
Laeticia ,F
Laetisha,F
Laetitia,F
Laeton,M
Laetyn,Unisex
Laeuna,F
Laevian,M
Laeya,F
Laeyah,F
Laeyna,F
Lafaele,M
Lafarrah,F
Lafaun,F
Lafawn,F
Lafay,F
Lafaye,F
Lafayette,M
Lafe,M
Lafern,F
Laferne,F
Lafeyette,M
Lafiamma,M
Lafiza,F
Lafon,Unisex
Lafonda,F
Lafondra,F
Lafonya,F
Lafonzo,M
Lafoya,F
Lafran,F
Lafrance,Unisex
Lafrances,F
Lafrancine,F
Lafreda,F
Lafrederick,M
Lafredrick,M
Lagail,F
Lagan ,M
Lagarius,M
Lagatha,F
Lagen,F
Lagena,F
Lagenia,F
Lagina,F
Lagrand,M
Lagregory,M
Lagreta,F
Lagretta,F
Lagrimas,F
Laguan,M
Laguana,F
Laguanda,F
Laguisha,F
Laguita,F
Lah,F
Lahab,M
Lahaila,F
Lahaina,F
Lahana,F
Lahari,F
Lahee,F
Laheen,F
Lahela,F
Lahi'ah,M
Lahia,F
Lahiru,M
Lahkai,M
Lahkiesha,F
Lahla,F
Lahlia,F
Lahmey,M
Lahmia,F
Lahna,F
Lahnae,F
Lahndon,M
Lahnee,F
Lahni,F
Lahnola,F
Lahoma,F
Lahonda,F
Lahqwandha,F
Lahra,F
Lahshel,F
Lahson,M
Lahta,F
Lahteisha,F
Lahtiesha,F
Lahtika,F
Lahui,M
Lai,Unisex
Lai-yang,F
Laia,F
Laiah,F
Laial,F
Laiana,F
Laianna,F
Laiba,F
Laibaa ,F
Laibaah ,F
Laibah ,F
Laice ,F
Laicee,F
Laicey,F
Laici,F
Laicie ,F
Laicy,F
Laida,F
Laide,F
Laiden,M
Laidlaw,M
Laidley,M
Laidy,F
Laielle,F
Laif,M
Laigan ,M
Laige,M
Laigessa,F
Laighla,F
Laightan,M
Laighton,M
Laigiah,F
Laiha,F
Laihla,F
Laijah,F
Laik,M
Laika,F
Laikan,M
Laike,M
Laiken,Unisex
Laiker,M
Laikin,F
Laikken,M
Laiklyn,F
Laiklynn,F
Laikyn,F
Laikynn,F
Lail,F
Laila,F
Laila-andra,F
Laila-anne,F
Laila-barbara,F
Laila-Grace ,F
Laila-j,F
Laila-Mae ,F
Laila-Mai ,F
Laila-Marie ,F
Laila-May ,F
Laila-Rae ,F
Laila-Rose ,F
Lailaa,F
Lailah,F
Lailah-Dawn,F
Lailah-rose,F
Lailamarie,F
LaiLan,F
Lailana,F
Lailand ,M
Lailanee,F
Lailani,F
Lailanie,F
Lailanni,F
Lailany,F
Lailara,F
Lailarose,F
Lailati,F
Lailauma,F
Laileah,F
Lailee,F
Laileen,F
Laileena,F
Laileigh,F
Lailene,F
Lailey,F
Laili,F
Lailiah,F
Lailiana,F
Lailie,F
Lailoni,F
Lailonie,F
Lailonnie,F
Laily,F
Lailyn,F
Lailyne,F
Lailynn,F
Laim,M
Laima,F
Laimah,F
Laime,F
Laimute,F
Lain,M
Laina,F
Lainah,F
Laine,Unisex
Lainee,F
Lainey,F
Lainey-Rae ,F
Laini,F
Lainie,F
Lainnie ,F
Lainy,F
Laiona,F
Laionie,F
Laionna,F
Laiqa ,F
Laiqah ,F
Laira,F
Laird,M
Lairen,Unisex
Lairis,M
Lairisa,F
Lairish,F
Lais,F
Laisa,F
Laise,F
Laisen,M
Laisha,F
Laishrah,F
Laison ,M
Laissa,F
Laiten,M
Laith,M
Laitham,M
Laithan,M
Laithen,M
Laithyne,M
Laitiah,F
Laiton,M
Laityn,F
Laiya,F
Laiyah,F
Laiyana,F
Laiyba ,F
Laiyla,F
Laiyla-Jade,F
Laiylah,F
Laiza,F
Laizi,F
Lajace,M
Lajada,F
Lajae,F
Lajala,F
Lajarvis,M
Lajasmine,F
Lajauna,F
Lajaune,M
Lajavion,M
Lajaya,F
Lajayceon,M
Lajayla,F
Lajbarbibi,F
Lajean,F
Lajeana,F
Lajeanna,F
Lajeanne,F
Lajerrica,F
Lajessica,F
Lajeune,F
Lajia,F
Lajina,F
Lajla,F
Lajohn,M
Lajoi,F
Lajoia,F
Lajon,M
Lajos,M
Lajoy,F
Lajoya,F
Lajoyce,F
Lajuan,Unisex
Lajuana,F
Lajuanda,F
Lajuane,M
Lajuanna,F
Lajune,F
Lajus,M
Lakahsha,F
Lakai,Unisex
Lakaia,F
Lakaii,F
Lakaika,F
Lakaila,F
Lakaisha,F
Lakaiya,F
Lakala,F
Lakalle,F
Lakan,F
Lakara,F
Lakari,M
Lakasha,F
Lakashia,F
Lakay,F
Lakaya,F
Lakaya-k,F
Lakayden,M
Lakayha,F
LaKayis,F
Lakayla,F
Lakaylah,F
Lakaysha,F
Lakaysha-lee,F
Lakaysha-rose,F
Lake,Unisex
Lakea,F
Lakeah,F
Lakeasha,F
Lakeashia,F
Lakeba,F
Lakecha,F
Lakechia,F
Lakecia,F
Lakeda,F
Lakedia,F
Lakedra,F
Lakedria,F
Lakedrick,M
Lakee,Unisex
Lakeea,F
Lakeela,F
Lakeem,M
Lakeema,F
Lakeena,F
Lakeesha,F
Lakeesha-Rain,F
Lakeeshia,F
Lakeeta,F
Lakeetha,F
Lakeeva,F
Lakeeya,F
Lakeia,F
Lakeicha,F
Lakeida,F
Lakeidra,F
Lakeila,F
Lakein,F
Lakeira,F
Lakeisa,F
Lakeish,F
Lakeisha,F
LaKeisha-Anne,F
Lakeishia,F
Lakeisia,F
Lakeita,F
Lakeith,M
Lakeitha,F
Lakeithia,F
Lakeitra,F
Lakeiya,F
Lakel,M
Lakela,F
Lakelan,M
Lakeland,Unisex
Lakelee,F
Lakeley,F
Lakelia,F
Lakelind,F
Lakell,M
Lakelsha,F
Lakely,F
Lakelyn,F
Lakelynn,F
Lakema,F
Lakemia,F
Laken,Unisex
Lakena,F
Lakenda,F
Lakendra,F
Lakendria,F
Lakendric,M
Lakendrick,M
Lakenia,F
LaKenna,F
Lakenya,F
Lakenzi,F
Lakenzie,F
Laker,M
Laker-Lynn,F
Lakera,F
Lakeria,F
Lakerria,F
Lakersha,F
Lakesa,F
Lakesh,F
Lakesha,F
Lakeshea,F
Lakeshi,F
Lakeshia,F
Lakesia,F
Lakesiha,F
Lakeska,F
Lakessa,F
Lakessha,F
Laketa,F
Laketha,F
Lakethia,F
Laketia,F
Laketra,F
Laketria,F
Laketta,F
Lakeva,F
Lakevia,F
Lakey,F
Lakeya,F
Lakeyah,F
Lakeycha,F
Lakeyda,F
Lakeydra,F
Lakeyia,F
Lakeyla,F
Lakeyn,F
Lakeysa,F
Lakeyscha,F
Lakeysha,F
Lakeyshia,F
Lakeysia,F
Lakeyta,F
Lakhai ,M
Lakhan ,M
Lakhbees,M
Lakhbir,F
Lakhdeep,M
Lakhi,M
Lakhia,F
Lakhjit,M
Lakhjyot,M
Lakhshan,M
Lakhshh,M
Lakhveer ,F
Lakhvinder ,M
Lakhwinder,M
Laki,M
Lakia,F
Lakiah,F
Lakiara,F
Lakiaya,F
Lakica,F
Lakicha,F
Lakicia,F
Lakida,F
Lakie,F
Lakiea,F
Lakieha,F
Lakiera,F
Lakierra,F
Lakiesha,F
Lakieshia,F
Lakieta,F
Lakieth,M
Lakietha,F
Lakika,F
Lakila,F
Lakim,M
Lakima,F
Lakimberly,F
Lakin,Unisex
Lakina,F
Lakindra,F
Laking,M
Lakinia,F
Lakinya,F
Lakinzi,F
Lakira,F
Lakis,M
Lakisa,F
Lakischa,F
Lakish,F
Lakisha,F
Lakishia,F
Lakisia,F
Lakiska,F
Lakissa,F
Lakissia,F
Lakista,F
Lakita,F
Lakitha,F
Lakitia,F
Lakitra,F
Lakitsha,F
Lakitta,F
Lakiva,F
Lakiya,F
Lakiyah,F
Lakizzy,F
Lakkari,F
Lakkeirra,F
Lakken,F
Lakley,F
Laklyn,F
Laklynn,F
Lakmali,F
Lakoda,Unisex
Lakosha,F
Lakota,Unisex
Lakota-Ray,M
Lakotah,F
Lakotta,F
Lakoya,F
Lakreisha,F
Lakresea,F
Lakresha,F
Lakreshia,F
Lakrisha,F
Lakrista,F
Lakrystal,F
Laksh,M
Laksha,F
Lakshami,F
Lakshan ,M
Lakshana,F
Lakshanya,F
Lakshay ,M
Lakshdeep,M
Lakshi,F
Lakshika,F
Lakshita,F
Lakshman,M
Lakshmi,F
Lakshmy,F
Lakshpaul,M
Lakshpreet,F
Lakshya,Unisex
Laksikazularak,F
Laksmi,F
Lakvir,M
Lakwan,M
Lakwanzaa,F
Lakweisha,F
Lakya,F
Lakyah,F
Lakye,M
Lakyia,F
Lakyla,F
Lakyn,F
Lakyna,F
Lakyndra,F
Lakynn,F
Lakyra,F
Lakyrah,F
Lakyria,F
Lakysha,F
Lakyshia,F
Lakyta,F
Lal,Unisex
Lala,F
Lalah,F
Lalaina,F
Lalaine,F
Lalainia,F
Lalainie,F
Lalaith,F
Lalana,F
Lalani,F
Lalania,F
Lalanya,F
Lalar,F
Lalarukh,F
Lalatte,F
Lalayna,F
Lalazar,F
Lale,F
Laleah,F
Laleda,F
Laleen,F
Laleena,F
Laleh,F
Laleia,F
Laleila,F
Lalena,F
Lalene,F
Lalenia,F
Laleta,F
Laley,F
Lali,F
Lalia,F
Laliah,F
Laliana,F
Lalibela,F
Lalibella,F
Lalicia,F
Lalie,F
Lalina,F
Lalinda,F
Laline,F
Lalisa,F
Lalisha,F
Lalit,M
Lalita,F
Lalite,M
Lalith,M
Lalitha,F
Laliyah,F
Lalla,F
Lallah,F
Lallanah,F
Lallie,F
Lally,F
Lalo,M
Laloni,F
Lalonnie,F
Lalovee,F
Lalu,F
Lalyla,F
Lam,Unisex
Lam-nam,M
Lama,F
Lamaan,M
Lamaar,M
Lamae,F
Lamah,F
Lamaine,M
Lamaisah ,F
Lamaiya,F
Lamaj,M
Laman,M
Lamanda,F
Lamani,F
Lamann,F
Lamanuel,M
Lamar,M
Lamara,F
Lamarc,M
Lamarco,M
Lamarcus,M
Lamare,M
Lamarea,F
Lamareon,M
Lamari,Unisex
Lamaria,F
Lamariah,F
Lamarian,M
Lamariana,F
Lamarianna,F
Lamarie,F
Lamario,M
Lamarion,M
Lamarious,M
Lamaris,M
Lamarius,M
Lamariya,F
Lamariyah,F
Lamark,M
Lamarkus,M
Lamarquis,M
Lamarqus,M
Lamarr,M
Lamarra,F
Lamarria,F
Lamarrion,M
Lamart,M
Lamarus,M
Lamauri,M
Lamaya,F
Lamayah,F
Lamayia,F
Lamb,M
Lambert,M
Lamberto,M
Lambertus,M
Lambi,M
Lambis,M
Lambri-alexia,F
Lambrianos,M
Lambrini,F
Lambro,M
Lambros,M
Lambrou,F
Lamea,F
Lameas,F
Lameca,F
Lamecca,F
Lamech,M
Lamecia,F
Lameek,M
Lameeka,F
Lameen,M
Lameer,M
Lamees,F
Lameesa,F
Lameese,F
Lameika,F
Lameir,M
Lameise,F
Lameisha,F
Lamek ,M
Lameka,F
Lamekia,F
Lamel,M
Lamell,M
Lamera,F
Lamere,M
Lameria,F
Lamerle,F
Lames,F
Lamesa,F
Lamese,F
Lamesha,F
Lameshia,F
Lamess,F
Lametra,F
Lametria,F
Lametrice,F
Lameya,F
Lamia,F
Lamiah,F
Lamias,F
Lamica,F
Lamichael,M
Lamicheal,M
Lamiek,M
Lamier,M
Lamija,F
Lamika,F
Lamille,M
Lamin,M
Lamine,M
Lamir,M
Lamira,F
Lamiracle,F
Lamirah,F
Lamirra,F
Lamis,F
Lamisa,F
Lamisah ,F
Lamise,F
Lamisha,F
Lamiss,F
Lamisse,F
Lamita,F
Lamiya,F
Lamiyah,F
Lamma,F
Lamoine,Unisex
Lamon,M
Lamona,F
Lamond,M
Lamonda,F
Lamondo,M
Lamondre,M
Lamone,M
Lamoni,Unisex
Lamonica,F
Lamonique,F
Lamont,M
Lamonta,M
Lamontae,M
Lamontay,M
Lamonte,M
Lamontez,M
Lamontray,M
Lamontre,M
Lamontt,M
Lamor,M
Lamora,F
Lamoria,F
Lamorna ,F
Lamorris,M
Lamount,M
Lamour,M
Lamoyne,Unisex
Lamprakis,M
Lamprina,F
Lamprini,F
Lampros,M
Lamrini,F
Lamuel,M
Lamurrial,M
Lamy,F
Lamya,F
Lamyah,F
Lamyia,F
Lamyiah,F
Lamyla,F
Lamyra,F
Lamyse,F
Lan,Unisex
Lan-Anh,F
Lana,F
Lana-jade,F
Lana-joy,F
Lana-Lea,F
Lana-Mae ,F
Lana-May ,F
Lana-Rose ,F
Lana-Salam-Amil,F
Lanabella,F
Lanacey,F
Lanada,F
Lanadia,F
Lanae,F
Lanaea,F
Lanaeya,F
Lanah,F
Lanahm,M
Lanai,F
Lanaia,F
Lanaiah,F
Lanaija,F
Lanaijah,F
Lanair,F
Lanais ,F
Lanaisha,F
Lanaiya,F
Lanaiyah,F
Lanaja,F
Lanajah,F
Lanajia,F
Lananh,F
Lanard,M
Lanaria,F
Lanark,M
Lanarose,F
Lanasha,F
Lanashia,F
Lanasia,F
Lanautica,F
Lanavia,F
Lanay,F
Lanaya,F
Lanaya-skye,F
Lanayah,F
Lanaye,F
Lanayia,F
Lanayja,F
Lanaysha,F
Lanayshia,F
Lanaysia,F
Lanayson,M
Lanazia,F
Lancaster,M
Lance,M
Lance-Andre,M
Lance-Arnold,M
Lance-Paul,M
Lance-Shane,M
Lancelot,M
Lancer,M
Lancey,M
Lanche,M
Lancia,F
Lancie,F
Lancing,M
Lancon,M
Lancy,M
Land,M
Landa,F
Landan,M
Landden,M
Landdon,M
Landee,F
Landel,M
Landell,M
Landelle,F
Landen,M
Landenn,M
Lander,M
Landern,M
Landers,M
Landhon,M
Landi,F
Landice,F
Landin,M
Landing-Eagle,M
Landinh,M
Landis,Unisex
Lando,M
Landon,M
Landon-Jon,M
Landon-Paul,M
Landon-Troy,M
Landonn,M
Landra,F
Landray,M
Landre,M
Landrea,F
Landree,F
Landrey,F
Landri,F
Landria,F
Landric,M
Landrich,M
Landrick,M
Landrie,F
Landris,M
Landrum,M
Landry,Unisex
Landun,M
Landus,M
Landy,Unisex
Landyn,M
Landynn,Unisex
Landyon,M
Landys,F
Lane,M
Lane-Brooke,M
Lane-Michael,M
Lanea,F
Laneah,F
Lanease,F
Lanece,F
Lanecia,F
Lanedra,F
Lanee,F
Laneeka,F
Laneene,F
Laneesa,F
Laneesha,F
Laneeta,F
Laneice,F
Laneigh,F
Laneika,F
Laneise,F
Laneisha,F
Laneita,F
Laneka,F
Lanekia,F
Lanel,Unisex
Lanelda,F
Lanell,Unisex
Lanelle,F
Lanena,F
Lanene,F
Lanequa,F
Lanequia,F
Lanesa,F
Lanese,F
Lanesha,F
Laneshia,F
Lanesia,F
Lanessa,F
Lanet,F
Laneta,F
Lanetra,F
Lanett,F
Lanetta,F
Lanette,F
Laneva,F
Laney,F
Laney-Rae,F
Laneya,F
Laneyah,F
Lanford,M
Lanfranco,M
Lang,M
Langa,F
Langan,M
Langden,M
Langdon,M
Langdyn,M
Lange,M
Langely,M
Langford,M
Langille,F
Langis,M
Langley,Unisex
Langlie,F
Langsten,F
Langston,M
Langstyn,F
Langton,M
Lanham,M
Lani,F
Lani-rose,F
Lania,F
Laniah,F
Laniaya,F
Lanica,F
Lanice,F
Lanicia,F
Lanicka,F
Lanie,F
Lanieca,F
Laniece,F
Lanielle,F
Laniene,F
Lanier,M
Laniesha,F
Lanieya,F
Lanigan,M
Lanija,F
Lanijah,F
Lanika,F
Lanikai,F
Lanikki,F
Lanilea,F
Lanin,M
Lanina,F
Laniqua,F
Lanique,F
Lanis,Unisex
Lanisa,F
Lanise,F
Lanisha,F
Lanishia,F
Lanissa,F
Lanita,F
Lanitra,F
Laniya,F
Laniyah,F
Laniyha,F
Laniyia,F
Lank,M
Lankford,M
Lanko,F
LanLan,F
Lann,M
Lanna,F
Lannae,F
Lannah,F
Lannara,M
Lanndail,M
Lanndon,M
Lannes,M
Lannetta,F
Lannette,F
Lanney,M
Lanni,F
Lanni-Lynn,F
Lannie,Unisex
Lannier,F
Lanning,M
Lannis,Unisex
Lannon,M
Lanny,M
Lano ,F
Lanor,F
Lanora,F
Lanore,F
Lanoris,M
Lanorris,M
Lanowar,M
Lanre ,M
Lanrewaju,M
Lans,M
Lansana,M
Lansea,F
Lansen,M
Lansey,Unisex
Lansin,M
Lansing,M
Lanson,M
Lanssa,F
Lanston,M
Lanta,F
Lantanya,F
Lantay,F
Lanty,M
Lantz,M
Lanuyah,F
Lanvy,F
Lanxin,F
Lanxton,M
Lany,Unisex
Lanya,F
Lanyah,F
Lanyard,M
Lanye,F
Lanyi,F
Lanyia,F
Lanyiah,F
Lanyjah,F
Lanyla,F
Lanylah,F
Lanyra,F
Lanyuk,F
Lanz,M
Lanze,M
Lao,M
Laodicia,F
Laoise ,F
Laokadia,F
Laoma,F
Laon,M
Laonie,F
Laora,F
Lap,Unisex
Laparis,F
Lapatra,F
Lapatrick,M
Lapaul,M
Lapearl,F
Laphonso,M
Laporcha,F
Laporche,F
Laporchea,F
Laporchia,F
Laporscha,F
Laporsche,F
Laporschia,F
Laporsha,F
Laporshe,F
Laporshia,F
Laportia,F
Lapreal,F
Laprecious,F
Lapresha,F
Lapria,F
Lapriel,F
Lapriest,M
Laprincess,F
Laprincia,F
Laqresha,F
Laquail,F
Laquain,M
Laquaisha,F
Laquala,F
Laquan,M
Laquana,F
Laquanda,F
Laquandra,F
Laquandria,F
Laquane,M
Laquania,F
Laquann,M
Laquanna,F
Laquanta,F
Laquante,M
Laquanya,F
Laquanza,F
Laquarius,Unisex
Laquasha,F
Laquashia,F
Laquasia,F
Laquata,F
Laquatta,F
Laquavia,F
Laquavion,M
Laquavious,M
Laquavis,M
Laquavius,M
Laquay,Unisex
Laquaya,F
Laquaysha,F
Laqueda,F
Laqueen,F
Laqueena,F
Laqueeta,F
Laqueisha,F
Laqueita,F
Laquel,F
Laquela,F
Laquella,F
Laquenda,F
Laquenta,F
Laquentin,M
Laquesha,F
Laqueshia,F
Laquesta,F
Laqueta,F
Laquetha,F
Laquetta,F
Laquette,F
Laquez,M
Laquia,F
Laquicha,F
Laquida,F
Laquiesha,F
Laquieta,F
Laquietta,F
Laquijha,F
Laquil,F
Laquila,F
Laquilla,F
Laquin,M
Laquina,F
Laquincia,F
Laquincy,M
Laquinda,F
Laquinn,M
Laquinta,F
Laquinthia,F
Laquintin,M
Laquinton,M
Laquisa,F
Laquise,F
Laquisha,F
Laquishia,F
Laquista,F
Laquita,F
Laquite,F
Laquitha,F
Laquitia,F
Laquitta,F
Laqunda,F
Laqundra,F
Laqunita,F
Laquoia,F
Laquon,M
Laquonda,F
Laqusha,F
Laqwan,M
Laqwanda,F
Lara,F
Lara-Ann,F
Lara-anne,F
Lara-gabriella,F
Lara-jane,F
Lara-jayde,F
Lara-kate,F
Lara-louise,F
Lara-Mae ,F
Lara-marina,F
Lara-May ,F
Lara-reyce,F
Lara-Rochelle,F
Lara-Rose ,F
Lara-shaye,F
Larado-Lyn,F
Laradon,F
Larae,F
Laraea,F
Laragh,F
Larah,F
Larahya,F
Laraib,F
Laraih,F
Larain,F
Laraina,F
Laraine,F
Laralee,F
Laralyn,F
Laralynn,F
Laramee,F
Laramey,F
Laramie,Unisex
Laramy,M
Laran,M
Larana,F
Larance,M
Laranda,F
Larane,F
Laranya ,F
Larasati,F
Larasha,F
Larasia,F
Laraven,F
Laray,Unisex
Laraya,F
Larayah,F
Larayb ,F
Laraye,F
Larayna,F
Larayne,F
Larce,M
Larcen,M
Larcenia,F
Lardine,F
Larea,F
Larean,F
Lareb ,F
Larecia,F
Lareco,M
Laredo,Unisex
Laree,F
Laree-ashton,F
Lareeca,F
Lareeka,F
Lareen,F
Lareena,F
Lareesa,F
Lareese,F
Larei,F
Lareice,F
Lareina,F
Lareine,F
Lareisha,F
Lareka,F
Larel,F
Larell,M
Larelle,Unisex
Laremy,M
Laren,Unisex
Larena,F
Larence,M
Larencia,F
Larenda,F
Larene,F
Lareniel,M
Larenn,F
Larenz,M
Larenza,F
Larenzo,M
Lareon,M
Laresa,F
Laresha,F
Lareshia,F
Laressa,F
Lareta,F
Laretha,F
Laretta,F
Lareva,F
Larey,M
Lareyna,F
Larez,Unisex
Larhea,F
Larhonda,F
Larhyssa,F
Lari,F
Laria,F
Lariah,F
Lariana,F
Larianna,F
Larica,F
Larice,F
Laricia,F
Laricka,F
Larico,M
Larie,F
Lariel,F
Lariesha,F
Larika,F
Larimar,F
Larin,Unisex
Larina,F
Larince,M
Larinda,F
Larine,F
Larinne,F
Lario,M
Larion,M
Larionna,F
Laris,M
Larisa,F
Larisa-Mae,F
Larisha,F
Larissa,F
Larissa-Emma,F
Larissa-jane,F
Larissa-joy,F
Larissa-Mae,F
Larissa-Shaza,F
Larissah,F
Larissia,F
Larita,F
Laritha,F
Laritza,F
Larix,M
Lariya,F
Lariyah,F
Lariza,F
Larizza,F
Lark,Unisex
Larke,F
Larken,F
Larkie,Unisex
Larkin,Unisex
Larkland,M
Larkwynn,F
Larkyn,F
Larl,M
Larlene,F
Larm,M
Larmar,M
Larmon,M
Larmont,M
Larn,M
Larna,F
Larnah,F
Larnce,M
Larncellott,M
Larndis,M
Larnee,F
Larnell,M
Larnelle,M
Larnette,F
Larney,M
Larni ,F
Larni-may,F
Larnice,F
Larnie,Unisex
Larnii,F
Larny,F
Larobert,M
Larod,M
Laroderick,M
Larodney,M
Laroi,M
Larom,M
Larome,M
Laron,M
Larona,F
Laronda,F
Larone,M
Laronica,F
Laronn,M
Laronna,F
Laronte,M
Laronzo,M
Larosa,F
Larose,F
Larosha,F
Laroy,M
Laroya,F
Laroyce,Unisex
Larra,F
Larrah,F
Larrain,F
Larraine,F
Larramee,M
Larramie,F
Larre,M
Larrel,M
Larreley,F
Larrell,M
Larren,Unisex
Larrene,F
Larreon,M
Larresha,F
Larrey,M
Larri,Unisex
Larriah,F
Larriaine,F
Larrica,F
Larrick,M
Larrie,Unisex
Larriesha,F
Larrina,F
Larrine,F
Larrion,M
Larris,M
Larrisa,F
Larrisha,F
Larrissa,F
Larrissa-Mae,F
Larron,M
Larrry,M
Larry,M
Larry-Khuong,M
Larryn,M
Larryssa,F
Lars,M
Lars-Erik,M
Lars-oliver,M
Lars-sigvald,M
Larsa,F
Larsen,Unisex
Larson,M
Larsson,M
Larsyn,F
Lartarney,F
Lartarsha,F
Lartha,F
Lartrell,M
Larua,F
Larue,Unisex
Laruen,F
Laruth,F
Larvell,M
Larwance,M
Larwence,M
Larwrence,M
Lary,M
Larya,F
Laryah,F
Laryan,M
Laryette,F
Laryiah,F
Laryn,F
Larysa,F
Laryssa,F
Larz,M
Las ,M
Lasa,F
Lasalle,M
Lasana,M
Lasanda,F
Lasandra,F
Lasandro,M
Lasanya,F
Lasara,F
Lasarah,F
Lasaro,M
Lasarusa,M
Lasasha,F
Lasaunda,F
Lasaundra,F
Lasca,F
Lascarina,F
Lascelle,M
Lascelles,M
Lasco,M
Lasean,Unisex
Lasedrick,M
Lasena,F
Lasette,F
Lasey,F
Lash,M
Lasha,F
Lashad,M
Lashada,F
Lashae,F
Lashaea,F
Lashai,F
Lashain,F
Lashaina,F
Lashala,F
Lashalle,F
Lashan,Unisex
Lashana,F
Lashanae,F
Lashanay,F
Lashanda,F
Lashandra,F
Lashandria,F
Lashane,F
Lashanette,F
Lashanique,F
Lashann,F
Lashanna,F
Lashannon,F
Lashanta,F
Lashante,F
Lashanti,F
Lashanya,F
Lashaon,F
Lashara,F
Lasharee,F
Lashari,F
Lasharia,F
Lasharn,F
Lasharna ,F
Lasharne ,F
Lasharon,F
Lasharra,F
Lashasta,F
Lashaun,Unisex
Lashauna,F
Lashaunda,F
Lashaundra,F
Lashaundria,F
Lashaune,F
Lashaunna,F
Lashaunta,F
Lashaunte,F
Lashaunti,F
Lashavia,F
Lashaw,Unisex
Lashawanda,F
Lashawda,F
Lashawn,Unisex
Lashawna,F
Lashawnda,F
Lashawndra,F
Lashawne,F
Lashawnna,F
Lashawnta,F
Lashay,F
Lashaya,F
Lashaye,F
Lashayla,F
Lashayna,F
Lashe,F
Lashea,F
Lasheba,F
Lasheen,F
Lasheena,F
Lasheia,F
Lasheika,F
Lasheila,F
Lasheka,F
Lashekia,F
Lashel,F
Lashelia,F
Lashell,F
Lashella,F
Lashelle,F
Lashema,F
Lashena,F
Lashenda,F
Lashenna,F
Lashera,F
Lasherrie,F
Lasheryl,F
Lashes,F
Lasheta,F
Lashey,F
Lashia,F
Lashica,F
Lashieka,F
Lashika,F
Lashina,F
Lashinda,F
Lashira,F
Lashirah,F
Lashita,F
Lashiya,F
Lashiyah,F
Lashley,F
Lashon,Unisex
Lashona,F
Lashond,F
Lashonda,F
Lashondia,F
Lashondra,F
Lashondria,F
Lashone,Unisex
Lashonia,F
Lashonn,F
Lashonna,F
Lashonne,F
Lashonta,F
Lashonte,F
Lashonya,F
Lashounda,F
Lashown,F
Lashowna,F
Lashtin,M
Lashun,Unisex
Lashuna,F
Lashunda,F
Lashundia,F
Lashundra,F
Lashundria,F
Lashune,F
Lashunna,F
Lashunta,F
Lashunti,F
Lashunya,F
Lashurn,F
Lashya,F
Lashyia,F
Lashyra,F
Lasia,F
Lasiah,F
Lasith,M
Lasiya,F
Lasiyah,F
Laskaris,M
Laski,M
Laslo,M
Laso,M
Lasoi,M
Lason,M
Lasonda,F
Lasondra,F
Lasonia,F
Lasonja,F
Lasonya,F
Lassana,M
Lassandra,F
Lasse,M
Lassica,F
Lassie,F
Lastacia,F
Lastar,F
Lastarr,F
Lastarza,M
Lastasha,F
Lastasia,F
Lastat,M
Laster,M
Lasunda,F
Lasundra,F
Lasya,F
Laszlo,M
Laszlo-Jeremy,M
Lat,M
Lata,F
Latacha,F
Latachia,F
Latacia,F
Latae,F
Lataea,F
Lataesha,F
Latai,F
Lataija,F
Lataisha,F
Lataivia,F
Lataiya,F
Lataja,F
Latajah,F
Latajia,F
Latalia,F
Latalya,F
Latamara,F
Latan,M
Latana,F
Latandra,F
Latane,F
Latanga,F
Latangela,F
Latangie,F
Latania,F
Latanisha,F
Latanja,F
Latanya,F
Latanyia,F
Latanza,F
Latara,F
Latarah,F
Latarcha,F
Latari,F
Lataria,F
Latarisha,F
Latarius,M
Latarlia,F
Latarra,F
Latarsha,F
Latarshia,F
Latarsia,F
Latarus,M
Latarvia,F
Latarya,F
Latascha,F
Latash,F
Latasha,F
Latashi,F
Latashia,F
Latashua,F
Latasia,F
Lataska,F
Latassha,F
Latatia,F
Lataunya,F
Lataura,F
Lataurus,M
Latausha,F
Latavea,F
Lataveon,M
Latavia,F
Latavian,M
Latavion,M
Latavious,M
Latavis,M
Latavius,M
Latawn,F
Latawnya,F
Latay,F
Lataya,F
Latayah ,F
Latayia,F
Latayna,F
Lataysha,F
Lataysha-mae,F
Latayshia,F
Lataysia,F
Latayvia,F
Latazia,F
Latdavone,F
Latea,F
Lateafa,F
Lateah,F
Lateaka,F
Lateasa,F
Latease,F
Lateasha,F
Lateashia,F
Latece,F
Latecha,F
Latechia,F
Latecia,F
Latedra,F
Latee,M
Lateef,M
Lateefa,F
Lateefah,F
Lateefat ,F
Lateek,M
Lateeka,F
Lateela,F
Lateen,F
Lateena,F
Lateesha,F
Lateesha-Lynn,F
Lateesha-maree,F
Lateeya,F
Latefa,F
Latefah,F
Latefee,F
Latefia,F
Lateia,F
Lateika,F
Lateilia,F
Lateisha,F
Lateisha-lee,F
Lateka,F
Latela,F
Laten,M
Latenya,F
Latera,F
Lateresa,F
Laterese,F
Lateria,F
Laterian,M
Laterica,F
Latericka,F
Laterika,F
Laterius,M
Laterra,F
Laterrance,M
Laterrell,M
Laterrence,M
Laterria,F
Laterrian,M
Laterrica,F
Laterrika,F
Laterrion,M
Laterrious,M
Laterrius,M
Latesa,F
Latese,F
Latesha,F
Lateshia,F
Latesia,F
Latessa,F
Latessia,F
Latetia,F
Latevia,F
Latevin,M
Lateya,F
Lateycia,F
Lateysha,F
Latha,F
Latham,M
Lathan,M
Lathaniel,M
Lathanuel,M
Lathasha,F
Lathe,M
Lathea,F
Lathen,M
Lathena,F
Latherus,M
Lathika,M
Lathiker,M
Lathisa,F
Lathomas,M
Lathon,M
Lathusan ,M
Lathushan ,M
Lathyn,M
Latia,F
Latiah,F
Latiana,F
Latianna,F
Latiara,F
Latiasha,F
Latica,F
Latice,F
Laticha,F
Latichia,F
Latici-,F
Laticia,F
Laticia-lorraine,F
Laticiah,F
Latiea,F
Latief,M
Latieka,F
Latiera,F
Latierra,F
Latiesha,F
Latiesha-jayne,F
Latif,M
Latifa,F
Latifah,F
Latifat ,F
Latifee,F
Latiffa,F
Latiffany,F
Latifha,F
Latifia,F
Latigra,F
Latiisha,F
Latijera,F
Latika,F
Latika-star,F
Latima,F
Latimer,M
Latin,M
Latina,F
Latinia,F
Latinka,F
Latinya,F
Lationa,F
Latipha,F
Latiqua,F
Latique,M
Latira,F
Latisa,F
Latischa,F
Latise,F
Latish,F
Latisha,F
Latisha-Lee,F
Latisha-Marie,F
Latisha-rose,F
Latishia,F
Latishiya,F
Latishya,F
Latisia,F
Latissa,F
Latissha,F
Latissia,F
Latissue,F
Latita,F
Latitia,F
Lativa,F
Lativia,F
Latiya,F
Latiyah,F
Latjor,M
Latocha,F
Latodd,M
Latoi,F
Latoia,F
Latoina,F
Latoisha,F
Latoiya,F
Laton,M
Latona,F
Latonah,F
Latonda,F
Latondra,F
Latonga,F
Latongia,F
Latoni,F
Latonia,F
Latonio,M
Latonja,F
Latonjia,F
Latonna,F
Latonnia,F
Latony,M
Latonya,F
Latonyia,F
Latonza,F
Latora,F
Latori,F
Latoria,F
Latorie,F
Latorra,F
Latorrance,M
Latorri,F
Latorria,F
Latorrie,F
Latorsha,F
Latory,F
Latorya,F
Latosca,F
Latoscha,F
Latosha,F
Latoshia,F
Latosia,F
Latousha,F
Latova,F
Latovah,F
Latovia,F
Latoy,F
Latoya,F
Latoyah,F
Latoye,F
Latoyer,F
Latoyia,F
Latoyla,F
Latoyna,F
Latoynia,F
Latoyo,F
Latoyra,F
Latoyria,F
Latoysha,F
Latoyta,F
Latoyya,F
Latracia,F
Latracy,F
Latrae,M
Latrail,Unisex
Latrasha,F
Latravia,F
Latravion,M
Latravious,M
Latravis,M
Latravius,M
Latray,M
Latraya,F
Latrayvion,M
Latre,M
Latrea,F
Latreace,F
Latreal,M
Latreasa,F
Latrease,F
Latreca,F
Latrece,F
Latrecia,F
Latreece,F
Latreena,F
Latreese,F
Latreice,F
Latreisha,F
Latreka,F
Latrel,M
Latrell,Unisex
Latrelle,Unisex
Latrena,F
Latrenda,F
Latrenia,F
Latres,F
Latresa,F
Latrese,F
Latresha,F
Latreshia,F
Latresia,F
Latresia-Loren,F
Latress,F
Latressa,F
Latreva,F
Latrevia,F
Latrevion,M
Latrevious,M
Latrey,M
Latrez,M
Latria,F
Latric,F
Latrica,F
Latrice,F
Latricha,F
Latricia,F
Latriece,F
Latrika,F
Latrina,F
Latrinda,F
Latrinia,F
Latrinity,F
Latris,F
Latrisa,F
Latrise,F
Latrish,F
Latrisha,F
Latrishia,F
Latrissa,F
Latrista,F
Latrivia,F
Latron,M
Latronda,F
Latrone,M
Latronya,F
Latroy,M
Latroya,F
Latroyia,F
Latryce,F
Latryll,M
Latsha,F
Latshia,F
Latta,M
Lattetia,F
Lattie,Unisex
Lattisha,F
Lattitia,F
Lattrell,M
Latu,M
Latundra,F
Latunia,F
Latunja,F
Latunya,F
Latusha,F
Latwan,M
Latwana,F
Latwanda,F
Latwanna,F
Latwon,M
Latya,F
Latycia,F
Latyia,F
Latyna,F
Latyra,F
Latysha,F
Latysia,F
Latzio,M
Lau-Ree,F
Lauana,F
Lauar,M
Lauchie,M
Lauchlan ,M
Lauchlin,M
Lauchlyn,F
Lauclan,M
Laud,M
Lauda,F
Laudan,F
Lauden,M
Lauder,M
Laudia,F
Laudie,M
Laueren,F
Laughlan,M
Laughlin,M
Lauhori,F
Lauire,F
Laukhush,M
Lauma ,F
Laun,M
Launa,F
Launce,M
Launda,F
Laundyn,F
Launi,F
Launia,F
Launie,F
Launna,F
Launston,M
Laur,F
Laura,F
Laura- ,F
Laura-Alejandra,F
Laura-Ann ,F
Laura-Anne ,F
Laura-ashlee,F
Laura-Ashley,F
Laura-bassema,F
Laura-Beth ,F
Laura-Camila,F
Laura-Gene,F
Laura-gianna,F
Laura-hayley,F
Laura-Hazel,F
Laura-Helena,F
Laura-jade,F
Laura-jae,F
Laura-Jane ,F
Laura-Jayne ,F
Laura-Jean,F
Laura-jessie,F
Laura-Jo ,F
Laura-Kate,F
Laura-lea,F
Laura-Lee,F
Laura-Leigh,F
Laura-li,F
Laura-Lie,F
Laura-Louise ,F
Laura-Lynn,F
Laura-Mae,F
Laura-maria,F
Laura-Marie,F
Laura-mary,F
Laura-May ,F
Laura-Megan,F
Laura-merri,F
Laura-raye,F
Laura-rita,F
Laura-Rose ,F
Laura-Schmitt,F
Lauraann,F
Lauraanne,F
Lauraashley,F
Laurabel,F
Laurabell,F
Laurabelle,F
Laurabeth,F
Lauradana,F
Laurae,F
Lauraelizabeth,F
Lauraetta,F
Lauragrace,F
Laurah,F
Lauraine,F
Laurajean,F
Laural,F
Lauralai,F
Laurale,F
Lauralea,F
Lauralee,F
Lauralei,F
Lauraleigh,F
Laurali,F
Lauralie,F
Lauralise,F
Lauralye,F
Lauralyn,F
Lauralynn,F
Lauramae,F
Lauramarie,F
Lauramy,F
Lauran,F
Laurana,F
Laurance,M
Lauranda,F
Laurane,F
Laurann,F
Lauranne,F
LauraT,F
Lauray,F
Lauraya,F
Laure,F
Laure-Anne,F
Laurea,F
Laurean,F
Laureana,F
Laureano,M
Laureat,M
Laurece,F
Lauree,F
Laureece,F
Laureen,F
Laureena,F
Laurel,F
Laurel-Anne,F
Laurel-frances,F
Laurel-lee,F
Laurel-Leigh,F
Laurel-Lynne,F
Laurelai,F
Laurelee,F
Laurelei,F
Laureli,F
Laurelie,F
Laurelin,F
Laurell,F
Laurella,F
Laurelle,F
Laurellie,F
Laurelye,F
Laurelyn,F
Lauren,F
Lauren-Ann,F
Lauren-Jade ,F
Lauren-jane,F
Lauren-kay,F
Lauren-Louise ,F
Lauren-Mae ,F
Lauren-Marie ,F
Lauren-Michelle,F
Lauren-renee,F
Lauren-Rose ,F
Laurena,F
Laurenann,F
Laurenashley,F
Laurence,M
Laurence-john,M
Laurencia,F
Laurencine,F
Laurencio,M
Laurenda,F
Laurene,F
Laurenelizabeth,F
Laurenmarie,F
Laurenn,F
Laurenne,F
Laurennicole,F
Laurens,M
Laurent,M
Laurentia,F
Laurentina,F
Laurentine,F
Laurentino,M
Laurentiu ,M
Laurentius,M
Laurenz,M
Laurenzo,M
Lauresa,F
Lauressa,F
Laureta,F
Lauretha,F
Laurett,F
Lauretta,F
Laurette,F
Laureve,F
Laurey,F
Laurez,F
LaurFn,F
Lauri,F
Lauri-Ann,F
Lauri-Anne,F
Lauri-sue,F
Lauria,F
Lauriah,F
Laurian,F
Lauriana,F
Lauriane,F
Lauriann,F
Laurianna,F
Laurianne,F
Lauriano,M
Lauric,M
Laurica,F
Laurice,Unisex
Lauricia,F
Laurie,F
Laurie-Ann,F
Laurie-Anne ,F
Laurie-June,F
Laurie-Lee,F
Laurie-Lynn,F
Laurie-May,F
Laurieann,F
Laurieanne,F
Lauriel,F
Laurielle,F
Laurien,Unisex
Laurier,M
Laurietta,F
Lauriette,F
Laurilyn,F
Laurin,Unisex
Laurina,F
Laurinda,F
Laurine,F
Laurino,M
Lauris,Unisex
Laurisa,F
Laurisha,F
Laurissa,F
Laurissa-Joy,F
Laurisse,F
Lauriston,M
Laurita,F
Lauritz,M
Laurn,F
Laurna,F
Laurne,F
Laurnea,F
Lauro,M
Lauron,F
Laurra,F
Laurraine,F
Laurrane,F
Laurren,F
Laurretta,F
Laurrie,F
Laurrine,F
Laurrissa,F
LaurTat,M
Laury,F
Lauryl,F
Lauryn,F
Lauryn-elouise,F
Laurynas ,M
Laurynce,F
Lauryne,F
Laurynn,F
Lausanne,F
Lauson,M
Lautaro,M
Lauvenia,F
Lava ,F
Lavada,F
Lavae,F
Lavaeh,F
Lavaida,F
Lavail,M
Laval,M
Lavale,M
Lavalee,F
Lavall,M
Lavalle,M
Lavan,M
Lavana,F
Lavance,M
Lavancha,F
Lavanda,F
Lavander,M
Lavani,F
Lavania,F
Lavanna,F
Lavannah,F
Lavansh,M
Lavant,M
Lavante,M
Lavanya,F
Lavar,M
Lavara,F
Lavarah,F
Lavare,M
Lavares,M
Lavaria,F
Lavarious,M
Lavaris,M
Lavarius,M
Lavarr,M
Lavarus,M
Lavasha,F
Lavasia,F
Lavatrice,F
Lavaughn,Unisex
Lavaun,F
Lavaune,F
Lavay,F
Lavaya,F
Lavayah,F
Lavea,F
Laveah,F
Laveda,F
Lavee,F
Laveeda,F
Laveen,F
Laveena,F
Laveeza ,F
Laveinna,F
Lavel,M
Lavelda,F
Lavell,Unisex
Lavella,F
Lavelle,Unisex
Lavelton,M
Laven,M
Lavena,F
Lavend,F
Lavenda,F
Lavender,F
Lavene,F
Lavenia,F
Lavenna,F
Laveon,M
Laver,M
Lavera,F
Laverda,F
Lavere,Unisex
Lavergne,F
Laveria,F
Laverl,Unisex
Laverle,F
Lavern,Unisex
Laverna,F
Laverne,Unisex
Lavernia,F
Lavernon,M
Lavert,M
Laverta,F
Laveryl,F
Lavesha,F
Lavesta,F
Lavester,M
Laveta,F
Lavetra,F
Lavett,F
Lavetta,F
Lavette,F
Laveya,F
Laveyah,F
Laveyna,F
Lavi,M
Lavia,F
Lavickie,F
Lavictor,M
Lavida,F
Lavie,F
Lavila,F
Lavilla,F
Lavin,Unisex
Lavina,F
Lavinda,F
Lavindeep,F
Lavindu,M
Lavine,F
Lavinia,F
Lavinia-jane,F
Lavinnia,F
Lavinniah,F
Lavinya,F
Lavisha,F
Lavita,F
Lavith,M
Lavitta,F
Lavivian,F
Lavjot,M
Lavleen,F
Lavnish,M
Lavoid,M
Lavola,F
Lavon,Unisex
Lavona,F
Lavonda,F
Lavonde,F
Lavondia,F
Lavondra,F
Lavone,F
Lavonia,F
Lavonn,Unisex
Lavonna,F
LaVonnah,F
Lavonne,F
Lavonnia,F
Lavonnie,F
Lavont,M
Lavonta,M
Lavontae,M
Lavontay,M
Lavonte,M
Lavontre,M
Lavonya,F
Lavor,M
Lavora,F
Lavoria,F
Lavoris,Unisex
Lavorn,Unisex
Lavornia,F
Lavoy,M
Lavoyce,F
Lavpreet,Unisex
Lavra,F
Lavren,F
Law,M
Lawa ,M
Lawade,M
Lawaia,M
Lawan,Unisex
Lawana,F
Lawand ,M
Lawanda,F
Lawander,F
Lawandra,F
Lawanika,F
Lawanna,F
Lawanza,F
Lawarence,M
Lawarnce,M
Lawarren,M
Lawaun,M
Lawayne,M
Lawe ,M
Laween,M
Lawell,M
Lawen ,M
Lawence,M
Lawenda,F
Lawerance,M
Lawerel,M
Lawerence,M
Lawernce,M
Lawhey,M
Lawhitney,F
Lawi ,M
Lawik,M
Lawin ,M
Lawless,M
Lawlor,M
Lawna,F
Lawney,M
Lawon,Unisex
Lawona,F
Lawonda,F
Lawonna,F
Lawra,F
Lawrance,M
Lawre,F
Lawren,F
Lawrena,F
Lawrenace,M
Lawrenc,M
Lawrence,M
Lawrence-Andrei,M
Lawrence-cornelius,M
Lawrencia,F
Lawrene,Unisex
Lawrenzo,M
Lawrick,M
Lawrie,Unisex
Lawrien,M
Lawrin,M
Lawrina,F
Lawrinda,F
Lawrissa,F
Lawrnce,M
Lawron,M
Lawry,M
Lawryn,F
Lawsen,M
Lawson,M
Lawson-casper,M
Lawsyn,Unisex
Lawton,M
Lawy ,M
Lawyer,M
Laxavier,M
Laxman ,M
Laxmi,F
Laxminarayan,M
Laxmitha ,F
Laxmy,F
Laxseva,M
Laxshan ,M
Laxshmi,F
Lay,Unisex
Laya,F
Layaal ,F
Layaan,F
Layad ,M
Layah,F
Layahna,F
Layal,F
Layali,F
Layalle,F
Layaly,F
Layan,F
Layana,F
Layanah,F
Layane,F
Layani,F
Layanie,F
Layann,F
Layanna,F
Layanne,F
Layba ,F
Laybah ,F
Layce,F
Laycee,F
Laycee-Mae ,F
Laycen,M
Layci,F
Laycia,F
Laycie,F
Laycin,M
Layda,F
Laydee,F
Laydell,M
Layden,M
Laydon,M
Laye,M
Layell,F
Layelle,F
Layeska,F
Layia,F
Layiah,F
Layianna,F
Layk,M
Layka,F
Laykan,M
Layke,M
Layken,Unisex
Laykin,F
Layklon,M
Laykn,F
Laykyn,F
Layla,F
Layla'raye,F
Layla-Ann ,F
Layla-Anne ,F
Layla-Beau ,F
Layla-elizabeth,F
Layla-Faye ,F
Layla-Grace ,F
Layla-Jade ,F
Layla-Jai ,F
Layla-Jane ,F
Layla-Jay ,F
Layla-Jayne ,F
Layla-Leigh ,F
Layla-Louise ,F
Layla-Lynn,F
Layla-Mae ,F
Layla-Mai ,F
Layla-Marie ,F
Layla-May ,F
Layla-Rae ,F
Layla-rebel,F
Layla-Rose ,F
Laylaa,F
Laylaann,F
Laylagrace,F
Laylah,F
Laylah-marie,F
Laylah-Rose ,F
Laylahnee,F
Laylamarie,F
Laylan,Unisex
Laylana,F
Layland,M
Laylanee,F
Laylani,F
Laylanie,F
Laylanii,F
Laylanna,F
Laylanni,F
Laylannie,F
Laylara,F
Laylarae,F
Laylarose,F
Layle,Unisex
Laylee,F
Layleen,F
Layleigh,F
Laylem,M
Laylen,Unisex
Laylend,M
Laylene,F
Layli,F
Laylia,F
Layliah,F
Layliana,F
Laylianna,F
Laylie,F
Laylin,F
Laylina,F
Laylla,F
Laylon,M
Layloni,F
Laylonie,F
Laylonni,F
Laylonnie,F
Layly,F
Laylyn,F
Laylynn,F
Layman,M
Laymon,M
Laymond,M
Layn,M
Layna,F
Laynah,F
Layne,Unisex
Layne-Raidon,M
Laynee,F
Laynette,F
Layney,F
Layni,F
Laynia,F
Laynie,F
Laynie-May,F
Laynna,F
Layo,M
Layona,F
Layoni,F
Layonna,F
Layota,F
Layoya,F
Layra,F
Layrel,F
Layron,M
Laysa,F
Laysan,M
Laysen,M
Laysha,F
Layshah,F
Layshia,F
Layson,M
Layssa,F
Laytan ,M
Layteesha,F
Layten,M
Layth,M
Laytham ,M
Laythan,M
Laythen,M
Laython,M
Laytin,M
Laytish,F
Laytn,M
Layton,M
Layton-James ,M
Layton-Jay ,M
Layton-John ,M
Layton-Lee ,M
Layton-Robbie-James,M
Laytona,F
Laytonya,F
Laytoya,F
Laytyn,M
Layvonne,F
Layyah ,F
Layyinah ,F
Layza,F
Laz,M
Laza,Unisex
Lazandra,F
Lazar,M
Lazara,F
Lazarael,M
Lazaras,M
Lazarauras,M
Lazare,M
Lazareth,M
Lazaria,F
Lazariah,F
Lazarick,M
Lazarin,M
Lazario,M
Lazarion,M
Lazarius,M
Lazariya,F
Lazariyah,F
Lazaro,M
Lazaros,M
Lazarr,M
Lazarra,F
Lazarria,F
Lazarus,M
Lazavion,M
Lazaya,F
Laze,M
Lazell,M
Lazelle,F
Lazer,M
Lazerick,M
Lazerrick,M
Lazerus,M
Lazetta,F
Lazette,F
Lazhane,F
Lazia,F
Laziah,F
Lazigha,F
Lazirah,F
Lazirus,M
Laziya,F
Laziyah,F
Lazlo,M
Lazo ,M
Lazor,M
Lazos,M
Lazraiah,F
Lazreth,M
Lazslo,M
Lazura,M
Lazzarah,F
Lazzare,M
Lazzarith,M
Lazzaro,M
Lb,M
Lc,M
Lcome,M
Ld,M
Ldarius,M
Le,Unisex
Le Roy,M
Le'an,F
Le'anna,F
Le'anne,F
Le'ora,F
Le'roy,M
Le'tesha,F
Le-Ann ,F
Le-Anna,F
Le-Anne,F
Le-arna,F
Le-Auna,F
Le-hang,F
Le-khiem,M
Le-lam-thuy,F
Le-uyen,F
Le-van,M
Lea,F
Lea'roy,M
Lea-an,F
Lea-Ann,F
Lea-anna,F
Lea-Anne,F
Lea-Brook,F
Lea-Jean,F
Lea-lan,F
Lea-Marie ,F
Lea-rose,F
Lea-roy,M
Leaann,F
Leaanne,F
Leabella,F
Leabeth,F
Leabraksa,M
Leabsaphal,F
Leachelle,F
Leacia,F
Leaclaire,F
Leacy,F
Leada,F
Leaden,M
Leadham,M
Leady,F
Leael,F
Leaem,F
Leaetta,F
Leaf,M
Leafa,F
Leafie,F
Leaford,M
Leafy,F
Leagan,M
Leagh,F
Leah,F
Leah-Ann ,F
Leah-Anne,F
Leah-dawn,F
Leah-Gabrielle,F
Leah-Grace ,F
Leah-Jade ,F
Leah-Jane ,F
Leah-jayde,F
Leah-Jayne ,F
Leah-Jo,F
Leah-kim,F
Leah-Louise ,F
Leah-Lynn,F
Leah-Mae ,F
Leah-Mai ,F
Leah-Marie ,F
Leah-marree,F
Leah-Maude,F
Leah-May ,F
Leah-Paige ,F
Leah-Rae,F
Leah-Rose ,F
Leah-suzanne,F
Leah-tamara,F
Leaha,F
Leahan,F
Leahana,F
Leahandra,F
Leahann,F
Leahanna,F
Leahanne,F
Leahgrace,F
Leahia,F
Leahjuana,F
Leahla,F
Leahmarie,F
Leahmay,F
Leahna,F
Leahnette,F
Leahnna,F
Leahno,F
Leahrae,F
Leahrose,F
Leahvika,F
Leahya,F
Leahym,M
Leaila,F
Leaine,F
Leaira,F
Leairah,F
Leairra,F
Leaisha,F
Leaja,F
Leajah,F
Leajay,M
Leakaina,F
Leakhena,F
Leal,Unisex
Leala,F
Leala-Ann,F
Lealah,F
Lealan,M
Lealand,M
Lealani,F
Leale,M
Lealei,F
Lealer,F
Lealia,F
Lealla,F
Lealo,F
Lealon,M
Lealund,M
Leam,M
Leam-ray,M
Leaman,M
Leamarie,F
Leamber,F
Leame,M
Leamon,M
Leamond,M
Leamsi,F
Lean,Unisex
Leana,F
Leanah,F
Leanard,M
Leanda,F
Leandara,F
Leander,M
Leandra,F
Leandrae,M
Leandre,M
Leandrea,F
Leandrew,M
Leandria,F
Leandro,M
Leandros,M
LeAndrT,M
Leane,F
Leaner,F
Leanessa,F
Leanett,F
Leanetta,F
Leanette,F
Leaney,F
Leang,F
Leangela,F
Leangelo,M
Leanhvu,M
Leani,F
Leanie,F
Leann,F
Leanna,F
Leanna-Raye,F
Leannah,F
Leannda,F
Leanndra,F
Leanne,F
Leanne-maria,Unisex
Leanne-marie,F
Leanne-phuong,F
Leanne-rose,F
Leannea,F
Leannedra,F
Leanner,Unisex
Leanni,F
Leannie,F
Leannora,F
Leanny,F
Leanor,F
Leanora,F
Leanord,M
Leanore,F
Leanthony,M
Leany,F
Leanza,F
Leaon,M
Leaoni,Unisex
Leaonie,F
Leap,M
Lear,F
Leara,F
Leara-rose,F
Learah,F
Learforde,F
Learkyna,F
Learlean,F
Learlene,F
Learline,F
Learna ,F
Learne,F
Learnie,F
Learon,M
Learoy,M
Leart,M
Learta,F
Leartis,M
Leary,M
Leasa,F
Leaser,F
Leasha,F
Leashai,F
Leashea,F
Leashia,F
Leasia,F
Leasie,F
Leask,M
Leason,Unisex
Leaster,Unisex
Leasure,M
Leata,F
Leateisha,F
Leath,Unisex
Leatha,F
Leathan,M
Leathe,F
Leathea,F
Leathen,M
Leather,F
Leathia,F
Leathie,F
Leathy,F
Leatiah-anne,F
Leaticia,F
Leatina,F
Leatitia ,F
Leaton,M
Leatrice,F
Leatricia,F
Leatta,F
Leauna,F
Leaundra,F
Leaunna,F
Leaus,M
Leavi,Unisex
Leavie,F
Leavitt,M
Leavon,M
Leavy,M
Leawyn,F
Leaya,F
Leayah,F
Leayla,F
Leaym,M
Leayshia,F
Leaysia,F
Leayzha,F
Leaza,F
Leba,F
Leban ,M
Lebaron,M
Lebarron,M
Lebecca,F
Lebern,M
Lebert,M
Leberta,F
Lebibe,F
Lebo,M
Lebrandon,M
Lebrea,F
Lebria,F
Lebron,M
Lebrone,M
Leburn,M
Leca,F
Lecado,M
Lecedric,M
Lecester,M
Lech,M
Lecha,F
Lechae,F
Lecharles,M
Lechell,F
Lechelle,F
Lechia,F
Lecia,F
Lecie,F
Lecil,M
Lecisha,F
Leck,M
Leckie,F
Lecole,F
Leconte,M
Lecory,M
Lecresha,F
Lecretia,F
Lecsia,F
Lecta,F
Lective,M
Lector,F
Lectoria,F
Lecy,F
Led,M
Leda,F
Ledaniel,M
Ledarion,M
Ledarius,M
Ledarrius,M
Ledawn,F
Ledd,M
Leddi,F
Leddie,F
Leddy,F
Ledeja,F
Ledel,M
Ledell,M
LeDelle,F
Lederrick,M
Ledford,M
Ledgen,M
Ledger,M
Ledia,F
Lediana ,F
Ledio,M
Ledion,M
Lediya,F
Ledja,M
Ledjon ,M
Ledley ,M
Ledon,M
Ledonia,F
Ledonna,F
Ledora,F
Ledra,F
Ledson,M
Leduc,M
Ledum,M
Ledya,F
Lee,Unisex
Lee Ann,F
Lee'ann,F
Lee'anne,F
Lee'za,F
Lee-aaron,M
Lee-Aeron,M
Lee-ah,F
Lee-Andra,F
Lee-Ann ,F
Lee-Anna,F
Lee-Anne ,F
Lee-El,F
Lee-Ellen,F
Lee-Frank,M
Lee-han,M
Lee-j,M
Lee-James ,M
Lee-Jay ,M
Lee-jen,F
Lee-jo,M
Lee-Junior ,M
Lee-margret,F
Lee-marie,F
Lee-Michael,M
Lee-Micheal,M
Lee-michelle,F
Lee-rae,F
Lee-Roy,M
Lee-suzanne,F
Lee-vi,F
Lee-wayne,M
Lee-yah,F
Leea,F
Leeah,F
Leeahna,F
Leeaina,F
Leeaira,F
Leeam,M
Leean,F
Leeana,F
Leeanah,F
Leeanda,F
Leeander,Unisex
Leeandra,F
Leeandre,M
Leeandrea,F
Leeandrew,M
Leeane,F
Leeani,F
Leeann,F
Leeann-Rose,F
Leeanna,F
Leeannah,F
Leeanne,F
Leeanne-karen,F
Leeannea,F
Leeanthony,M
Leeara,F
Leearna,F
Leearna-anne,F
Leearnah,F
Leearron,M
Leeasia,F
Leeat,F
Leeaura,F
Leeba,F
Leeban ,M
Leeben,M
Leechelle,F
Leecole,F
Leecy,F
Leeda,F
Leedell,M
Leedia,F
Leedon,M
Leedward,M
Leef,M
Leeham,M
Leehi,Unisex
Leeia,F
Leeila,F
Leeim,M
Leeio,M
Leeiya,F
LeeJames,M
Leejay,M
Leejaye,F
Leejon,M
Leek,M
Leekeshia,F
Leekyle,M
Leela,F
Leela-jean,F
Leela-Mae ,F
Leela-Rose ,F
Leelah,F
Leelan,M
Leeland,M
Leelani,F
Leelee,F
Leelen,M
Leelend,M
Leelet,F
Leelin,M
Leelind,M
Leelith,M
Leella,F
Leellen,F
Leelo,F
Leeloo,F
Leelou,F
Leelu,F
Leelund,Unisex
Leelyn,M
Leelynd,M
Leelyne,M
Leelynn,Unisex
Leem,F
Leema ,F
Leemah,F
Leeman,M
Leemarie,F
Leemichael,M
Leemon,M
Leen,F
Leena,F
Leena-Marie,F
Leenaben,F
Leenah,F
Leendert,M
Leenora,F
Leentje,F
Leeo,M
Leeola,F
Leeoma,F
Leeon,M
Leeona,F
Leeoni,F
Leeonie,F
Leeonna,F
Leeonora'e,F
Leeony,F
Leeor,Unisex
Leeora,F
Leephat,M
Leequan,M
Leera,F
Leeric,M
Leeron,M
Leeroy,M
Lees,M
Leesa,F
Leesa-,F
Leesa-joy,F
Leesa-marie,F
Leesah,F
Leesha,F
Leeshaun,M
Leeshawn,M
Leesher,F
Leeshir,F
Leesly,F
Leeson,M
Leester,F
Leeta,F
Leetal,F
Leeth,M
Leetha,F
Leethan,M
Leethon,M
Leetia,F
Leetisha,F
Leeton,M
Leetoya,F
Leetta,F
Leeum,M
Leeus,M
Leevan,M
Leevann,M
Leevi,M
Leevi-james,M
Leevon,M
Leewa,M
Leeward,M
Leewat,M
Leewen,F
Leewin,M
Leewood,M
Leeya,F
Leeyah,F
Leeyan,F
Leeyana,F
Leeying,F
Leeza,F
Leezanne,F
Leezaun,M
Leezia,F
Lefa,F
Lefan,F
Lefarius,M
Lefebvre,F
Lefki,F
Lefta,F
Lefteri,M
Lefteria,F
Lefteris,M
Lefterry,M
Leftery,M
Lefty,M
Legacee,F
Legaci,F
Legacie,F
Legacy,Unisex
Legacy-Dee,F
Legen,M
Legend,Unisex
Legendary,M
Legh,M
Legina,F
Legion,M
Legna,F
Legolas,M
Legrand,M
Legrande,M
Legrant,M
Leh-anne,F
Leha,F
Lehan,M
Lehana,F
Lehanna,F
Lehanne,F
Lehansa,F
Lehar,F
Lehara,F
Lehat ,M
Lehel,M
Lehela,F
Lehi,M
Lehia,F
Lehim,M
Lehissa,F
Lehiwa,F
Lehla,F
Lehman,M
Lehmon,M
Lehna,F
Lehni,F
Lehonde,M
Lehsa,F
Lehtyn,M
Lehua,F
Lehuanani,F
Lehvi,M
Lehya,F
Lehyla,F
Lei,F
Lei-hoa,M
Lei-lani,F
Lei-Lynn,F
Leia,F
Leia-Ta,F
Leiah,F
Leiahna,F
Leialoha,F
Leiam,M
Leian,F
Leiana,F
Leianah,F
Leiani,F
Leiann,F
Leianna,F
Leianne,F
Leiara,F
Leiarna ,F
Leiasia,F
Leib,M
Leiban,M
Leibish,M
Leiby,M
Leica,F
Leicester,M
Leicha,F
Leicia,F
Leician,F
Leida,F
Leiden,M
Leidi,F
Leidisi,F
Leidy,F
Leiella,F
Leif,M
Leif-erik,M
Leife,M
Leifr,M
Leifur,M
Leigah,F
Leigh,Unisex
Leigh-Ann ,F
Leigh-Ann-Dawn,F
Leigh-Anna ,F
Leigh-Anne ,F
Leigh-anthony,M
Leigh-anton,M
Leigh-Erin,F
Leigh-jay,M
Leigh-Li,F
Leigh-Loni,F
Leigh-theodore,M
Leigha,F
Leigha-Louise ,F
Leighah ,F
Leigham,M
Leighan,F
Leighana,F
Leighann,F
Leighanna,F
Leighanne,F
Leigharna ,F
Leighazha,F
Leighcifier,F
Leighem,M
Leighen,M
Leighia,F
Leighla,F
Leighlah,F
Leighlan,M
Leighland,M
Leighlani,F
Leighlind,M
LeighLyn'd,M
Leighlynn,F
Leighna,F
Leighroy,M
Leighseus,M
Leighsha,F
Leightan,F
Leighten,M
Leightin,F
Leighton,Unisex
Leighton-Abraham,M
Leighton-James ,M
Leighton-Jay,M
Leighton-Lee ,M
Leightyn,F
Leighvi,M
Leighzel,F
Leih,F
Leiha,F
Leiham,M
Leihanna,F
Leihla,F
Leihlani,F
Leihna,Unisex
Leihsim-Dlans,F
Leihum,M
Leihvi,M
Leijah,F
Leika,F
Leikar,F
Leila,F
Leila-Grace ,F
Leila-jade,F
Leila-Mae ,F
Leila-Mai ,F
Leila-marie,F
Leila-May ,F
Leila-Rae ,F
Leila-Rose ,F
Leilaann,F
Leilah,F
Leilah-chanel,F
Leilah-Mae ,F
Leilahni,F
Leilaina,F
Leilamarie,F
Leilan,M
Leilana,F
Leiland,M
Leilane,F
Leilanee,F
Leilaney,F
Leilani,F
Leilania,F
Leilanie,F
Leilanii,F
Leilanni,F
Leilannie,F
Leilanny,F
Leilany,F
Leilarose,F
Leilauni,F
Leilay,F
Leileen,F
Leilen,M
Leilena,F
Leilend,M
Leilene,F
Leili,F
Leilia,F
Leiliana,F
Leiliany,F
Leiliu,F
Leilla,F
Leiloni,F
Leilonie,F
Leilonnie,F
Leilou,F
Leilu,F
Leily,F
Leilyn,F
Leilynd,M
Leilynn,F
Leim,M
Leima,F
Leimomi,F
Lein,Unisex
Leina,F
Leinaala,F
Leinani,F
Leini,F
Leiny,F
Leion,M
Leiona,F
Leionard,M
Leionna,F
Leir,M
Leira,F
Leiraville,F
Leire,F
Leiren,M
Leiri,F
Leirin,F
Leiro,M
Leirra,F
Leis,F
Leisa,F
Leisa-Marie,F
Leise,F
Leisel,F
Leisha,F
Leishae,F
Leishla,F
Leisia,F
Leisje,F
Leisl,F
Leisly,F
Leissa,F
Leisy,F
Leita,F
Leith,Unisex
Leitha,F
Leithan,M
Leithe,M
Leithen,M
Leitisha,F
Leiton,M
Leitu,F
Leityn,F
Leiu,F
Leium,M
Leiv,M
Leivani,F
Leivanna,F
Leivarndrae-archie,M
Leiya,F
Leiyah,F
Leiyana,F
Leiyanna,F
Leiyla,F
Leiylah,F
Leiza,F
Leizan,F
Leizel,F
Leja ,F
Lejaimen,M
Lejend,M
Lejeune,Unisex
Lejia,F
Lejla,F
Lejlije,F
Lejon,M
Lejoyce,F
Lejuan,M
Lek,M
Leka,F
Lekahi,M
Lekai,M
Lekayla,F
Lekecia,F
Lekedia,F
Lekeesha,F
Lekeia,F
Lekeira,F
Lekeisha,F
Lekeith,M
Lekeitha,F
Lekendra,F
Lekendric,M
Lekendrick,M
Lekenya,F
Lekesha,F
Lekeshia,F
Lekesia,F
Leketa,F
Leketha,F
Lekethia,F
Lekevia,F
Lekeya,F
Lekeyah,F
Lekeysha,F
Lekha,F
Lekhi,M
Lekia,F
Lekiah,F
Lekielah,F
Lekiesha,F
Lekirra,F
Lekisa,F
Lekisha,F
Lekishia,F
Lekita,F
Leko,M
Lekota,M
Leks,M
Leksi,F
Leksija,F
Lekulu,M
Lekun,M
Lela,F
Lelah,F
Lelahni,F
Lelaina,F
Lelaine,F
Lelamae,F
Lelan,M
Lelana,F
Leland,M
Leland-James ,M
Lelande,M
Lelandra,F
Lelang-Justin,M
Lelani,F
Lelania,F
Lelanie,F
Lelannie,F
Lelanya,F
Lelar,F
Lelas,F
Lelayna,F
Lelde,F
Leldon,M
Lele,F
Lelea,F
Leleand,M
Leleisha,F
Lelen,M
Lelend,M
Leler,F
Leli,M
Lelia,F
Leliah,F
Lelian,F
Leliana,F
Lelianna,F
Lelice,F
Lelie,F
Lelin,M
Lelind,M
Lelinh,F
Lelio,M
Lelistu,F
Lelita,F
Lella,F
Lelland,F
Lellani,F
Leller,F
Lellie,F
Lello,M
Leloma,F
Lelon,M
Leloni,F
Lelou,F
Lelouch,M
Lelsie,F
Lelton,M
Lelu,F
Lelyn,M
Lelynd,M
Lelynn,M
Lem,M
Lema,F
Lemaj,M
Leman,M
Lemanuel,M
Lemar,M
Lemara,F
Lemarco,M
Lemarcus,M
Lemari,M
Lemario,M
Lemarion,M
Lemark,M
Lemarr,M
Lemas-Ali,F
Lemaya,F
Lembarry,M
Lembary,M
Lembit,M
Lemei,F
Lemel,M
Lemia,F
Lemiah,Unisex
Lemichael,M
Lemisha,F
Lemlem,F
Lemma,F
Lemmel,M
Lemmey,M
Lemmi,F
Lemmie,Unisex
Lemmon,M
Lemmy,M
Lemoine,M
Lemon,M
Lemona,F
Lemond,M
Lemonee,F
Lemonia,F
Lemonica,F
Lemonitsa,F
Lemont,M
Lemonte,M
Lemorna,F
Lemorris,M
Lemoyne,Unisex
Lempi,F
Lemual,M
Lemuel,M
Lemuella ,F
Lemya,F
Len,M
Len-elias,M
Lena,F
Lena-Eve,F
Lena-Joy,F
Lena-Mae,F
Lena-Marie ,F
Lena-pearl,F
Lena-tonia,F
Lenabelle,F
Lenad,M
Lenae,F
Lenah,F
Lenai,F
Lenaia,F
Lenaiah,F
Lenaisha,F
Lenalee,F
Lenall,F
Lenamae,F
Lenamarie,F
Lenar,Unisex
Lenara,F
Lenard,M
Lenardo,M
Lenas,M
Lenasia,F
Lenassa,F
Lenay,F
Lenaya,F
Lenayah,F
Lencho,M
Lenci,F
Lencola,F
Lency,F
Lenda,F
Lendal,M
Lendale,M
Lendall,M
Lendel,M
Lendell,M
Lenden,M
Lendenn,M
Lender,F
Lendia,F
Lendita,F
Lendl,M
Lendo,M
Lendol,M
Lendon,M
Lendora,F
Lendra,F
Lendsey,F
Lendy,F
Lene,F
Lene-Marie,F
Lenea,F
Leneah,F
Lenear,M
Lenecia,F
Lened,M
Lenee,F
Leneela,F
Leneisha,F
Leneka,F
Lenelee,F
Lenell,Unisex
Lenelle,F
Lener,F
Lenert,M
Lenes,M
Lenesha,F
Lenessa,F
Lenet,F
Leneta,F
Lenett,F
Lenetta,F
Lenette,F
Leneve,F
Leneyah,F
Lenford,M
Leng,M
Leni,F
Leni-ann,F
Leni-rex,M
Lenia,F
Leniah,F
Lenice,F
Leniece,F
Leniel,M
Lenii,F
Lenika,F
Lenin,M
Lenina,F
Lenine,F
Lenis,Unisex
Lenise,F
Lenisha,F
Lenissa,F
Lenita,F
Lenix,Unisex
Leniya,F
Leniyah,F
Lenka,F
Lenla,F
Lenley,M
Lenn,M
Lenna,F
Lennae,F
Lennaea,F
Lennald,M
Lennan,Unisex
Lennard,M
Lennart,M
Lennaya,F
Lenndan,M
Lenne,M
Lennea,F
Lenneah,F
Lenneigha,F
Lenneke,F
Lennel,M
Lennela,F
Lennell,Unisex
Lenner,F
Lennert,M
Lenneth,M
Lennett,F
Lennetta,F
Lennette,F
Lennex,Unisex
Lenni,Unisex
Lennia,F
Lennica,F
Lennice,F
Lennie,Unisex
Lennin,M
Lennique,F
Lennis,Unisex
Lennisha,F
Lennix,Unisex
Lennon,Unisex
Lennora,F
Lennox,Unisex
Lennus,M
Lenny,M
Lennyn,Unisex
Lennyse,F
Lennyx,Unisex
Leno,M
Lenoard,M
Lenoir,F
Lenola,F
Lenon,M
Lenona,F
Lenor,F
Lenora,F
Lenorah,F
Lenord,M
Lenore,F
Lenoria,F
Lenoris,M
Lenorris,M
Lenox,Unisex
Lenoxx,M
Lenra,M
Lens,M
Lensa,F
Lensey,F
Lensi,F
Lenssa,F
Lensy,M
Lent,Unisex
Lente,F
Lenton,M
LenTya,F
Lentz,M
Lenuccia,F
Lenuel,M
Lenus,M
Lenvil,M
Lenville,M
Lenward,M
Lenwood,M
Leny,Unisex
Lenya,F
Lenyce,F
Lenyn,Unisex
Lenyse,F
Lenyx,Unisex
Lenyzyk,M
Lenz,M
Lenzi,F
Lenzie,Unisex
Lenzy,Unisex
Leo,M
Leo-Alain,M
Leo-Cruz,M
Leo-Jai ,M
Leo-James ,M
Leo-Jay ,M
Leo-John ,M
Leo-Ray,M
Leo-Riley ,M
Leoart,M
Leoba,F
Leobardo,M
Leoben,M
Leobrent,M
Leocadia,F
Leocadio,M
Leoda,F
Leodan,M
Leodegario,M
Leodias,M
Leodis,M
Leodore,M
Leodoro,M
Leoh,M
Leohans,M
Leokadia,F
Leokadja,F
Leokadya,F
Leokdia,F
Leola,F
Leolar,F
Leoler,F
Leolia,F
Leom ,M
Leoma,F
Leomar,M
Leomia,F
Leon,M
Leon-ethan,M
Leon-James ,M
Leon-Junior ,M
Leon-Long,M
Leon-vytas,M
Leona,F
Leona-Lynn,F
Leona-marie,F
Leonah,F
Leonald,M
Leonaldo,M
Leonara,F
Leonard,M
Leonarda,F
Leonardas ,M
Leonardi,M
Leonardo,M
Leonardo-alessandro,M
Leonardo-gabriele,M
Leonards ,M
Leonardus,M
Leonas ,M
Leonce,M
Leoncio,M
Leonda,F
Leondina,F
Leondra,F
Leondrae,M
Leondre,M
Leondria,F
Leondrit,M
Leondro,M
Leondrus,M
Leone,F
Leonedas,M
Leonee,F
Leoneese,F
Leonel,M
Leonela,F
Leonell,M
Leonella,F
Leonello,M
Leoner,F
Leonetta,F
Leonette,F
Leoney,M
Leong,M
Leonhard,M
Leonhart,M
Leoni,F
Leoni-May ,F
Leonia,F
Leonice,F
Leonid,M
Leonida,Unisex
Leonidas,M
Leonide,M
Leonides,M
Leonidis,M
Leonidus,M
Leonie,F
Leonie-marie,F
Leoniel,M
Leonila,F
Leonilda,F
Leonilde,F
Leonilla,F
Leonina,F
Leonique,F
Leonis,Unisex
Leonise,F
Leonisha,F
Leonit ,M
Leonita,F
Leonithas,M
Leonitus,M
Leonna,F
Leonnah,F
Leonne,F
Leonni ,F
Leonnie,F
Leonor,F
Leonora,F
Leonorah,F
Leonord,M
Leonore,F
Leons,M
Leonta,M
Leontae,M
Leontay,M
Leonte,M
Leontina,F
Leontine,F
Leontre,M
Leonty,M
Leontyna,Unisex
Leontyne,F
Leony ,F
Leonydas,M
Leonydus,M
Leonzo,M
Leopold,M
Leopoldine,F
Leopoldo,M
Leopordina,F
Leor,M
Leora,F
Leorah,F
Leoria,F
Leorisa,F
Leorn,M
Leornard,M
Leory,M
Leosha,F
Leoshia,F
Leoson,M
Leosvel,M
Leota,F
Leotha,Unisex
Leother,F
Leotie,F
Leotis,M
Leotrim ,M
Leotta,F
Leotti,F
Leoul,M
Leovani,M
Leovanni,M
Leovardo,M
Leovigildo,M
Leoyd-Erich,M
Lepa,F
Lepha,F
Lepo,M
Leposava,F
Lequan,M
LeQueasha,F
Lequentin,M
Lequesha,F
Lequetta,F
Lequient,M
Lequinta,F
Lequinton,M
Lequisha,F
Lequita,F
Lequitta,F
Lequon,M
Lequyen,F
Lera,F
Lerae,F
Lerah,F
Lerain,F
Lerald,M
Lerato ,F
Leray,M
Leraya,F
Leren,F
Lerena,F
Lerenzo,M
Leresa,F
Leretha,F
Lerhonda,F
Leri,M
Leriah,F
Lerico,M
Lerin,Unisex
Lerina,F
Lerinna,F
Lerisa,F
Lerise,F
Lerissa,F
Lerita,F
Leriyah,F
Lerlean,F
Lerlene,F
Lerline,F
Lermy,F
Lero,M
Leroi,M
Lerome,M
Leron,M
Leronda,F
Lerone,M
Leronia,F
Leroy,M
Leroya,F
Leroyal,M
Leroyce,M
Lerrato-mae,F
Lerren,F
Lerrick,M
Lerry,M
Lerryn ,F
Leryn,F
Les,M
Les-Leigh,F
Lesa,F
Lesa-jane,F
Lesal,M
Lesalynn,F
Lesan,F
Lesandra,F
Lesane,M
Lesanna,F
Lesbia,F
Leschelle,F
Lescia,F
Lesday,F
Lesean,M
Lesedi ,Unisex
Lesego,M
Lesen,F
Lesette,F
Lesha,F
Leshae,F
Leshaey,F
Leshai,F
Leshan,Unisex
Leshanda,F
Leshanta,F
Leshaun,Unisex
Leshauna,F
Leshaunda,F
Leshaundra,F
Leshawn,Unisex
Leshawna,F
Leshawnda,F
Leshay,F
Leshaya,F
Leshaye,F
Leshayne,F
Leshe,F
Leshea,F
Leshee,F
Lesheena,F
Lesheka,F
Leshell,F
Leshelle,F
Leshem,F
Leshia,F
Leshka,F
Leshly,F
Leshon,Unisex
Leshonda,F
Leshun,Unisex
Leshunda,F
Leshya,F
Lesi,F
Lesia,F
Lesiana,F
Lesie,F
Lesieli,F
Lesile,Unisex
Lesina,F
Lesle,F
Leslea,F
Leslee,F
Leslee-Jo,F
Leslei,F
Lesleigh,F
Leslene,F
Lesley,Unisex
Lesley-Ann,F
Lesley-Anne ,F
Lesley-Frances,F
Lesley-Jane,F
Lesley-renee,F
Lesley-violette,F
Lesleyann,F
Lesleyanne,F
Lesleye,F
Lesli,F
Lesli-Ann,F
Leslian,F
Lesliann,F
Leslianne,F
Leslie,Unisex
Leslie-Ann,F
Leslie-Anne,F
Leslie-Gene,F
Leslie-Jane,F
Leslie-yarn,M
Leslieann,F
Leslieanne,F
Lesliee,F
Leslly,F
Lesly,F
Leslyann,F
Leslye,F
Leslyn,F
Less,M
Leß,F
Lessa,F
Lessette,F
Lessia,F
Lessie,F
Lessika,F
Lessley,Unisex
Lessli,F
Lesslie,Unisex
Lessly,F
Lesta,F
Lestat,M
Lester,M
Lesther,M
Lestie,F
Lestina,F
Lestine,F
Leston,M
Lesvia,F
Lesya,F
Leszek,M
Leszek-jerzy,M
Let,M
Leta,F
Letah,F
Letaiiya,F
Letaius,M
Letanya,F
Letanyah,F
Letara,F
Letarnya,F
Letarra,F
Letarsha,F
Letasha,F
Letavia,F
Letaya,F
Letayah,F
Letaye,F
Letcher,M
Leteasha,F
Letecia,F
Leteesha,F
Leteicia,M
Leteisha,F
Leteishah,F
Letesche,F
Letesha,F
Leteshia,F
Letetia,F
Letfcia,F
Letha,F
Lethal,M
Lethan,M
Lethaniel,M
Lethe,F
Lethe-Anne,F
Lethea,F
Letheena,F
Lethel,M
Lethell,M
Lethen,M
Lether,F
Lethia,F
Lethie,F
Letho,M
Lethoreo,M
Lethum,M
Lethyn,M
Leti,F
Letia,F
Letiacia,F
Letiah,F
Letica,F
Leticha,F
Leticia,F
Leticija ,F
Letiesha,F
Letila,F
Letina,F
Letisa,F
Letisha,F
Letishia,F
Letisia,F
Letita,F
Letitia,F
Letittia,F
Letizia,F
Letjor,M
Leto,M
Letoiya,F
Letonia,F
Letonya,F
Letoria,F
Letosha,F
Letoya,F
Letrece,F
Letrecia,F
Letrel,M
Letrell,M
Letrelle,M
Letrese,F
Letriana,F
Letrica,F
Letrice,F
Letricia,F
Letrina,F
Letrisha,F
Letroy,M
Letta,F
Letteria,F
Letterio,M
Letteris,M
Lettesha,F
Letti,F
Lettia,F
Lettica,F
Lettice,F
Letticia,F
Lettie,F
Lettisha,F
Lettisia,F
Lettrall,M
Letty,F
Lettye,F
Lettysha,F
Lettysher,F
Letwan,M
Lety,F
Letyah,F
Letycia,F
Letysha,F
Letzy,F
Leuan ,M
Leuca,M
Leucio,M
Leudy,M
Leueen,M
Leul,M
Leule,M
Leum,M
Leuna,F
Leung,Unisex
Leura,F
Leureith,M
Leusa ,F
Leuton,M
Leutrim ,M
Leuven,M
Leuvenia,F
Leuwin,M
Lev,M
Leva,F
Levada,F
Levae,F
Levaeh,F
Levan,M
Levana,F
Levanah,F
Levance,M
Levander,M
Levane,M
Levani,F
Levanna,F
Levant,M
Levante,M
Levanya,F
Levar,M
Levarn,Unisex
Levarr,M
Levata,F
Levater,F
Levaughn,M
Levaun,F
Levayah,F
Levayne,F
Leve,M
Leveah,F
Levearn,F
Leveda,F
Levee,F
Leveena,F
Levell,M
Levella,F
Levelle,M
Leven,M
Levena,F
Levene,F
Levenia,F
Levent,M
Levente,M
Leveon,M
Levera,F
Leverda,F
Levere,M
Leverett,M
Leverette,M
Leveria,F
Levern,Unisex
Leverna,F
Leverne,Unisex
Levert,M
Leverta,F
Levertis,M
Levester,M
Leveta,F
Levetta,F
Levette,F
Levi,M
Levi-cooper,M
Levi-James ,M
Levi-jaxx,M
Levi-Jay ,M
Levi-joelle,M
Levi-John,M
Levi-Nathan,M
Levi-Starr,M
Levi-Wyatt,M
Levia,F
Leviah,F
Levian,Unisex
Leviathan,M
Levici,M
Levicy,F
Levid,M
Levie,Unisex
Levigh,M
Levii,M
Levin,M
Levina,F
Levine,M
Levinia,F
Levio,M
Levion,M
Levis,M
Levit,M
Levita,F
Leviticus,M
Levitt,M
Levity,F
Levius,M
Leviwin,M
Levko,M
Levolia,F
Levon,M
Levona,F
Levonda,F
Levone,Unisex
Levonia,F
Levonna,F
Levonne,F
Levonta,M
Levontae,M
Levonte,M
Levora,F
Levore,M
Levorn,Unisex
Levorne,M
Levoy,M
Levrett,M
Levy,M
Levyn,M
Lew,M
Lewa ,F
Lewaa,M
Lewaeh,M
Lewan ,Unisex
Lewana,F
Lewanda,F
Lewann,F
Lewanna,F
Leward,M
Lewayne,M
Lewe,M
Lewei,M
Lewell,M
Lewella,F
Lewelly,M
Lewellyn,M
Lewelyn,F
Lewend,M
Lewes ,M
Lewey,M
Lewi,M
Lewie,M
Lewin,M
Lewina,F
Lewis,M
Lewis-charles,M
Lewis-James ,M
Lewis-Jay ,M
Lewis-John ,M
Lewis-Lee ,M
Lewise,F
Lewiss ,M
Lewoy,M
Lewrence,M
Lews-Therrin,M
Lewy ,M
Lewyn,M
Lewys ,M
Lex,M
Lex-anthony,M
Lexa,F
Lexah,F
Lexander,M
Lexandra,F
Lexandria,F
Lexandro,M
Lexani,F
Lexanie,F
Lexanii,F
Lexanna,F
Lexanne,F
Lexanni,F
Lexany,F
Lexas,F
Lexcee,F
Lexci,F
Lexcie,F
Lexcy,F
Lexe,F
Lexee,F
Lexei,F
Lexen,M
Lexes,F
Lexey,F
Lexford,M
Lexi,F
Lexi'ann,F
Lexi- ,F
Lexi-Ann ,F
Lexi-Anne ,F
Lexi-Elise ,F
Lexi-Grace ,F
Lexi-J ,F
Lexi-Jade ,F
Lexi-Jae ,F
Lexi-Jai ,F
Lexi-Jane ,F
Lexi-Jay ,F
Lexi-Jayne ,F
Lexi-Jean ,F
Lexi-Jo ,F
Lexi-Lea ,F
Lexi-Lee ,F
Lexi-Lei ,F
Lexi-Leigh ,F
Lexi-Lou ,F
Lexi-Louise ,F
Lexi-Mae ,F
Lexi-Mai ,F
Lexi-Marie ,F
Lexi-May ,F
Lexi-Paige ,F
Lexi-Rae ,F
Lexi-Rose ,F
Lexi-Skye ,F
Lexia,F
Lexiana,F
Lexiann,F
Lexianna,F
Lexic,M
Lexie,F
Lexie- ,F
Lexie-Andrea,F
Lexie-Ann ,F
Lexie-Anne ,F
Lexie-Grace ,F
Lexie-Jade ,F
Lexie-Jane ,F
Lexie-Jay ,F
Lexie-Jayne ,F
Lexie-Jean,F
Lexie-Jo ,F
Lexie-Leigh ,F
Lexie-Lou ,F
Lexie-Louise ,F
Lexie-Mae ,F
Lexie-Mai ,F
Lexie-Marie ,F
Lexie-May ,F
Lexie-Rae ,F
Lexie-Rose ,F
Lexiebelle,F
Lexiee,F
Lexiena,F
Lexii,F
Lexii-Faye,F
Lexii-Mae ,F
Lexii-May ,F
Lexileigh ,F
Lexilynn,F
Lexin,M
Lexina,F
Lexine,F
Lexingten,F
Lexington,Unisex
Lexinton,M
Lexis,F
Lexiss,F
Lexius,F
Lexley,Unisex
Lexly,F
Lexon,M
Lexsea,F
Lexsey,F
Lexsia,F
Lexsie,F
Lexsis,F
Lexson,M
Lexsy,F
Lexsys,F
Lexter,M
Lextin,M
Lexton,M
Lexuan,M
Lexus,F
Lexus-Lee,F
Lexus-Nykole,F
Lexuss,F
Lexx,M
Lexxa,F
Lexxannah,F
Lexxes,F
Lexxi,F
Lexxia,F
Lexxie,F
Lexxin,M
Lexxington,F
Lexxis,F
Lexxon,M
Lexxton,M
Lexxus,F
Lexxy,F
Lexy,F
Lexya,F
Lexyce,F
Lexyee,F
Lexyn,Unisex
Lexynn,F
Lexys,F
Lexzie,F
Lexzis,F
Ley,Unisex
Leya,F
Leyah,F
Leyah-Brook,F
Leyal,F
Leyali,F
Leyam,M
Leyan,F
Leyana,F
Leyane-Kelzy,F
Leyani,F
Leyann,F
Leyanna,F
Leyanne,F
Leyao,M
Leyat,F
Leycester,M
Leyda,F
Leyden,M
Leydi,F
Leydy,F
Leyella,F
Leyenna,F
Leyhton,M
Leyiah,F
Leyion,M
Leyka,F
Leykh,F
Leyla,F
Leyla-Mae ,F
Leyla-May ,F
Leyla-Rose ,F
Leylah,F
Leylan,M
Leyland,M
Leylani,F
Leylanie,F
Leylanni,F
Leylany,F
Leyli,F
Leyman,F
Leyna,F
Leynah,F
Leyneaka,F
Leyni,F
Leyo ,Unisex
Leyon ,M
Leyona,F
Leyonna,F
Leyre,F
Leysan,F
Leysha,F
Leyson,M
Leyten,M
Leythan,M
Leyton,M
Leytraye,M
Leyver,M
Leyvi,M
Leyvon,M
Lez,M
Lez-paul,M
Leza,F
Lezah,F
Lezander,M
Lezane,M
Lezanne,F
Lezek,M
Lezer,M
Lezette,F
Lezlee,F
Lezley,F
Lezli,F
Lezlie,F
Lezly,F
Lezma ,F
Lezza,F
LFa,F
Lfncoln,M
Lg,M
LG-Matthew-Alexander,M
Lhakyi,F
Lhamin,M
Lhana,F
Lhani,F
Lhanya,F
Lhara,F
Lhasa,Unisex
Lhea,F
Lheene,F
Lhiam,M
Lhianne,F
Lhotse,F
Lhynette,F
Li,Unisex
Li-Anne,F
Li-ella,F
Li-hwa,F
Li-Ly,F
Li-sien,F
Li-yan,F
Lia,F
Lia-claire,F
Lia-maria,F
Lia-Marie ,F
Lia-Rain,F
Lia-Rose ,F
Liaane,F
Liaba ,F
Liabah ,F
Liabella,F
Liad,M
Liadan,F
Liadhan,F
Liah,F
Liahm,M
Liahna,F
Liahona,F
Lial,M
Liala,F
Lialah,F
Liam,M
Liam-Erik,M
Liam-James ,M
Liam-Jay ,M
Liam-Junior ,M
Liam-Kalen,M
Liam-Ray,M
Liam-Robert,M
Liam-Roger,M
Liam-Thomas,M
Liam-Tyler,M
Liamalexander,M
Liame,M
Liamgabriel,M
Liamgary,M
Liamjames,M
Liamm,M
Liammatthew,M
Liammichael,M
Lian,Unisex
Liana,F
Liana-jane,F
Liana-kasey,F
Lianabel,F
Lianah,F
Lianca,F
Lianda,F
Liandra,F
Liandro,M
Liane,F
Lianet,F
Lianett,F
Lianette,F
Liang,M
Liangray,M
Liangyi,M
Liani,F
Lianie ,F
Liann,F
Lianna,F
Liannah,F
Lianne,F
Liannette,F
Lianni,F
Liannie,F
Lianny,F
Liano,M
Liany,F
Lianys,F
Liara,F
Liarah,F
Liard,M
Liarna ,F
Liarne,F
Liarys,F
Lias ,M
Liasha,F
Liasia,F
Liat,F
Liata,F
Liav,M
Liba,F
Libaan ,M
Libah ,F
Liban,M
Libbey,F
Libbi,F
Libbie,F
Libbie-Mae ,F
Libby,F
Libby- ,F
Libby-Ann ,F
Libby-Anne ,F
Libby-Grace ,F
Libby-Jane ,F
Libby-Jo ,F
Libby-Leigh ,F
Libby-Louise ,F
Libby-Mae ,F
Libby-Mai ,F
Libby-Marie ,F
Libby-May ,F
Libby-Rae ,F
Libby-Rose ,F
LibeeRose,F
Liben,M
Libera,F
Liberale,M
Liberata,F
Liberato,M
Liberina,F
Liberity,F
Libero,M
Liberta,F
Libertad,F
Libertee,F
Liberti,F
Libertie,F
LibertT,F
Liberty,F
Liberty-Grace ,F
Liberty-Jo,F
Liberty-Mae ,F
Liberty-Rose ,F
Libery,M
Libeth,F
Libi,F
Libia,F
Libin ,Unisex
Libirty,F
Libna,F
Libnan,M
Libni,F
Libny,F
Libon,M
Liboria,F
Liborio,M
Libra,F
Librada,F
Librado,M
Liburn,M
Liby ,F
Libya,F
Lica,F
Licet,F
Licette,F
Lichelle,F
Lichen,F
Lici,F
Licia,F
Licinda,F
Licio,M
Lico,F
Licola,F
Licourgos,M
Liczy,F
Lida,F
Lidah,F
Liddel,M
Liddell,M
Liddia,F
Liddie,F
Liddy,F
Lide,M
Lidea,F
Lidell,M
Lidi,F
Lidia,F
Lidia-ana,F
Lidiana,F
Lidie,F
Lidija,F
Lidio,M
Lidisa,F
Lidiya,F
Lido,M
Lidona,F
Lidong,M
Liduina,F
Liduvina,F
Lidwiena,F
Lidwina,F
Lidy,F
Lidya,F
Lieam,M
Lieba,F
Liebah,F
Lieberson,M
Lieca,F
Liedeke,F
Liedson,M
Liedya,F
Lieesha,F
Lief,M
Lieff,M
Liefja,F
Liegh,M
Liegh-alexander-mark,M
Lieghla,F
Lieghton,M
Lieithe,F
Lieke,F
Liel,Unisex
Liela,F
Lielah,F
Lielle,F
Lielt,F
Liem,M
Liemaa,F
Lien,F
Lien-minh,F
Liena,F
Liene,F
Lienkah,F
Lienna,F
Lienne,F
Liep,M
Liepa ,F
Liera,F
Lieren,F
Lierena,F
Lierin,F
Lierra,F
Lies,F
Liesa,F
Liesbeth,F
Liese,F
Liesel,F
Lieselot,F
Lieselotte,F
Liesha,F
Liesia,F
Liesil,F
Liesje,F
Lieska,F
Liesl,F
Liesll,F
Liessa,F
Lieth,M
Liette,F
Lieu,F
Lieukas,M
Lieuteisha,F
Lieutenant,M
Lieuwe,M
Liev,M
Lieve,F
Liewa,M
Lieza,F
Liezel,F
Liezl,F
Lif,F
Life,Unisex
Lifoutoula,F
Liga,F
Ligaya,F
Lige,M
Ligeia,F
Ligeri,F
Ligeuna,F
Light,Unisex
Lightening,F
Lightning,M
Ligia,F
Ligio,M
Ligita,F
Ligo,M
Liham,M
Lihanna,F
Lihi,F
Lihie-Sara,F
Lihla,F
Lihlah-may,F
Lihnida,F
Liia,F
Liiam,M
Liibaan ,M
Liiban,M
Liidi-ann,F
Liirne-keezzia,F
Liis,F
Liisa,F
Lija,F
Lijah,M
Lijana,F
Lije,M
Liji,F
Lijiana,F
Lik,M
Lik-Hang,M
Like,M
Likesha,F
Likhita,F
Likhitha,F
Likisha,F
Likita,F
Likith,M
Likiya,F
Liko,M
Likourgos,M
Lil,F
Lila,F
Lila-Grace ,F
Lila-lee,F
Lila-Lynn,F
Lila-Mae ,F
Lila-Rose ,F
Lilac,F
Lilagrace,F
Lilah,F
Lilah-Grace ,F
Lilah-joanne,F
Lilah-Mae ,F
Lilah-May ,F
Lilah-Rae ,F
Lilah-Rose ,F
Lilaha,F
Lilaina,F
Lilallel,M
Lilamae,F
Lilan,F
Lilana,F
Lilandra,F
Lilani,F
Lilanne,F
Lilany,F
Lilar,F
Lilarose,F
Lilas,F
Lilav,F
Lilaya,F
Lilayna,F
Lilbern,M
Lilbert,M
Lilborn,M
Lilburn,M
Lile,Unisex
Lilea,F
Lileah,F
Lileana,F
Lileata,F
Lilee,F
Lilee-mae,F
Lileeann,F
Lileen,F
Lileesha,F
Lileigh,F
Lileigh-ann,F
Lileigh-Anne,F
Liler,F
Lilette,F
Liley,F
Lili,F
Lili-ana,F
Lili-Ann ,F
Lili-Claire,F
Lili-Ella ,F
Lili-fotini,F
Lili-Grace ,F
Lili-Haf ,F
Lili-ilona,F
Lili-Mae ,F
Lili-Mai ,F
Lili-May ,F
Lili-Rose ,F
Lili-sandrine,F
Lilia,F
Lilia-Mae ,F
Lilia-Rose ,F
Liliaana,F
Liliah,F
Liliahna,F
Liliam,F
Liliamini,F
Lilian,F
Lilian-Lai,F
Liliana,F
Lilianah,F
Liliane,F
Liliani,F
Liliann,F
Lilianna,F
Liliannah,F
Lilianne,F
Lilianne-zalfa,F
Liliano,F
Liliany,F
Liliarna,F
Lilias,F
Liliath,F
Liliauna,F
Lilibet,F
Lilibeth,F
Lilica,F
Lilicia,F
Lilie,F
Lilie-Mae ,F
Liliee-skye,F
Liliella ,F
Lilien,F
Lilienne,F
Liliha,F
Lilija,F
Lilijana,F
Lilijane,F
Lilijen,F
Lilika,F
Lilike,F
Liliko,F
Lilikoi,F
Lilimae ,F
Lilimai ,F
Lilimay ,F
Lilin,M
Lilina,F
Lilinoe,F
Liliona,F
Lilirose,F
Lilit,F
Lilita,F
Lilith,F
Lilith-elise,F
Lilith-rose,F
Lilium,F
Liliuokalani,F
Liliwen ,F
Liliya,F
Liliyana,F
Liliyanna,F
Lilja,F
Liljana ,F
Lilka,F
Lill,F
Lilla,F
Lillabelle,F
Lillada,F
Lillah,F
Lillain,F
Lillan,F
Lillana,F
Lillani ,F
Lillanie,F
Lillar,F
Lillard,M
Lillawhin,F
Lille,F
Lillea,F
Lilleah,F
Lilleanne,F
Lillee,F
Lillee-anne,F
Lillee-elle,F
Lillee-Mae ,F
Lillee-marie,F
Lilleeana,F
Lilleen,F
Lilleigh,F
Lillemor,F
Lillena,F
Liller,F
Lilleshia,F
Lillette,F
Lilley,F
Lilley-May ,F
Lilley-Rose ,F
Lillfe,F
Lilli,F
Lilli-Ann ,F
Lilli-Anne ,F
Lilli-Ella ,F
Lilli-Grace ,F
Lilli-jae,F
Lilli-Mae ,F
Lilli-Mai ,F
Lilli-May ,F
Lilli-Rae ,F
Lilli-ray,F
Lilli-river,F
Lilli-Rose ,F
Lillia,F
Lilliah,F
Lilliahna,F
Lilliam,F
Lillian,F
Lillian-Ashe,F
Lillian-Rose,F
Lillian-Ruth,F
Lilliana,F
Lilliana-Joy,F
Lilliana-mia,F
Lillianah,F
Lilliane,F
Lilliangrace,F
Lilliani,F
Lilliann,F
Lillianna,F
Lilliannah,F
Lillianne,F
Lillianrose,F
Lilliarah,F
Lilliarna ,F
Lillias,F
Lilliauna,F
Lilliaunna,F
Lillibeth,F
Lillie,F
Lillie- ,F
Lillie-Ann ,F
Lillie-Anna ,F
Lillie-Anne ,F
Lillie-Belle ,F
Lillie-Ella ,F
Lillie-Eve,F
Lillie-Grace ,F
Lillie-jae,F
Lillie-Jai ,F
Lillie-Jane ,F
Lillie-Jayne ,F
Lillie-Jo ,F
Lillie-Louise ,F
Lillie-Mae ,F
Lillie-Mai ,F
Lillie-Marie ,F
Lillie-May ,F
Lillie-Paige ,F
Lillie-Rae ,F
Lillie-Rose ,F
Lillieana,F
Lillieandra,F
Lillieann,F
Lillieanna,F
Lillieanne,F
Lilliebell,F
Lilliella ,F
Lilliemae,F
Lilliemai ,F
Lilliemay ,F
Lillien,F
Lilliene,F
Lillienne,F
Lillii,F
Lillijana,F
Lillijanna,F
Lillimae ,F
Lillimai ,F
Lillimay ,F
Lillion,F
Lilliona,F
Lillionna,F
Lillirose ,F
Lillis,F
Lillith,F
Lillium,F
Lilliyah,F
Lilliyan,F
Lilliyn,F
Lillka,F
Lillouette,F
Lilly,F
Lilly- ,F
Lilly-Ann ,F
Lilly-Anna ,F
Lilly-Anne ,F
Lilly-arna,F
Lilly-Beau ,F
Lilly-Belle ,F
Lilly-beth,F
Lilly-Bow ,F
Lilly-Ella ,F
Lilly-Faye ,F
Lilly-Grace ,F
Lilly-Jade ,F
Lilly-Jane ,F
Lilly-jaye,F
Lilly-Jayne ,F
Lilly-Jean ,F
Lilly-Jo ,F
Lilly-joy,F
Lilly-kate,F
Lilly-Louise ,F
Lilly-Mae ,F
Lilly-Mai ,F
Lilly-Marie ,F
Lilly-May ,F
Lilly-Paige ,F
Lilly-Rae ,F
Lilly-Ray ,F
Lilly-Rose ,F
Lilly-Sue ,F
Lillya,F
Lillyah,F
Lillyahna,F
Lillyan,F
Lillyana,F
Lillyana-faith,F
Lillyanah,F
Lillyann,F
Lillyanna,F
Lillyannah,F
Lillyanne,F
Lillyarna ,F
Lillyauna,F
Lillyaunna,F
Lillybelle,F
Lillybeth,F
Lillye,F
Lillyella ,F
Lillyen,F
Lillyena,F
Lillygrace ,F
Lillyian,F
Lillyin,F
Lillyjo,F
Lillyjo-hanna,F
Lillykate,F
Lillymae,F
Lillymai ,F
Lillymay,F
Lillymay-ann,F
Lillyn,F
Lillynn,F
Lillyona,F
Lillyonna,F
Lillyrose,F
Lillyth,F
Lillyx,F
Lilo,F
Liloa,M
Lilon,F
Lilou,F
Lilowct,M
Liloz,F
Lilton,M
Lilu,F
Liluella,F
Liluka,F
Lilwen ,F
Lily,F
Lily- ,F
Lily-Ann ,F
Lily-Anna ,F
Lily-Anne ,F
Lily-Beau ,F
Lily-Belle ,F
Lily-Beth ,F
Lily-Bo ,F
Lily-ceana,F
Lily-Dawn,F
Lily-dene,F
Lily-elena,F
Lily-Ella ,F
Lily-eun,F
Lily-Eve ,F
Lily-Faith ,F
Lily-Faye ,F
Lily-Gail,F
Lily-Genia,F
Lily-Grace ,F
Lily-Jade ,F
Lily-jae,F
Lily-Jane ,F
Lily-Jay ,F
Lily-Jayne ,F
Lily-Jean ,F
Lily-Jo ,F
Lily-Joy ,F
Lily-Kate ,F
Lily-Lee ,F
Lily-Louise ,F
Lily-Mae ,F
Lily-Mai ,F
Lily-Maria,F
Lily-Marie ,F
Lily-May ,F
Lily-Maye ,F
Lily-ophellia,F
Lily-Paige ,F
Lily-Rae ,F
Lily-Rai ,F
Lily-rain,F
Lily-Raine,F
Lily-Raye,F
Lily-Rose ,F
Lily-Sue ,F
Lily-True,F
Lilya,F
Lilyah,F
Lilyahna,F
Lilyam,F
Lilyan,F
Lilyana,F
Lilyanah,F
Lilyane,F
Lilyani,F
Lilyann,F
Lilyanna,F
Lilyannah,F
Lilyanne,F
Lilyarne,F
Lilyauna,F
Lilyaunna,F
Lilybel,F
Lilybelle,F
Lilybeth,F
Lilyella ,F
Lilyen,F
Lilygrace,F
Lilyia,F
Lilyian,F
Lilyiana,F
Lilyin,F
Lilykate,F
Lilylynn,F
Lilymae,F
Lilymai,F
Lilymarie,F
Lilymay,F
Lilyn,F
Lilynn,F
Lilyona,F
Lilyonna,F
Lilyrae,F
Lilyrose,F
Lilyth,F
Lim,M
Lima,F
Limairy,F
Limaj,M
Limar,F
Limara ,F
Limayri,F
Limba,M
Limheng,M
Liming,F
Limmie,Unisex
Limon,M
Limor,F
Limuel,M
Limunga,F
Lin,Unisex
Lina,F
Lina-marie,F
Lina-Noor,F
Linae,F
Linah,F
Linal,F
Linard,M
Linards ,M
Linas,M
Linay,F
Linaya,F
Linayah,F
Linc,M
Linc-Wen,M
Lincan,M
Lincey,F
Linclon,M
Lincolin,Unisex
Lincoln,M
Lincoln-James ,M
Lincoln-Jay ,M
Lincoln-phoenix,M
Lincon,M
Lincy,F
Lincyn,F
Lind,Unisex
Linda,F
Linda-alida,F
Linda-ana,F
Linda-Ann,F
Linda-anne,F
Linda-danielle,F
Linda-elizabeth,F
Linda-jane,F
Linda-joy,F
Linda-Joyce,F
Linda-kay,F
Linda-Lan,F
Linda-Lee,F
Linda-Mae,F
Linda-mari,F
Linda-marianne,F
Linda-Marie ,F
Linda-mary,F
Linda-thu-huong,F
Lindaa,F
Lindaann,F
Lindah,F
Lindajean,F
Lindajo,F
Lindal,Unisex
Lindale,M
Lindalee,F
Lindall,Unisex
Lindalou,F
Lindalucia,F
Lindamae,F
Lindamaria,F
Lindamarie,F
Lindan,M
Lindas,M
Lindasue,F
Lindasy,F
Linday,F
Lindberg,M
Lindbergh,M
Lindburg,M
Lindburgh,M
Linde,F
Lindee,F
Lindel,M
Lindell,Unisex
Lindella,F
Lindelle,F
Lindelou,F
Lindelwe,F
Linden,Unisex
Linden-Axle,M
Linder,F
Lindey,F
Lindi,F
Lindia,F
Lindie,F
Lindita,F
Lindiwe,F
Lindle,M
Lindley,Unisex
Lindly,F
Lindo,M
Lindokuhle,M
Lindol,M
Lindola,F
Lindon,M
Lindora,F
Lindra,F
Lindros,M
Lindsae,F
Lindsay,F
Lindsay-Ann,F
Lindsay-Anne,F
Lindsay-Dawnn,F
Lindsay-Jai,F
Lindsay-john,M
Lindsay-Leanne,F
Lindsay-Micheall,F
Lindse,F
Lindsea,F
Lindsee,F
Lindser,F
Lindsey,F
Lindsey-Beth,F
Lindsey-Lea,F
Lindsey-lee,F
Lindsey-Rae,F
Lindsey-todd,F
Lindsi,F
Lindsie,F
Lindsley,Unisex
Lindsy,F
Lindula,M
Lindwood,M
Lindy,Unisex
Lindy-ann,F
Lindy-Lee,F
Lindyanne,F
Lindyn,F
Lindzay,M
Lindzee,F
Lindzey,F
Lindzi,F
Lindzie,F
Lindzy,F
Line,F
Linea,F
Lineah,F
Lineesa,F
Lineke,F
Linell,Unisex
Linelle,F
Linen,F
Linesha,F
Linet,F
Lineth,F
Linett,F
Linetta,F
Linette,F
Lineysha ,F
Linfeng,F
Linford,M
Ling,F
Ling-Hui,M
Ling-ling,F
Ling-Phoon,M
Lingam,M
Linge,M
Lingesh,M
Lingfei,M
Lingkhaam,M
Lingleigh,F
Lingo,Unisex
Lingxi,F
Lingxuan,F
Lingyi,F
Linh,Unisex
Linh-An,Unisex
Linh-chi,F
Linh-dan,F
Linh-hoang,F
Linh-kim,F
Linhchi,F
Lini,F
Linie,F
Linija,F
Linikaa,F
Linita,F
Linitha,F
Liniyah,F
Linja,F
Linju-Chan,M
Link,M
Linka,F
Linkan,Unisex
Linken,M
Linkin,M
Linkin-james,M
Linkin-Robert,M
Linknn,M
Linkoln,M
Linkon,M
Linkun,M
Linkyn,Unisex
Linlea,F
Linlee,F
Linleigh,F
Linley,F
Linly,F
Linn,Unisex
Linna,F
Linnae,F
Linnaea,F
Linnah,F
Linnard,M
Linnda,F
Linnden,F
Linne,F
Linnea,F
Linneah,F
Linnell,Unisex
Linnet,F
Linnett,F
Linnetta,F
Linnette,F
Linnie,F
Linnis,M
Linnley,F
Linnsie,F
LinnTa,F
Linny,M
Linnzi,F
Lino,M
Linoel,M
Linon,F
Linora,F
Linoshka,F
Linoy,F
Linray,M
Linsay,F
Linsday,F
Linsdey,F
Linsee,F
Linsey,F
Linshia,F
Linsi,F
Linsie,F
Linsley,M
Linson,M
Linsy,F
Linta,F
Lintha,F
Linton,M
Linu,M
Linuka,M
Linus,M
Linux,M
Linvel,M
Linville,M
Linward,M
Linwood,M
Linx,M
Linxi ,Unisex
Linza,M
Linze,F
Linzee,F
Linzeii,F
Linzell,M
Linzelle,F
Linzey,F
Linzi,F
Linzi-Dawn,F
Linzie,Unisex
Linzy,Unisex
Lio,M
Liodor,M
Liola,F
Lion,M
Liona,F
Lional,M
Lionall,M
Lionardo,M
Lione,F
Lionel,M
Lionela,F
Lionell,M
Lionie,F
Lionna,F
Lionne,F
Lionor,F
Lionso,M
Lior,Unisex
Liora,F
Liore,M
Lioul-Samuel,M
Lip,M
Lip-hourk,M
Lipa,M
Liphelo,M
Lipman,M
Lir ,M
Lira,F
Lira-Lynn,F
Liran,M
Liraz,M
Liria,F
Liridon,M
Liridona,F
Liriel,F
Lirije,F
Lirik,M
Lirim,M
Lirin,M
Lirio,F
Liron,Unisex
Lirvana,F
Liryc,F
Lis,F
Lisa,F
Lisa-Ann,F
Lisa-Anne,F
Lisa-Beth,F
Lisa-caree,F
Lisa-carmel,F
Lisa-clair,F
Lisa-Dawn,F
Lisa-elda,F
Lisa-Ellen,F
Lisa-Helma,F
Lisa-incoronata,F
Lisa-jaine,F
Lisa-Jane,F
Lisa-jayne,F
Lisa-Jean,F
Lisa-jo,Unisex
Lisa-Joy,F
Lisa-joylene,F
Lisa-katharina,F
Lisa-kristin,F
Lisa-maree,F
Lisa-Maria,F
Lisa-Marie ,F
Lisa-may,F
Lisa-mia,F
Lisa-narelle,F
Lisa-ree,F
Lisa-renee,F
Lisa-Ria-Marie,F
Lisa-sheree,F
Lisa-sophie,F
Lisa-Theresa,F
Lisaann,F
Lisaanne,F
Lisabella,F
Lisabeth,F
Lisah,F
Lisajean,F
Lisajo,F
Lisamaree,F
Lisamaria,F
Lisamarie,F
Lisamay,F
Lisan,F
Lisanda,F
Lisander,M
Lisandra,F
Lisandre,F
Lisandro,M
Lisania,F
Lisann,F
Lisanna,F
Lisanne,F
Lisara,F
Lisbed,F
Lisbel,F
Lisbet,F
Lisbeth,F
Lisbett,F
Lisbon,Unisex
Lise,F
Lise-Anne,F
Lise-Marie,F
Liseann,F
Liseanne,F
Lised,F
Lisel,F
Liseli,F
Liselle,F
Liselotte,F
Lisen,F
Lisena,F
Liset,F
Lisete,F
Liseth,F
Lisett,F
Lisetta,F
Lisette,F
Lisette-marie,F
Lish,Unisex
Lisha,F
Lishana ,F
Lishani ,F
Lishelle,F
Lishia,F
Lisi,F
Lisia,F
Lisiate,M
Lisien,F
Lisil,F
Liske,F
Lisl,F
Lisle,M
Lislie,F
Lismari,F
Lismarie,F
Lismary,F
Lison,Unisex
Lissa,F
LissaMarie,F
Lissan,F
Lissandra,F
Lissandro,M
Lissanne,F
Lissbet,F
Lissbeth,F
Lisselle,F
Lisset,F
Lissete,F
Lisseth,F
Lissett,F
Lissette,F
Lissette-Andrea,F
Lissi ,F
Lissia ,F
Lissianna,F
Lissie,F
Lissy,F
Lister,M
Liston,M
Listya,F
Lisvet,F
Lisveth,F
Lisvette,F
Lisza,F
Lita,F
Lital,F
Litania,F
Litany,F
Litasha,F
Litcy,F
Liteasha,F
Liteeana,F
Liteesha,F
Liteisha,F
Lith,F
Litha,F
Lithia,F
Lithika,M
Lithum,M
Lithumi,F
Lithzy,F
Litia,F
Liticia,F
Litisha,F
Litishia,F
Lititia,F
Lito,M
Lito-vangeli,M
Litonia,F
Litonya,F
Litsa,F
Litsi,F
Litsia,F
Litsy,F
Litta,F
Littie,F
Little,Unisex
Littlebear,M
Littleton,M
Littzy,F
Litza,F
Litzi,F
Litzie,F
Litzy,F
Litzzy,F
Liu,Unisex
Liu-zhong,M
Liuba,F
Liubomr,M
Liubou,F
Liucija,F
Liudas,M
Lium,M
Lius,M
Liutauras ,M
Liv,F
Liva,F
Livan,M
Livana,F
Livani,M
Livanmond,M
Livea,F
Liveah,F
Livebirth,M
Livee,F
Lively,F
Liven,F
Liverdy,F
Livette,F
Livi,F
Livi-love,F
Livia,F
Liviah,F
Livian,F
Liviana,F
Livianna,F
Livie,F
Livie-Ann,F
Livier,F
Livija,F
Livingfaith,M
Livingston,M
Livingstone,M
Livinia,F
Livinu,M
Livio,M
Liviu ,M
Liviya,F
Liviyo,F
Livleen ,F
Livtar,M
Livvi ,F
Livvie,F
Livvy,F
Livvy-jaie,F
Livy,F
Livya,F
Livyah,F
Liwaa,M
Liwam,F
Liwia ,F
Liwsi ,F
Lixandro,M
Lixin,M
Lixy,F
Liya,F
Liyaana ,F
Liyaanah ,F
Liyah,F
Liyam,M
Liyan,F
Liyana,F
Liyanage,Unisex
Liyanah,F
Liyanamahadurage,Unisex
Liyanna,F
Liyanne,F
Liyany,F
Liyara ,F
Liyat,F
Liyba ,F
Liybah ,F
Liye,M
Liyjana,F
Liyla,F
Liylah,F
Liyong-Mercy,F
Liyu,F
Liyuemebet,F
Liyufikir,F
Liyuhiwot,F
Liyusaw,M
Liz,F
Liza,F
Liza-ann,F
Liza-beth,F
Liza-Jane,F
Liza-Jo,F
Lizabella,F
Lizabelle,F
Lizabeth,F
Lizah,F
Lizaida,F
Lizamarie,F
Lizanara,F
Lizandra,F
Lizandro,M
Lizania,F
Lizann,F
Lizanne,F
Lizardo,M
Lizbeht,F
Lizbella,F
Lizbet,F
Lizbeth,F
Lizbett,F
Lizbette,F
Lizbhet,F
Lize,F
Lizeht,F
Lizel,F
Lizelle,F
Lizet,F
Lizete,F
Lizeth,F
Lizethe,F
Lizett,F
Lizetta,F
Lizette,F
Lizhen,F
Lizhet,F
Lizie,F
Lizlionne,F
Lizmar,F
Lizmari,F
Lizmarie,F
Lizmary,F
Lizneidy,F
Lizone,M
Lizsandra,F
Lizvet,F
Lizveth,F
Lizvette,F
Lizy,F
Lizz,F
Lizza,F
Lizzbeth,F
Lizzet,F
Lizzete,F
Lizzeth,F
Lizzett,F
Lizzetta,F
Lizzette,F
Lizzi,F
Lizzie,F
Lizzie-may,F
Lizzieann,F
Lizzy,F
Lizzy-rose,F
Lj,M
Ljay,M
Ljiljana,F
Ljuba,F
Ljuban,M
Ljubica,F
Ljubo,M
Ljubomir,M
Lkae,M
Llachlan,M
Lladira,F
Lladney,M
Llainey,F
Llamile,F
Llana,F
Llandel,M
Llaneli,F
Llanet,F
Llani,F
Llanna,F
Llara,F
Llareli,F
Llarely,F
Llasmin,F
Llayla,F
Llayton ,M
Llecenia,F
Lleidan,M
Llejla,F
Llenay,F
Llenifer,F
Llesenia,F
Llesica,F
Lleu ,M
Lleucu ,F
Llevelys,F
Llevelyse,F
Llew ,M
Llew-elwyn,F
Llewela,F
Llewella,F
Llewellyn,M
Llewelyn,M
Llewena,F
Llewis,M
Llewyn,M
Lleyan,F
Lleyton,M
Llia,F
Lliam,M
Llian ,F
Lliana,F
Llifon ,M
Llinda,F
Llinos ,F
Llinos-mair,F
Llio ,F
Llion ,M
Lliwen ,F
Lloana,F
Llogan,Unisex
Llola-Jade,F
Llona,F
Llora,F
Llord-Xedric,M
Llorenda,F
Lloresa,F
Llovani,M
Lloyal,M
Lloyd,M
Lloyd-Albert,M
Lloyd-jay,M
Lloyda,F
Lloyde,M
Lloydene,F
Lloydine,F
Lloydter,M
Lloyed,M
Lloyes,F
Llrae,F
Llubia,F
Lluis,M
Lluliana,F
Llulisa,F
Llusion,F
Lluvia,F
Lluviana,F
Lluvy,F
Llvellys,F
Llwyd ,M
Llyana,F
Llyanna,F
Llyem,M
Llyn,F
Llyod,M
Llyon,M
Llyr ,M
Llyra,F
Llyric,M
Llyssa,F
Llywellyn,M
Llywellynn,M
Llywelyn ,M
Lmar ,F
Lo,Unisex
Lo-Keisha,F
Loa,F
Loa-Kae,F
Loaay,M
Loagan,M
Loagen,Unisex
Loah,Unisex
Loai,M
Loakai,M
Loal,M
Loami,F
Loammi,F
Loan,F
Loana,F
Loane,F
Loang,F
Loanique,M
Loann,F
Loanna,F
Loanne,F
Loany,F
Loara,F
Loarine,F
Loarry,M
Loay,M
Lobbna,F
Loberta,F
Lobjot,M
Lobna,F
Lobow,F
Lobrey,M
Lobsang,M
Loc,M
Loca,F
Locadio,M
Locan,M
Loch,M
Lochan ,M
Loche,M
Locheland,M
Lochelynne,F
Lochi,M
Lochie ,M
Lochiel,M
Lochinvar,M
Lochlain,M
Lochlainn,M
Lochlan,M
Lochland,M
Lochlann,M
Lochlen,M
Lochley,F
Lochlin,M
Lochlon,M
Lochlyn,Unisex
Lochlynn,F
Lochman,M
Lochren,M
Lochryn,M
Lochtan,M
Lochwood,M
Lochyer,M
Lociano,M
Locie,F
Lock,M
Lock-Yin,M
Locke,M
Lockett,M
Lockewood,M
Lockey,M
Lockhart,M
Lockie,F
Locklan,M
Locklen,M
Lockley,M
Locklin,M
Locklyn,F
Locklynn,F
Lockman,M
Locksley,M
Lockwood,M
Locky,M
Loclahne,M
Loclen,M
Loclyn,M
Locrin,M
Locryn ,M
Loda,F
Loddie,Unisex
Lodean,F
Lodell,F
Lodema,F
Loden,M
Lodena,F
Lodewyk,M
Lodia,F
Lodie,F
Lodikun,M
Lodili,M
Lodine,F
Lodis,M
Lodn,F
Lodo,M
Lodovico,M
Lodu,M
Lodune,M
Loe,M
Loe'lla,F
Loean,F
Loeda,F
Loeden,M
Loeen,F
Loegan,M
Loek,M
Loeka,M
Loel,M
Loell,F
Loella,F
Loen ,Unisex
Loena,F
Loene,F
Loenne,F
Loeta,F
Loetta,F
Loette,F
Loeva,F
Loewan,M
Loewe,M
Loewen,Unisex
Loewi,M
Loey,F
Lofo,F
Loften,M
Lofton,M
Lofty,M
Logahn,Unisex
Logain,M
Logan,M
Logan-daxter,M
Logan-Farley,M
Logan-Jack ,M
Logan-Jai ,M
Logan-James ,M
Logan-Jay ,M
Logan-John ,M
Logan-Kai ,M
Logan-Lee ,M
Logan-maree,F
Logan-Reece ,M
Logan-Thomas ,M
Logan-Wesley,M
Logan-William,M
Loganathan,M
Loganjames,M
Logann,F
Loganne,F
Logen,Unisex
Logene,F
Logeshwari,F
Loggan,M
Loghan,Unisex
Loghlan,M
Logic,M
Login,M
Logine,F
Logon,M
Logonyi,M
Logun,M
Logunn,M
Logyan,M
Logyn,Unisex
Logynn,F
Lohan,Unisex
Lohana-shiean,F
Lohgan,Unisex
Lohith,M
Lohla ,F
Lohn,M
Lohnito,M
Lohoma,F
Lohwana,F
Loi,Unisex
Loic,M
Loice,Unisex
Loid,M
Loida,F
Loide,F
Loidelyn,F
Loie,F
Loine,F
Loique,F
Loir,F
Lois,F
Lois-Anne,F
Loisann,F
Loisanne,F
Loise,F
Loisha,F
Loisjean,F
Loismae,F
Loissa,F
Loisteen,F
Loistene,F
Loistine,F
Loiza,Unisex
Loizos,M
Loizou,M
Lojain,F
Lojaine,F
Lojayn,F
Lojen,F
Lojie,M
Lok ,Unisex
Lok-Ke,M
Lok-Yang,M
Loka,F
Lokadia,F
Lokelani,F
Loken,M
Lokere,M
Lokesh,M
Lokhlan,M
Loki,M
Lokklan,M
Loklan,M
Lokman,M
Lokosang,M
Lokula,M
Lokule,M
Loky,M
Lola,F
Lola'mae,F
Lola- ,F
Lola-Ann,F
Lola-Belle ,F
Lola-Brooke ,F
Lola-Elaine,F
Lola-Faith ,F
Lola-Grace ,F
Lola-Jade ,F
Lola-Jai ,F
Lola-Jane ,F
Lola-Jay ,F
Lola-Jayne ,F
Lola-Jean ,F
Lola-Jo ,F
Lola-Leigh ,F
Lola-Louise ,F
Lola-Mae ,F
Lola-Mai ,F
Lola-Marie ,F
Lola-May ,F
Lola-Mia ,F
Lola-Rae ,F
Lola-Rose ,F
Lola-Simone,F
Lola-Sue ,F
Lolabelle,F
Lolade ,F
Lolah,F
Lolamae,F
Lolan,M
Lolana,F
Lolanda,F
Lolani,F
Lolar,F
Lolav,F
Loleatha,F
Loleatta,F
Loleen,F
Loleini,F
Lolene,F
Loleta,F
Loletha,F
Lolethia,F
Loletia,F
Loletta,F
Lolie,F
Lolisa,F
Lolita,F
Lolita-marija,F
Lolitha,F
Lolitta,F
Lolla,F
Lollah,F
Loller,F
Lollie,F
Lollita,F
Lolly,F
Lolo,Unisex
Lolopok,M
Lolwah,F
Loma,F
Loman,M
Lomant,M
Lomar,M
Lomas,M
Lomasi,F
Lomatia,F
Lomax,M
Lomere,M
Lometa,F
Lomh,F
Lomie,F
Lomini,F
Lomo,F
Lomont,M
Lomoso,M
Lomude,M
Lon,M
Lona,F
Lonald,M
Lonan ,M
Lonard,M
Lonas,M
Lonaya,F
Lonc,M
Lonck,M
Londa,F
Londale,M
Londan,F
Londell,M
Londen,Unisex
Londi,F
Londie,F
Londii,F
Londin,F
Londiwe,F
Londo,M
London,Unisex
London-Ella-Marie,F
London-James,M
London-louise,F
London-may,F
London-rose,F
Londonmarie,F
Londonn,F
Londonrose,F
Londra ,F
Londrea,F
Londyn,F
Londynmarie,F
Londynn,F
Londynne,F
Lone,M
Lonel,M
Lonell,M
Lones,M
Lonesha,F
Lonesome,M
Loneta,F
Lonetta,F
Lonette,F
Loney,Unisex
Long,M
Long-Thanh,M
Long-Viet,M
Long-Yin,M
Longar,M
Longding,M
Longin,M
Longina,F
Longino,M
Longyi,F
Loni,F
Loni-Kay,F
Loni-May,F
Lonia,F
Lonie,Unisex
Lonik,M
Lonika,F
Lonis,M
Lonisha,F
Lonita,F
Lonk,M
Lonka,M
Lonn,M
Lonna,F
Lonne,M
Lonnel,M
Lonnell,M
Lonnesha,F
Lonnetta,F
Lonnette,F
Lonney,M
Lonni,F
Lonnia,F
Lonnie,M
Lonniel,M
Lonniesha,F
Lonnigan,M
Lonnisha,F
Lonnita,F
Lonny,M
Lonson,M
Lontayis,M
Lontrell,M
Lonya,F
Lonyea,F
Lonza,M
Lonzel,M
Lonzell,M
Lonzetta,F
Lonzie,M
Lonzo,M
Lonzy,M
Loomis,M
Loon,M
Looney,M
Lootii,F
Lopacinski,F
Lopaka,M
Lopamudra,F
Lopez,M
Lor,M
Lora,F
Lora-Beth,F
Lora-faye,F
Lora-Lae,F
Lora-Leah,F
Lora-Lee,F
Lora-Leigh,F
Lorae,F
Loraelie,F
Lorah,F
Lorai,F
Lorain,Unisex
Loraina,F
Loraine,F
Lorainne,F
Loral,Unisex
Loralai,F
Loralea,F
Loralee,F
Loraleen,F
Loralei,F
Loraleigh,F
Lorali,F
Loralie,F
Loralina,F
Loraly,F
Loralye,F
Loralyn,F
Loralynn,F
Loramae,F
Loramit,M
Loran,Unisex
Lorana,F
Lorance,M
Lorand,M
Loranda,F
Lorane,F
Lorann,F
Loranna,F
Loranna-Lyn,F
Loranne,F
Loranseuos,M
Loranza,M
Loranzo,M
Loras,M
Loray,F
Lorayn,F
Lorayna,F
Lorayne,F
Loraysha-jaine,F
Lorcan,M
Lord,M
Lorde,F
Lordes,F
Lordi,M
Lordina,F
Lordjynn,M
Lordschild,M
Lordwin,M
Lore,F
Lore-Lee,F
Lorea,F
Loreal,F
Lorean,F
Loreana,F
Loreane,F
Loreanne,F
Loreano,M
Loreant,M
Loreatha,F
Lorece,F
Loreda,F
Loredana,F
Loredo,M
Loree,F
Loree-Jon,F
Loreea,F
Loreele,F
Loreen,F
Loreen-Marie,F
Loreena,F
Loreene,F
Loreeta,F
Loreina,F
Loreine,F
Loreita,F
Lorel,F
Lorelai,F
Lorelea,F
Lorelee,F
Lorelei,F
Loreleigh,F
Loreleilynn,F
Lorelena,F
Loreley,F
Loreli,F
Lorelie,F
Lorell,Unisex
Lorella,F
Lorelle,F
Lorellee,F
Lorellis,M
Lorely,F
Lorelyn,F
Loren,Unisex
Lorena,F
Lorenc,M
Lorence,M
Lorencita,F
Lorenda,F
Lorendal,F
Lorene,F
Lorenia,F
Lorenn,F
Lorenna,F
Lorenne,F
Lorensa,F
Lorenso,M
Lorent ,M
Lorentz,M
Lorenz,M
Lorenz-Marco,M
Lorenza,Unisex
Lorenze,M
Lorenzia,M
Lorenzo,M
Lorenzo-Priestley,M
Lores,F
Loresa,F
Lorese,F
Loressa,F
Loreta,F
Loreta-alma,F
Loretana,F
Loretha,F
Loreto,M
Lorett,F
Loretta,F
Loretta-anne,F
Loretta-cheryl,F
Lorette,F
Loretto,F
Lorey,F
Loreyn,F
Loreyna,F
Lorez,F
Lorgiely,F
Lori,F
Lori-amelia,F
Lori-Ann,F
Lori-Anne,F
Lori-Jeanne,F
Lori-Lee,F
Lori-Lei,F
Lori-Lynn,F
Lori-Mae,F
Loria,F
Loriah,F
Lorian,F
Loriana,F
Loriane,F
Loriani,F
Loriann,F
Lorianna,F
Lorianne,F
Lorianne-Patience,F
Loribeth,F
Lorica,F
Lorice,F
Lorida,F
Loridana,F
Loridonna,F
Lorie,F
Lorieann,F
Loriece,F
Loriel,F
Loriell,F
Lorielle,F
Lorien,F
Loriena,F
Loriene,F
Lorii,F
Lorijane,F
Lorijean,F
Lorijo,F
Lorik,M
Lorika,F
Loril,F
Lorilai,F
Lorilea,F
Lorilee,F
Lorilei,F
Lorileigh,F
Lorilie,F
Lorilyn,F
Lorilynn,F
Lorimar,F
Lorimer,M
Lorin,Unisex
Lorina,F
Lorinda,F
Lorine,F
Loring,M
Lorinna-Dee,F
Lorinne,F
Lorinza,M
Lorinzo,M
Loris,Unisex
Lorisa,F
Lorise,F
Lorisha,F
Lorisia,F
Lorissa,F
Lorisse,F
Lorita,F
Loritta,F
Loriyah,F
Loriza,F
Lorjuri,M
Lorlei,F
Lorlene,F
Lorlita,F
Lorlornyo,F
Lorma,F
Lorman,M
Lorn,M
Lorna,F
Lorna-Jean ,F
Lorna-Lee,F
Lorna-Lori,F
Lornagh,F
Lornal,F
Lornalee,F
Lorne,M
Lornell,M
Lorner,F
Lornie,M
Lornze,M
Loron,M
Loronda,F
Loronzo,M
Lorr,F
Lorra,F
Lorrae,F
Lorrain,F
Lorraina,F
Lorraine,F
Lorraine-ann,F
Lorraine-marie,F
Lorraineshaine,F
Lorrainne,F
Lorraiya,F
Lorran,M
Lorrane,F
Lorrarine,F
Lorraye,F
Lorrayne,F
Lorre,F
Lorrea,F
Lorree,F
Lorreen,F
Lorrel,F
Lorrell,F
Lorrelle ,F
Lorren,Unisex
Lorrena,F
Lorrenda,F
Lorrene,F
Lorrenzo,M
Lorreta,F
Lorretta,F
Lorrette,F
Lorreyn,F
Lorri,F
Lorri-Ann,F
Lorri-Anne,F
Lorria,F
Lorrian,F
Lorriane,F
Lorriann,F
Lorrianne,F
Lorrice,F
Lorrie,F
Lorrie-Anne,F
Lorrieann,F
Lorriely,F
Lorrilea,F
Lorrin,Unisex
Lorrina,F
Lorrinda,F
Lorrine,F
Lorris,M
Lorrisa,F
Lorrisha,F
Lorrissa,F
Lorrita,F
Lorry,Unisex
Lorryn,F
Lorßnd,M
Lory,Unisex
Loryanna,F
Loryce,F
Loryle,F
Loryn,F
Lorynn,F
Loryssa,F
Losa,F
Losana,F
Loshan,M
Losine,M
Losondra,F
Lossie,F
Lot,M
Lota,F
Lotanna,Unisex
Lotasha,F
Lotaya,F
Lotella,F
Lotfallha,M
Lotfi ,M
Loth,M
Lotha,F
Lothar,M
Lothario,M
Lothrop,M
Loti ,F
Lotis,Unisex
Lotoiya,F
Lotonya,F
Lotosha,F
Lotoya,F
Lott,M
Lotta,F
Lotte,F
Lotti,F
Lottie,F
Lottie-Belle ,F
Lottie-Grace ,F
Lottie-Jo,F
Lottie-Lou ,F
Lottie-Mae ,F
Lottie-Mai ,F
Lottie-Marie ,F
Lottie-May ,F
Lottie-Rae ,F
Lottie-Rose ,F
Lotty,F
Lottye,F
Lotus,F
Lou,F
Lou'ca,M
Lou-Ann,F
Lou-Anna ,F
Lou-Anne,F
Lou-arna,F
Lou-juan,M
Lou-Lou ,F
Louah,M
Louai,M
Louaie,M
Louaie-Tyler,M
Louaine,F
Louan,F
Louana,F
Louane,F
Louann,F
Louanna,F
Louanne,F
Louard,M
Louarna,F
Louay,M
Loubelle,F
Louberta,F
Loubertha,F
Louca ,M
Loucas,M
Loucia,F
Loucile,F
Loucille,F
Loucinda,F
Loucius,M
Loudean,F
Loudell,F
Loudella,F
Louden,M
Loudes,F
Loudia,F
Loudon,M
Loudonya,F
Louee ,M
Loueen,F
Loueene,F
Louein,F
Louela,F
Louell,F
Louella,F
Louelle,F
Louellen,F
Louen ,M
Louene,F
Louenna,F
Louese,F
Louetta,F
Louette,F
Loueva,F
Louey ,M
Loueye,M
Lougene,Unisex
Lougenia,F
Lougheed,M
Loughlan,M
LoughLann,M
Loughlin ,M
Loui,M
Louia,M
Louida,F
Louie,M
Louie-George ,M
Louie-Izhrael,M
Louie-James ,M
Louie-Jay ,M
Louie-John ,M
Louies,F
Louiese,F
Louii,M
Louik,M
Louillan,F
Louin,M
Louina,F
Louine,F
Louis,M
Louis-Alexandre,M
Louis-Andrae,M
Louis-Andre,M
Louis-Charles,M
Louis-David,M
Louis-FTlix,M
Louis-Gabriel,M
Louis-James ,M
Louis-kane,M
Louis-Kyle,M
Louis-Lee,M
Louis-Michel,M
Louis-Nicholas,M
Louis-Olivier,M
Louis-Pascal,M
Louis-Philippe,M
Louis-Thierry,M
Louisa,F
Louisa-ann,F
Louisa-jane,F
Louisa-Mae ,F
Louisa-May ,F
Louisa-Nora-Ivette,F
Louisa-Rose ,F
Louisalynn,F
Louise,F
Louise-Ann,F
Louise-Marie,F
Louise-Monique,F
Louise-rachele,F
Louise-Victoria,F
Louisea,F
Louiseana,F
Louiseann,F
Louisette,F
Louisha ,F
Louishia,F
Louisia,F
Louisiana,F
Louisiette,F
Louissa,F
Louisse,F
Louix ,M
Louiza,F
Louize,Unisex
Loujain ,F
Loujaina,F
Loujean,F
Louka,M
Loukas,M
Loukia ,F
Loukisha,F
Loukka,M
Loukya,F
Loul,M
Loula,F
Loulia ,F
Loulla,F
Loulou ,F
Louloutha,F
Loulu,F
Louma,F
Louna,F
Lounell,F
Lounette,F
Loung,M
Lounis,M
Louonzo,M
Loura,F
Louradrzej,M
Louraine,F
Loural,F
Lourd,F
Lourda,F
Lourdes,F
Lourdez,F
Lourdine,F
Louredes,F
Louree,F
Loureen,F
Louren,F
Lourena,F
Lourence,M
Lourenco ,M
Lourene,F
Lourens ,M
Louretha,F
Louretta,F
Lourg,M
Louri,F
Louria,F
Lourie,F
Lourik,M
Lourinda,F
Lourine,F
Lourita,F
Lourlye,F
Lournay,F
Lourne,M
Lourvene,F
Lourwin,M
Lourwyn,F
Loury,M
Lousa,F
Lousha ,F
Loushin,F
Loushius,M
Loushus,M
Lousia,F
Lousie,F
Louszanna,F
Loutfallah,M
Loutricia,F
Louva,F
Louvada,F
Louvaine,F
Louvella,F
Louvena,F
Louvene,F
Louvenia,F
Louvina,F
Louvine,F
Louvinia,F
Louvonia,F
Louwana,F
Louwanna,F
Louzan,F
Louzann,F
Lova,F
Lovada,F
Lovaiah,F
Lovaie,F
Loval,M
Lovana,F
Lovanda,F
Lovani,F
Lovann,F
Love,Unisex
Love-Christa,F
Love-Lyn,F
Lovea,F
Loveah,F
Loveaha,F
Loveal,F
Loveaya,F
Loveda,F
Loveday ,F
Lovedeep,Unisex
Loveeka,F
Loveen,F
Lovejeet,M
Lovejot,Unisex
Lovel,M
Lovelace,M
Lovelee,F
Loveleen,F
Lovelene,F
Loveless,M
Loveley,F
Lovelia,F
Lovelin,F
Lovell,Unisex
Lovella,F
Lovelle,Unisex
Lovely,F
Lovelyn,F
Lovelynn,F
Lovemeet,M
Lovemore,M
Lovena,F
Lovene,F
Loveneet,Unisex
Loveness,F
Lovenia,F
Lovenoor,M
Lovepreet,Unisex
Lovera,F
Lovern,Unisex
Loverne,Unisex
Loveson,M
Lovesta,F
Lovet,F
Loveta,F
Lovett,M
Lovetta,F
Lovette,F
Loveveer,M
Lovey,F
Loveya,F
Loveynia,F
Lovi,F
Lovia,F
Lovic,M
Lovice,F
Lovick,M
Lovie,F
Lovietta,F
Lovilla,F
Lovina,F
Lovine,F
Lovinia,F
Lovis,Unisex
Lovisa,F
Lovise,F
Lovita,F
Lovjyot,M
Lovleen,F
Lovlin,F
Lovljot,M
Lovneet,M
Lovona-Lee,F
Lovonda,F
Lovondre,M
Lovonia,F
Lovonne,F
Lovpreet,F
Lovre,M
Lovroop,F
LovT,F
Lovtrell,M
Lovuyo,M
Low,M
Lowan ,Unisex
Lowana,F
Lowanda,F
Lowanna,F
Lowaye,M
Lowayne,F
Lowdon,M
Lowe,Unisex
Lowel,M
Lowell,M
Lowella,F
Lowen,Unisex
Lowena ,F
Lowene,F
Lowenek,F
Lowenna ,F
Lowery,M
Loweta,F
Lowi,M
Lowis,M
Lowitja,F
Lowleen,F
Lowman,M
Lowrence,M
Lowrey,M
Lowri ,F
Lowriance,F
Lowrie,Unisex
Lowrine,F
Lowry,M
Lowve,M
Lowyn,M
Loxi,F
Loxie,F
Loxley,Unisex
Loxliegh,F
Loxly,F
Loxton,M
Loxy ,F
Loy,Unisex
Loya,F
Loyaan,M
Loyal,M
Loyalie,F
Loyall,M
Loyaltee,F
Loyalti,F
Loyalty,Unisex
Loyan,M
Loyce,Unisex
Loycie,F
Loyd,M
Loyda,F
Loyde,M
Loydene,F
Loye,Unisex
Loyed,M
Loyette,F
Loyle,M
Loyola,F
Loyoung,M
Loys,Unisex
Loyse,F
Loza,F
Lozell,M
Lozelle,F
Lozen,F
Lrey,M
Lßleh,F
Lssunder,M
Lszybelle,F
LTa,F
LTa-Emmanuelle,F
LTanne,F
Ltanya,F
LTda,F
LTla,F
LTna,F
LTnla,F
LTo,M
LTon,M
LTona,F
LTonard,M
LTonidas,M
LTonie,F
Ltonya,F
LTopold,M
Ltoya,F
LTsanne,F
LTtrell,M
Lu,F
Lu Ann,F
Lu'Ay ,M
Lu-Ann,F
Lu-Anne,F
Lu-han,M
Lu-lu,F
Lu-nguyen,M
Lua,F
Luada,F
Luah,F
Luahn,F
Luai,M
Luak,M
Luakkuoth,M
Lual,M
Luam,F
Luan,Unisex
Luana,F
Luana-monique,F
Luanda,F
Luane,F
Luang,M
Luania,F
Luann,F
Luanna,F
Luanne,F
Luansian,F
Luar,M
Luara,F
Luarna,F
Luat,Unisex
Luauna,F
Luay,M
Luba,F
Lubaabah ,F
Lubaba ,F
Lubabah ,F
Lubaid,M
Lubak,M
Lubaynah,F
Lubbertus,M
Lubby,M
Lubelihle ,F
Lubell,F
Luberdie,F
Lubert,M
Luberta,F
Lubertha,F
Lubie,Unisex
Lubin,M
Lubina,F
Lubitsa,F
Lubka,F
Lubna,F
Lubnaa ,F
Lubo,M
Lubomir ,M
Lubomira,F
Lubomyr,M
Lubomyra,F
Lubos ,M
Lubov,F
Lubove,F
Luby,Unisex
Luc,M
Luca,M
Luca-Antonio,M
Luca-James ,M
Luca-Jay ,M
Luca-Marco,M
Luca-rose,F
Lucaa,M
Lucaas,M
Lucabella,F
Lucabelle,F
Lucafer,M
Lucah,M
Lucais,M
Lucan,M
Lucano,M
Lucanus,M
Lucas,M
Lucas-Braie,M
Lucas-hendricus,M
Lucas-Jack ,M
Lucas-James ,M
Lucas-Jay ,M
Lucas-John ,M
Lucas-johnathon,M
Lucas-Kai ,M
Lucas-Lee ,M
Lucas-Scott ,M
Lucasia,F
Lucasz,M
Lucaus,M
Lucca,Unisex
Luccah,Unisex
Luccandra,F
Luccas,M
Lucchese,F
Lucci,F
Luccia,F
Lucciana,F
Lucciano,M
Luce,F
Lucea,F
Luceal,F
Lucean,M
Luceasha,F
Lucecita,F
Lucee,F
Luceil,F
Luceile,F
Luceilia,F
Luceille,F
Lucele,F
Lucelenia,F
Luceli,F
Lucelia,F
Lucell,F
Lucella,F
Lucelle,F
Lucely,F
Lucena,F
Lucenda,F
Lucendia,F
Lucene,F
Lucenia,F
Luceo,M
Lucerito,F
Lucero,F
Lucertia,F
Lucesita,F
Lucetta,F
Lucette,F
Lucey,F
Lucfa,F
Lucha,F
Luchana,F
Luchanna,F
Luchia,F
Luchiana,F
Luchiano,M
Luchina,F
Luchious,M
Luci,F
Luci-Ann,F
Luci-anne,F
Luci-Jo ,F
Lucia,F
Lucia De Fatima,F
Lucia-alexia,F
Lucia-catharina,F
Lucia-Rose ,F
Lucia-stellina,F
Lucian,M
Lucian-bailey,M
Luciana,F
Luciana-angela,F
Luciann,F
Lucianna,F
Lucianne,F
Luciano,M
Lucias,M
Lucid,M
Lucida,F
Lucie,F
Lucie-Ann ,F
Lucie-anna,F
Lucie-Anne ,F
Lucie-Claude,F
Lucie-Jo ,F
Lucie-Lou ,F
Lucie-Mae ,F
Lucie-Mai ,F
Lucie-May ,F
Lucie-Reine,F
Lucie-Rose ,F
Lucieanna,F
Luciel,F
Luciele,F
Luciell,F
Luciella,F
Lucielle,F
Lucien,M
Luciena,F
Lucienna,F
Lucienne,F
Lucieta,F
Lucifah,M
Lucifer,M
Luciferian,M
Luciia,F
Lucija,F
Lucil,F
Lucila,F
Lucile,F
Lucilia,F
Lucill,F
Lucilla,F
Lucille,F
Lucille-rose,F
Lucillestar,F
Lucillia,F
Lucillie,F
Lucina,F
Lucinda,F
Lucinda-anne,F
Lucinda-jayne,F
Lucindia,F
Lucindy,F
Lucine,F
Lucinia,F
Lucino,M
Lucio,M
Lucion,M
Luciono,M
Lucious,M
Lucipher,M
Lucis,M
Lucita,F
Lucius,M
Lucius-Reign,M
Lucja,F
Lucjan ,M
Luck,M
Luckas,M
Lucke,M
Luckey,M
Luckie,Unisex
Luckis,M
Lucky,Unisex
Lucman,M
Lucos,M
Lucrecia,F
Lucreecia,F
Lucresha,F
Lucreshia,F
Lucresia,F
Lucreta,F
Lucretia,F
Lucrezia,F
Lucricia,F
Lucritia,F
Lucuis,M
Lucus,M
Lucy,F
Lucy- ,F
Lucy-Ann ,F
Lucy-ann-marie,F
Lucy-Anna ,F
Lucy-Anne ,F
Lucy-bella,F
Lucy-bluebell,F
Lucy-Ellen ,F
Lucy-Jane ,F
Lucy-Jayne ,F
Lucy-jean,F
Lucy-Jo ,F
Lucy-kate,F
Lucy-Leigh ,F
Lucy-Lou ,F
Lucy-Louise ,F
Lucy-Mae ,F
Lucy-Mai ,F
Lucy-Marie ,F
Lucy-May ,F
Lucy-Rae,F
Lucy-Rose ,F
Lucy-Sophia,F
Lucya,F
Lucyana,F
Lucyann,F
Lucyanna,F
Lucyanne ,F
Lucye,F
Lucyia,F
Lucyle,F
Lucylle,F
Lucymae,F
Lucymarie,F
Lucyna,F
Lucynda,F
Lucynta,F
Lucyrose,F
Luczy,F
Luda,F
Luddie,Unisex
Luddy,M
Ludean,F
Ludell,F
Ludella,F
Ludelle,F
Luden,F
Ludene,F
Ludger,M
Ludia,F
Ludie,F
Ludij,F
Ludine,F
Ludivina,F
Ludkarda,F
Ludlow,M
Ludmela,F
Ludmila,F
Ludmilla,F
Ludmyla,F
Ludo ,M
Ludora,F
Ludovic,M
Ludovica,F
Ludovico ,M
Ludovicus,M
Ludovik,M
Luduina,F
Ludvig,M
Ludvik,M
Ludvina,F
Ludwell,M
Ludwich,M
Ludwig,M
Ludwik,M
Ludwika,F
Ludwin,M
Ludwina,F
Ludwing,M
Ludy,F
Lue,F
Lue-Shunn,F
Lueann,F
Luease,F
Lueberta,F
Luebertha,F
Lueca,F
Luecile,F
Luecille,F
Luecinda,F
Luedella,F
Luedora,F
Lueella,F
Luegene,Unisex
Luegenia,F
Lueija,F
Luel,M
Luela,F
Luell,F
Luella,F
Luella-Lee,F
Luella-nadia,F
Luella-sama,F
Luellan,M
Luellar,F
Luelle,F
Luellen,F
Lueller,F
Luen ,Unisex
Luena,F
Luereatha,F
Luerene,F
Lueretha,F
Luese,F
Lueseal,F
Lueth,Unisex
Luethel,F
Luetricia,F
Luetta,F
Lueva,F
Luevenia,F
Luevertha,F
Luevina,F
Luevinia,F
Luey ,M
Luffman,M
Lugarda,F
Lugardita,F
Lugene,Unisex
Lugenia,F
Lugereke,F
Lughaidh,M
Lughan ,M
Lugia,F
Lugina,F
Lugman,M
Lugus,M
Luhan,M
Luhao,F
Lui,M
Luian,M
Luicana,F
Luiciano,M
Luicinda,F
Luida,F
Luie,M
Luig,M
Luigena,M
Luigene,M
Luiggi,M
Luiggino,M
Luigi,M
Luigi-gaetano,M
Luigi-marco,M
Luigi-mario,M
Luigi-saverio,M
Luigia,F
Luigina,F
Luigina-maria,F
Luigino,M
Luigio,M
Luigj,M
Luigy,M
Luiline,F
Luina,F
Luirino,M
Luis,M
Luis-Angelo,M
Luis-Antonio,M
Luis-miguel,M
Luis-Paul,M
Luisa,F
Luisa-joyce,F
Luisa-Leiwah,F
Luisa-maria,F
Luisa-marie,F
Luisacarolina,F
Luisafernanda,F
Luisalberto,M
Luisalejandro,M
Luisalfredo,M
Luisana,F
Luisandres,M
Luisandro,M
Luisangel,M
Luisanna,F
Luisantonio,M
Luisarmando,M
Luiscarlos,M
Luiscious,M
Luisdaniel,M
Luisdavid,M
Luisdiego,M
Luise,F
Luise-jane,F
Luiseduardo,M
Luisenrique,M
Luisfelipe,M
Luisfernando,M
Luisgabriel,M
Luisgerardo,M
Luisgustavo,M
Luisiana,F
Luisina,F
Luisita,F
Luisito,M
Luisjavier,M
Luisjose,M
Luismanuel,M
Luismario,M
Luismiguel,M
Luispablo,M
Luive,M
Luiz,M
Luiza,F
Luizah,F
Luize ,F
Luja,F
Lujack,M
Lujain,F
Lujaine ,F
Lujan,F
Lujane,F
Lujayn,F
Lujean,F
Lujian,F
Lujuan,F
Lujuana,F
Lujza,F
Luk,M
Luka,M
Luka'S,M
Lukaa,F
Lukacs,M
Lukah,M
Lukahs,M
Lukan,M
Lukas,M
Lukas-John,M
Lukas-Ryan,M
Lukash ,M
Lukass,M
Lukasz,M
Lukaus,M
Lukaya,F
Lukaz,M
Luke,M
Luke-andrew,M
Luke-antonio,M
Luke-eduard,M
Luke-harry,M
Luke-James ,M
Luke-Jeff,M
Luke-john,M
Luke-Junior ,M
Luke-matthew,M
Lukeanthony,M
LukeChai,M
Lukeken,M
Lukelle,F
Lukeman,M
Luken,M
Lukeous,M
Lukes,M
Lukesh,M
Lukesha,F
Lukeshia,F
Lukeus,M
Lukey,M
Lukeya,F
Lukha,M
Lukhas,M
Lukhdeep,F
Lukhwinder,M
Luki,M
Lukia,F
Lukian,M
Lukias,M
Lukijan,M
Lukin,M
Lukis,M
Lukisha,F
Lukiss,M
Lukka,M
Lukkas,M
Lukmaan ,M
Lukman,M
Lukman-Ahmed-Khan,M
Lukne ,F
Luko,M
Lukrecia ,F
Lukrecija ,F
Luksh,M
Lukshani,F
Lukßs,M
Lukuach,M
Lukus,M
Luky,M
Lukyan,M
Lukyn,M
Lukys,M
Lukyse,M
Lul,F
Lula,F
Lula-Belle ,F
Lulabell,F
Lulabelle,F
Lulah,F
Lulamae,F
Lulani,F
Lular,F
Lulea,F
Luler,F
Luley,F
Lulia,F
Lulie,F
Lulit,F
Luliyat,F
Luljela-nerxhovane,F
Lulla,F
Lullah ,F
Lulov,F
Lulu,F
Lulu-Marie,F
Lulua,F
Lulubell,F
Lulubelle,F
LuLwa,F
Luly,F
Lulya,F
Lulyana ,F
Lum,M
Luma,F
Lumai,F
Luman,M
Lumas,M
Lumen,F
Lumeshia,F
Lumi,F
Lumin,F
Lumina,F
Lumir,M
Lumiya,F
Lummie,Unisex
Lumumba,M
Lumya,F
Lun,F
Luna,F
Luna-Francesca,F
Luna-Mae ,F
Luna-Mai ,F
Luna-May ,F
Luna-pearl,F
Luna-Rae ,F
Luna-Rose ,F
Luna-Sofia,F
Lunabella,F
Lunabelle,F
Lunah,F
Lunamarie,F
Lunar ,Unisex
Lunara,F
Lunarae,F
Lunasha ,F
Lunati,F
Lunay,F
Lund,M
Lunda,F
Lundee,M
Lunden,Unisex
Lundenne,F
Lundie,F
Lundin,F
Lundon,Unisex
Lundy,M
Lundyn,F
Lundynn,F
Luned ,F
Lunell,F
Lunelle,F
Lunetta,F
Lunette,F
Lung,M
Lunie,F
Luniva,F
Lunna,F
Lunnie,Unisex
Lunsford,M
Luo ,F
Luol,M
Luola,F
Luomila,F
Luong,M
Luoying,F
Lupe,Unisex
Lupie,F
Lupita,F
Lupus-noctis,M
Luqa ,M
Luqah,M
Luqmaan,M
Luqman,M
Luque,M
Luquman,M
Lura,F
Lurae,F
Lurah,F
Luraine,F
Lural,M
Luralene,F
Lurana,F
Luray,F
Lurch,M
Lurdes,F
Lurean,F
Lureatha,F
Luree,F
Lureen,F
Lureet,F
Lureie,F
Lurel,F
Luren,Unisex
Lurena,F
Lurenda,F
Lurene,F
Lureta,F
Luretha,F
Luretta,F
Luria,F
Lurian,M
Lurie,Unisex
Lurinda,F
Lurine,F
Lurissa,F
Lurla,F
Lurlean,F
Lurlee,F
Lurleen,F
Lurlene,F
Lurley,F
Lurlie,F
Lurline,F
Lurlyne,F
Lurrens,M
Lurrina,F
Lurton,M
Lurwo-Charles,M
Lus,F
Lusa,F
Lusala,M
Lusan,Unisex
Lusana,F
Lusannah,F
Luscha,F
Luscious,F
Luseane,F
Luserito,F
Lusero,F
Lusetta,F
Lush,M
Lusha,F
Lushana,F
Lushawn,F
Lushonda,F
Lushus,F
Lusi,F
Lusia,F
Lusiana,F
Lusiano,M
Lusien,M
Lusila,F
Lusine,F
Lusio,M
Lusion,F
Lusitana,F
Lusiyana,F
Luster,M
Lusvin,M
Luta,F
Lutalo,M
Lutana,Unisex
Lute,M
Lutealia,F
Lutece,F
Luteilia,F
Lutfi ,M
Lutfia,F
Lutfiya ,F
Lutfiyah ,F
Lutha,F
Luthando ,Unisex
Luther,M
Luthera,F
Luthfia,F
Luthien,F
Luthor,M
Luthur,M
Luticia,F
Lutie,F
Lutina,F
Lutisha,F
Lutishia,F
Lutitia,F
Lutoya,F
Lutphy,M
Lutrecia,F
Lutrell,Unisex
Lutrelle,F
Lutrica,F
Lutricia,F
Lutske,F
Luttie,F
Lutz,M
Lutzia,F
Luu,M
Luuca,M
Luuk ,M
Luuka,M
Luukas,M
Luul,F
Luv,Unisex
Luva,F
Luvada,F
LuvAnna,F
Luvantae,M
Luveah,F
Luvell,M
Luvella,F
Luvena,F
Luvender,M
Luvenia,F
Luvera,F
Luvern,Unisex
Luverna,F
Luverne,Unisex
Luvert,M
Luverta,F
Luvia,F
Luviana,F
Luvina,F
Luvine,F
Luvinia,F
Luvneer,F
Luvnit,M
Luvonia,F
Luvonne,F
Luvraj,M
Luvv,F
Luwam,F
Luwana,F
Luwanda,F
Luwanna,F
Luwen,M
Lux,Unisex
Luxa,F
Luxanna,F
Luxcen,M
Luxcie,F
Luxe,F
Luxi,F
Luxie,F
Luxin,F
Luxman,M
Luxmi ,F
Luxmore,M
Luxmy,F
Luxshiya,F
Luxton,Unisex
Luxtyn,F
Luxx,F
Luxxin,F
Luxy,F
Luya,F
Luyakha,M
Luyanda ,Unisex
Luyando,F
Luyanna,F
Luyen,Unisex
Luyu,F
Luz,F
Luzcfan,M
Luzclarita,F
Luzdari,F
Luzdary,F
Luzelena,F
Luzell,Unisex
Luzelle,F
Luzenia,F
Luzer,M
Luzero,F
Luzetta,F
Luzette,F
Luzia,F
Luziana,F
Luziano,M
Luzma,F
Luzmaria,F
Luzmarie,F
Luzmary,F
Luzmila,F
Luzula,F
Luzviminda,F
Lwal,M
Lwam,Unisex
Lwandile,M
Lwandiswa,M
Lwandle ,F
Lwinter,M
Lwren,F
Lwsi ,F
Ly,Unisex
Ly-lan,F
Ly-ly,F
Ly-Mai,F
Lya,F
Lyaal,M
Lyah,F
Lyal,M
Lyala,F
Lyall,M
Lyam,M
Lyan,Unisex
Lyana,F
Lyanah,F
Lyandra,F
Lyane,F
Lyani,F
Lyanie,F
Lyann,F
Lyanna,F
Lyannah,F
Lyanne,F
Lyanni,F
Lyas ,M
Lyasia,F
Lyathan,M
Lyatia,F
Lyatte,Unisex
Lyba,F
Lybah ,F
Lyben,M
Lyberti,F
Lybertie,F
Lyberty,F
Lybi,F
Lycan,M
Lyccah,F
Lychelle,F
Lycia,F
Lycidas,M
Lycinda,F
Lyckan,M
Lycrecia,F
Lycurgus,M
Lyda,F
Lydale,M
Lydan,M
Lyddia,F
Lyde,F
Lydea,F
Lydeen,F
Lydel,F
Lydell,M
Lyden,M
Lydi,F
Lydia,F
Lydia-Aline,F
Lydia-Ann,F
Lydia-Damaris,F
Lydia-danuta,F
Lydia-Gebremdhin,F
Lydia-Grace ,F
Lydia-Jayde,F
Lydia-Jo,F
Lydia-Mae ,F
Lydia-May ,F
Lydia-Naomi,F
Lydia-Rose ,F
Lydiah,F
Lydian,F
Lydiana,F
Lydiann,F
Lydianna,F
Lydianne,F
Lydie,F
Lydie-anne,F
Lydin,F
Lydmila,F
Lydon,M
Lydwina,F
Lydya,F
Lydyah,F
Lyeal,F
Lyeanna,F
Lyeishah,F
Lyel,M
Lyela,F
Lyelah,F
Lyell,M
Lyem,M
Lyen,Unisex
Lyes ,M
Lyeton,M
Lyette,F
Lyfe,Unisex
Lygia,F
Lyhla,F
Lyia,F
Lyiah,F
Lyiam,M
Lyila,F
Lying,F
Lyjah,M
Lyjames,M
Lyjones,M
Lyka,F
Lykeisha,F
Lykera,F
Lykon,M
Lyla,F
Lyla-Grace ,F
Lyla-Jean,F
Lyla-joy,F
Lyla-Mae ,F
Lyla-Mai ,F
Lyla-maree,F
Lyla-Marie,F
Lyla-May ,F
Lyla-Rae ,F
Lyla-Rose ,F
Lylah,F
Lylah-Faye,F
Lylah-jean,F
Lylah-may,F
Lylah-Rose ,F
Lylarae,F
Lylarose,F
Lylas,F
Lyle,M
Lyle-Andrew,M
Lylee,F
Lyleea,F
Lyleigh,F
Lyles,M
Lylh,M
Lyli,F
Lylia,F
Lyliah,F
Lylian,F
Lyliana,F
Lylianah,F
Lyliann,F
Lylianna,F
Lylie,F
Lylis,F
Lylith,F
Lylla,F
Lyllah,F
Lylli,F
Lyllia,F
Lyllian,F
Lylliana,F
Lyllianna,F
Lyllie,F
Lyllyan,F
Lyly,F
Lylybell,F
Lyman,M
Lymar,F
Lymari,F
Lymarie,F
Lymon,M
Lyn,Unisex
Lyn-al,F
Lyn-ann,F
Lyn-anne,F
Lyn-Dee,F
Lyn-marie,Unisex
Lyn-nel,F
Lyna,F
Lyna-Sonya,F
Lynacia,F
Lynacy,F
Lynae,F
Lynaia,F
Lynaire,F
Lynaiya,F
Lynal,M
Lynann,F
Lynanne,F
Lynard,M
Lynarha,F
Lynasia,F
Lynay,F
Lynaya,F
Lyncean,M
Lyncen,M
Lynch,M
Lyncoln,Unisex
Lyncon ,M
Lynda,F
Lynda-ann,F
Lynda-anne,F
Lynda-annette,F
Lynda-jane,F
Lynda-jayne,F
Lynda-sue,F
Lyndah,F
Lyndah-cheynne,F
Lyndal,Unisex
Lyndale,Unisex
Lyndall,Unisex
Lyndan,Unisex
Lynddon,M
Lynde,F
Lyndee,F
Lyndel,Unisex
Lyndell,Unisex
Lyndelle,F
Lynden,Unisex
Lynder,F
Lyndey,F
Lyndi,F
Lyndi-Ann,F
Lyndia,F
Lyndice,F
Lyndie,F
Lyndie-sue,F
Lyndin,Unisex
Lyndira,F
Lyndis,F
Lyndle,M
Lyndlee,F
Lyndley,F
Lyndol,Unisex
Lyndon,M
Lyndora,F
Lyndra,F
Lyndrea,F
Lyndrell,M
Lyndria,F
Lyndsa,F
Lyndsae,F
Lyndsai,F
Lyndsay,F
Lyndsay-Jordan,F
Lyndse,F
Lyndsea,F
Lyndsee,F
Lyndsey,F
Lyndsey-anne,F
Lyndsi,F
Lyndsie,F
Lyndsy,F
Lyndy,F
Lyndyn,Unisex
Lyndzay,F
Lyndze,F
Lyndzee,F
Lyndzey,F
Lyndzi,F
Lyndzie,F
Lyndzy,F
Lyne,F
Lynea,F
Lyneah,F
Lynece,F
Lynee,F
Lyneece,F
Lyneen,F
Lyneisha,F
Lynel,Unisex
Lynele,M
Lynell,Unisex
Lynella,F
Lynelle,F
Lynese,F
Lynesha,F
Lyneshia,F
Lynessa,F
Lynet,F
Lyneta,F
Lyneth,F
Lyneton,M
Lynett,F
Lynetta,F
Lynette,F
Lyneve,F
Lynex,F
Lynford,M
Lynh,F
Lynha,F
Lynia,F
Lyniah,F
Lynice,F
Lynika,F
Lynis,F
Lynise,F
Lynisha,F
Lynissa,F
Lynita,F
Lynium,M
Lynix,Unisex
Lyniya,F
Lyniyah,F
Lynk,M
Lynken,M
Lynkin,M
Lynkkin,F
Lynkoln,M
Lynkon,M
Lynkun,M
Lynkyn,M
Lynlea,F
Lynlee,F
Lynleigh,F
Lynley,F
Lynley-ann,F
Lynley-jane,F
Lynli,F
Lynlie,F
Lynly,Unisex
Lynmarie,F
Lynn,Unisex
Lynn-anne,F
Lynn-D,F
Lynn-Marie,F
Lynna,F
Lynnae,F
Lynnaea,F
Lynnai,F
Lynnaire,F
Lynnal,F
Lynnale,F
Lynnann,F
Lynnanne,F
Lynnard,M
Lynnasia,F
Lynnay,F
Lynnaya,F
Lynnda,F
Lynnde,F
Lynndell,F
Lynnden,M
Lynndi,F
Lynndsey,F
Lynndsie,F
Lynndy,F
Lynne,F
Lynne-maree,F
Lynnea,F
Lynneah,F
Lynneann,F
Lynnear,F
Lynnel,F
Lynnell,F
Lynnelle,F
Lynnely,F
Lynnere,F
Lynnesha,F
Lynness,F
Lynnessa,F
Lynnet,F
Lynnete,Unisex
Lynnett,F
Lynnetta,F
Lynnette,F
Lynnex,F
Lynney,F
Lynneya,F
Lynnia,F
Lynniah,F
Lynnie,F
Lynniece,F
Lynnington,M
Lynnis,F
Lynnise,F
Lynnisha,F
Lynnita,F
Lynnix,F
Lynnlea,F
Lynnlee,F
Lynnleigh,F
Lynnley,F
Lynnly,F
Lynnmarie,F
Lynnon,F
Lynnox,Unisex
Lynnsay,F
Lynnsey,F
Lynnsie,F
Lynnsy,F
Lynnwoo,F
Lynnwood,M
Lynnzee,F
Lynnzell,F
Lynnzi,F
Lynnzie,F
Lynol,M
Lynona,F
Lynora,F
Lynore,F
Lynox,F
Lynoya,F
Lynrae,F
Lynsae,F
Lynsay,F
Lynsay-Rose,F
Lynse,F
Lynsea,F
Lynsee,F
Lynsey,F
Lynshao,F
Lynsi,F
Lynsi-Anne,F
Lynsie,F
Lynsy,F
Lyntesha,F
Lynthia,F
Lynton,M
Lyntton,M
Lynus,M
Lynux,F
Lynward,M
Lynwood,M
Lynx,Unisex
Lynyra,F
Lynyvy,F
Lynz,F
Lynzay,F
Lynze,F
Lynzee,F
Lynzett,F
Lynzey,F
Lynzi,F
Lynzie,F
Lynzy,F
Lyola,F
Lyon,M
Lyonel,M
Lyonesse,F
Lyonna,F
Lyoto,M
Lyra,F
Lyra-Mae ,F
Lyra-Rose ,F
Lyrae,F
Lyrah,F
Lyralee,F
Lyran,M
Lyrehc,F
Lyrek,F
Lyren,M
Lyretta,F
Lyria,F
Lyriah,F
Lyrian,F
Lyric,Unisex
Lyric's,F
Lyric-James,M
Lyrica,F
Lyrical,F
Lyricc,F
Lyrick,Unisex
Lyrics,F
Lyrie,F
Lyriel,F
Lyrik,Unisex
Lyrika,F
Lyrin,M
Lyriq,Unisex
Lyrique,F
Lyris,F
Lyrissa,F
Lyrix,Unisex
Lyron,M
Lyrrik,F
Lyryk,M
Lys,F
Lysa,F
Lysander,M
Lysandra,F
Lysandro,M
Lysanna,F
Lysanne,F
Lysanthi,F
Lysarndra,F
Lysbet,F
Lysbeth,F
Lyse,F
Lysette,F
Lysha,F
Lyshaud,M
Lyshka,F
Lyshon,F
Lysia,F
Lysiane,F
Lysianne,F
Lysle,M
Lyslie,F
Lyson,F
Lyssa,F
Lyssana,F
Lyssandra,F
Lyssette,F
Lyssia ,F
Lystra,F
Lyta,F
Lytasha,F
Lyteesha,F
Lyth,M
Lythia,F
Lytia,F
Lyticia,F
Lytina,F
Lyting,F
Lytisha,F
Lytissia,F
Lytle,M
Lytonia,F
Lytonya,F
Lytrell,M
Lytzi,F
Lytzy,F
Lyuba,F
Lyubomir,M
Lyubov,F
Lyudmila,F
Lyum,M
Lyvelle,F
Lyvern,F
Lyverne,F
Lyvette,F
Lyvia,F
Lyvonne,F
Lywanda,F
Lyxabella,F
Lyyrle,F
Lyz,F
Lyza,F
Lyza-Jane,F
Lyzah,F
Lyzander,M
Lyzandra,F
Lyzbeth,F
Lyzelle,F
Lyzeth,F
Lyzette,F
Lyzza,F
Lzella,F
Lzzy,F