N'azia,F
N'Dezito,M
N'Hahnii,M
N'Keayah,F
N'Kenya,F
N'Kruma,M
N'ky,M
N'Lajah,F
N'Landinha,F
N'Leah,F
N'shya,F
N'tarleeah,F
N'tonya,F
N'zaia,F
N-tear,F
Na,Unisex
Na'amah,F
Na'delle,F
Na'Eemah ,F
Na'Il ,M
Na'ila,F
Na'Ilah ,F
Na'Ima ,F
Na'zirah,F
Na-Ekua,F
Naa,F
Naa'Il ,M
Naa-Adoley,F
Naa-afoadey,F
Naa-Ameley,F
Naad,M
Naadia,F
Naadir,M
Naadira,F
Naadirah,F
Naadiva,F
Naadiya ,F
Naadiyah ,F
Naadrah ,F
Naael ,M
Naafya,F
Naaif,M
Naaija,F
Naail,M
Naaila ,F
Naailah,F
Naairah,F
Naajia,F
Naal,M
Naalah,F
Naalarteley,F
Naaliyah,F
Naama,F
Naamah,F
Naaman,M
Naamat,F
Naami,F
Naana,F
Naanak,M
Naankeet,F
Naara,F
Naarah,F
Naariah,F
Naaron,M
Naarya,F
Naashkiiyaasigek,F
Naasia,F
Naasir,M
Naason,M
Naatahi,F
Naatan,M
Naatasha,F
Naatosi,M
Naatosipoka,F
Naatoyikakatosina,M
Naava,F
Naava-Lyah,F
Naavah,F
Naavi,M
Naavya,F
Naaya,F
Naayaab ,F
Naayab,F
Naayel,M
Naaz,F
Naazdeep,F
Naazim,M
Naazir,M
Naazish ,F
Naazpreet,F
Naazy,F
Naba,F
Nabaa,F
Nabanita,F
Nabat,F
Nabayat,F
Nabayit,F
Nabbia,F
Nabeal,M
Nabeeh,M
Nabeeha,F
Nabeehah,F
Nabeel,M
Nabeela,F
Nabeelah,F
Nabeelah-Mumeenah,F
Nabeha ,F
Nabeil,M
Nabel,M
Nabella,F
Nabet,M
Nabhan,M
Nabhya,M
Nabi,M
Nabia,F
Nabiel ,M
Nabiet,F
Nabih,M
Nabiha,F
Nabihah,F
Nabiil ,M
Nabil,M
Nabil-Muhedin,M
Nabila,F
Nabila-Mona-Heba,F
Nabilah,F
Nabile,F
Nabilla,F
Nabisah,F
Nabiya ,F
Nabjoyi,F
Nabkirn,F
Nabor,M
Nabria,F
Nabrissa,F
Nabryah,F
Nabula,F
Naby,M
Nacacia,F
Nacala,F
Nacalla,F
Nacari,M
Nace,M
Nacera,F
Nachaly,F
Nache,F
Nachel,F
Nachele,F
Nachelle,F
Nachi,F
Nachman,M
Nachmen,M
Nacho,M
Nachole,F
Nachon,M
Nachshon,M
Nachum,M
Nacia,F
Nacier,M
Nacimo ,F
Nacirema,F
Nackider,F
Nacola,F
Nacole,F
Nacoma,M
Nacona,F
Nacoya,F
Nacy,F
Nada,F
Nada-Jamal,F
Nada-lucia,F
Nadab,M
Nadah,F
Nadah-Reem,F
Nadaisha,F
Nadaja,F
Nadal,M
Nadala,F
Nadalea,F
Nadalee,F
Nadaleigh,F
Nadali,F
Nadalia,F
Nadalie,F
Nadaline,F
Nadaly,F
Nadalya,F
Nadalyn,F
Nadalynn,F
Nadan,M
Nadana,F
Nadanise,F
Nadar,M
Nadara,F
Nadarius,M
Nadas,M
Nadasha,F
Nadasia,F
Nadav,M
Nadavlyn,F
Nadaya,F
Nadayge,F
Nadayjia,F
Nadder,M
Naddus,M
Nadea,F
Nadean,F
Nadeane,F
Nadeeka,F
Nadeem,M
Nadeemy,F
Nadeen,F
Nadeene,F
Nadeera ,F
Nadeesha,F
Nadege,F
Nadeige,F
Nadein,F
Nadeja,F
Nadejda,F
Nadel,F
Nadele,F
Nadelie,F
Nadeline,F
Nadell,F
Nadelle,F
Nadelyn,F
Nadelynn,F
Nadem,M
Naden,Unisex
Nadena,F
Nadene,F
Nadeng,F
Nadenge,F
Nader,M
Nader-naim,M
Nadera,F
Naderge,F
Nadesda,F
Nadeya,F
Nadezhda,F
Nadhia ,F
Nadhir ,M
Nadhiya,F
Nadhr,M
Nadi,F
Nadia,F
Nadia-diana,F
Nadia-elina,F
Nadia-Franchesca,F
Nadia-graziella,F
Nadia-helena,F
Nadia-jane,F
Nadia-Olivia,F
Nadia-ruth,F
Nadiah,F
Nadica,F
Nadie,F
Nadielle,F
Nadiem,M
Nadien,F
Nadiene,F
Nadifa,F
Nadiir ,M
Nadija,F
Nadijda,F
Nadil,M
Nadilee,F
Nadilie,F
Nadilla,F
Nadilyn,F
Nadilynn,F
Nadim,M
Nadima ,F
Nadime,F
Nadin,F
Nadina,F
Nadine,F
Nadine-Dana,F
Nadine-Jaimee,F
Nadine-rose,F
Nadinea,F
Nadinne,F
Nadio,M
Nadir,M
Nadir-andrew,M
Nadira,F
Nadirah,F
Nadire,F
Nadisha ,F
Nadiv,M
Nadiya,F
Nadiyah,F
Nadiye,F
Nadja,F
Nadjah,F
Nadjda,F
Nadjia,F
Nado,M
Nadolyn,F
Nadr,M
Nadra,F
Nadrea,F
Nadreen,F
Nadria,F
Nadun,M
Nady,Unisex
Nadya,F
Nadyah,F
Nadyalee,F
Nadyia,F
Nadyne,F
Nadza,F
Nadzieja,F
Nadzjia,F
Naedean,F
Naedelyn,F
Naedene,F
Naeela,F
Naeelah,F
Naeem,M
Naeema,F
Naeemah,F
Naef,M
Naeisha,F
Naekirye,F
Nael,M
Naela,F
Naelah,F
Naelani,F
Naeleen,F
Naeli,F
Naelle,F
Naelson,M
Naely,F
Naelynn,F
Naema,F
Naemel,F
Naemi,F
Naemo,F
Naenou,F
Naeomi,F
Naequan,M
Naesha,F
Naeshaun,M
Naeshawn,M
Naeson,M
Naestra,F
Naethan,M
Naetochukwu,M
Naeum,F
Naeva,F
Naeve ,F
Naevia,F
Naeyla,F
Naeyli,F
Nafas,F
Nafay,M
Nafee,M
Nafees,M
Nafeesa,F
Nafeesah,F
Nafeesha,F
Nafeez,M
Nafeeza ,F
Nafet,M
Nafey,F
Nafha,F
Nafi,M
Nafi',M
Nafia,F
Nafis,M
Nafisa,F
Nafisah,F
Nafisha ,F
Nafiso,F
Nafissa,F
Nafiz,M
Nafiza ,F
Nafkot,F
Nafrini,F
Nafsika,F
Naftali,M
Naftoli,M
Naftula,M
Naftuli,M
Naftuly,M
Nafur,M
Nafusgul,F
Naga ,Unisex
Nagaad,F
Nagad ,F
Nagaht,F
Nagam,F
Nagamma,F
Nagappan,M
Nagaraju,M
Nagat,F
Nagee,M
Nageena ,F
Nagela,F
Nagelly,F
Nagely,F
Nagen,F
Nagena,F
Nagesrao,M
Nageti,F
Nagham,F
Naghma,F
Nagi,M
Nagia,F
Nagib,M
Nagibali,M
Nagiib,M
Nagin,F
Nagina ,F
Nagisa,F
Nagla,F
Naglis ,M
Nagma ,F
Naguan,M
Nagwa,F
Nah'Shon,M
Naha,F
Nahad,M
Nahair,F
Nahal,F
Nahaliya,F
Naham,M
Nahama,F
Nahamani,F
Nahameen,F
Nahani,F
Nahanni,F
Nahar,M
Nahara,F
Nahari,F
Nahasha,M
Nahauni,F
Nahaven,F
Nahayla,F
Nahbya,F
Nahdia,F
Naheda ,F
Naheed,Unisex
Naheeda ,F
Naheedah ,F
Naheem,M
Naheer,Unisex
Naheera,F
Naheim,M
Nahel,M
Nahela,F
Nahely,F
Nahema,F
Naher,M
Naherica,F
Nahhid,M
Nahia,F
Nahian ,M
Nahiara,F
Nahid,Unisex
Nahida,F
Nahidah ,F
Nahide,F
Nahidul ,M
Nahiem,M
Nahier-Yonas,F
Nahil ,Unisex
Nahila,F
Nahile,M
Nahili,F
Nahilli,F
Nahim,M
Nahima,F
Nahin,M
Nahiomy,F
Nahir,M
Nahira,F
Nahiya ,F
Nahiyan ,M
Nahja,F
Nahjae,F
Nahjai,F
Nahjay,F
Nahje,Unisex
Nahjee,M
Nahkeeta,F
Nahki,M
Nahkie,Unisex
Nahkoa,M
Nahkoma,M
Nahla,F
Nahla-grace,F
Nahlah,F
Nahlani,F
Nahlee,Unisex
Nahlia,F
Nahlin,M
Nahlirem,F
Nahliyah,F
Nahm,F
Nahmiah,F
Nahmir,M
Nahmmy,M
Nahmya,F
Nahni,F
Nahoa,M
Nahom,M
Nahom-Befekadu,M
Nahom-Tesfagabr,M
Nahome,M
Nahomi,F
Nahomie,F
Nahomy,F
Nahonni,F
Nahr,M
Nahrae,F
Nahrain,F
Nahreman,F
Nahren,F
Nahri,F
Nahriah,F
Nahrung,M
Nahshon,M
Nahsir,M
Nahtahnya,F
Nahtalia,F
Nahtanha,F
Nahtasha,F
Nahtisha,F
Nahuel,M
Nahum,M
Nahun,M
Nahya,F
Nahyaan ,M
Nahyan,M
Nahyeli,F
Nahyla,F
Nahyma,F
Nahzier,M
Nahzir,M
Nai,Unisex
Nai-En,M
Nai-Hua,M
Naia,F
Naia-Sophia,F
Naiah,F
Naiamaya,F
Naiana,F
Naianna,F
Naiara,F
Naiarah,F
Naibe,F
Naiche,M
Naida,F
Naidaly,F
Naideen,F
Naidelin,F
Naideline,F
Naidely,F
Naidelyn,F
Naiden,M
Naidia,F
Naidine,F
Naidyn,M
Naieem,M
Naiel,M
Naiely,F
Naiem,M
Naiema,F
Naiesha,F
Naif,M
Naife,F
Naiha ,F
Naiher,F
Naihla,F
Naihomy,F
Naiim,M
Naiima,F
Naija,F
Naijah,F
Naije,F
Naijo,M
Naika,F
Naikia,F
Naikita,F
Naikoda,F
Nail,M
Naila,F
Naila-Kanwal,F
Nailah,F
Nailan,M
Nailani,F
Naile,F
Nailea,F
Naileah,F
Naileen,F
Naily,F
Nailyn,F
Naim,M
Naima,F
Naima-Abdifatah,F
Naima-Maria,F
Naimah,F
Naimatullah,M
Naime,Unisex
Naimet,F
Naimh ,F
Naimira,F
Naimo,F
Naimu,M
Naimul ,M
Naimur ,M
Nain,M
Naina,F
Nainika,F
Nainitha,F
Nainoa,M
Nainoah,M
Nainsi ,F
Nainsukh,M
Naiobi,F
Naioka,F
Naioma,F
Naiome,F
Naiomi,F
Naiomy,F
Naiosha,F
Naiovy,F
Naira,F
Nairah,F
Nairana,F
Nairene,F
Nairi,F
Nairin,Unisex
Nairn,Unisex
Nairobi,F
Nairoby,F
Nairy,F
Naisa,F
Naisaiah,M
Naisean,M
Naish,M
Naisha,F
Naishaun,M
Naishawn,M
Naishe ,F
Naissa,F
Nait,M
Naitanui,M
Naite ,M
Naithan,M
Naithe,M
Naithen,M
Naithyn,M
Naitik,M
Naitri,F
Naivasha,F
Naivedh,M
Naivedhya,M
Naivey,F
Naiwa,F
Naiya,F
Naiyah,F
Naiyana,F
Naiyanna,F
Naiyeli,F
Naiyla,F
Naiylah,F
Naiym,M
Naiyma,F
Naiyyra,F
Naizeth,F
Naja,F
Najaah,F
Najada,F
Najae,Unisex
Najaf ,M
Najah,F
Najahwan,M
Najai,Unisex
Najaib,M
Najair,M
Najala,F
Najam,M
Najat,F
Najate,F
Najatt,F
Najay,Unisex
Najaya,F
Najayah,F
Najbir,M
Najden,M
Naje,Unisex
Najea,F
Najeb,M
Najebe,F
Najed,F
Najee,Unisex
Najeeb,M
Najeeba,F
Najeebah,F
Najeem ,M
Najeh,M
Najel,M
Najeli,F
Najelly,F
Najely,F
Najera,F
Najerah,F
Najet,F
Najha,F
Najhia,M
Naji,M
Najia,F
Najiah,F
Najib,M
Najiba ,F
Najibah ,F
Najibe,F
Najibeh,F
Najibi,F
Najibullah,M
Najier,M
Najifa ,F
Najih,M
Najiib ,M
Najila,F
Najilah,F
Najilla,F
Najim ,M
Najir,M
Najirah,F
Najiyah,F
Najiyyah,F
Najja,Unisex
Najjela,F
Najji,M
Najjla,F
Najla,F
Najla-Ahmed,F
Najla-Fahd,F
Najlaa,F
Najm,M
Najma,F
Najmah,F
Najmalden,M
Najmin ,F
Najmo,F
Najmuddin,M
Najmul ,M
Najon,M
Najori,M
Najtassa,F
Najuan,M
Najuma,F
Najwa,F
Najwah,F
Najwan,F
Najy,M
Najya,F
Nak,M
Nakael,M
Nakai,Unisex
Nakaia,F
Nakaiah,F
Nakaiah-Aleena,F
Nakaila,F
Nakaily,F
Nakaisha,F
Nakaiya,F
Nakaiyah,F
Nakala,F
Nakalee,F
Nakara,F
Nakari,Unisex
Nakaria,F
Nakash ,M
Nakasha,F
Nakasia,F
Nakato,F
Nakaya,F
Nakayah,F
Nakayia,F
Nakayla,F
Nakaylah,F
Nakaylee,F
Nakaylie,F
Nakayo,F
Nakayshah,F
Nakea,F
Nakeana,F
Nakeba,F
Nakecia,F
Nakeda,F
Nakedra,F
Nakee,F
Nakeea,F
Nakeem,M
Nakeema,F
Nakeena,F
Nakeesha,F
Nakeeta,F
Nakeetah,F
Nakehko,M
Nakeia,F
Nakeil,M
Nakeilen,M
Nakeira,F
Nakeiro,F
Nakeisha,F
Nakeita,F
Nakeitha,F
Nakel,F
Nakela,F
Nakelle,F
Nakema,F
Nakendra,F
Nakenya,F
Nakenzie,F
Nakera,F
Nakeria,F
Nakesha,F
Nakeshia,F
Nakesia,F
Naketa,F
Naketia,F
Naketta,F
Nakevia,F
Nakeya,F
Nakeyah,F
Nakeyia,F
Nakeysha,F
Nakeyta,F
Nakhai,M
Nakhi,M
Nakhia,F
Nakhita,F
Nakhiya,F
Nakhota,F
Nakhya,F
Naki,Unisex
Nakia,Unisex
Nakiah,F
Nakiaya,F
Nakice,F
Nakida,F
Nakida-dawn,F
Nakie,Unisex
Nakiea,F
Nakiera,F
Nakiesha,F
Nakieshia,F
Nakieta,F
Nakieya,F
Nakijah,F
Nakila,F
Nakima,F
Nakina,F
Nakio,M
Nakira,F
Nakirah,F
Nakiria,F
Nakisa,F
Nakish,F
Nakisha,F
Nakishia,F
Nakita,F
Nakita-Marie,F
Nakitah,F
Nakitia,F
Nakitta,F
Nakiya,F
Nakiyah,F
Nakiyha,F
Nakiyla,F
Nakkia,F
Nakkita,F
Nakoa,M
Nakoah,F
Nakoby,M
Nakoda,M
Nakoma,Unisex
Nakomis,F
Nakosha,F
Nakota,Unisex
Nakota-Skye,M
Nakota-Weya,F
Nakry,F
Naksh,M
Naksharaa,F
Nakshatra,F
Naktina,F
Nakul,M
Nakuma,M
Nakya,F
Nakyah,F
Nakye,M
Nakyia,F
Nakyiah,F
Nakyla,F
Nakylah,F
Nakyra,F
Nakyrah,F
Nakysha,F
Nakysta,F
Nakyta,F
Nala,F
Nala-Mae ,F
Nalaboitau,M
Nalah,F
Nalahny,F
Nalain,F
Nalaina,F
Nalaini,F
Nalaiyah,F
Nalan,M
Nalana,F
Nalanda,M
Nalanee,F
Nalani,F
Nalanie,F
Nalanii,F
Nalano,M
Nalany,F
Nalaya,F
Nalayah,F
Nalayiah,F
Nalayna,F
Nalaysia,F
Nalda,F
Naldera,F
Naldo,M
Nale,M
Nalea,F
Naleah,F
Naledi,F
Nalee,F
Naleea,F
Naleen,F
Nalei,F
Naleia,F
Naleigh,F
Naleigha,F
Nalen,M
Nalene,F
Nalesh,M
Naleyah,F
Nalhiyat,F
Nali,Unisex
Nalia,F
Naliah,F
Nalicia,F
Nalieka,F
Nalija,F
Nalijah,F
Nalika,F
Nalin,Unisex
Nalina,F
Nalini,F
Nalinie,F
Nalisa,F
Nalisha,F
Nalissa,F
Nalita,F
Naliya,F
Naliyah,F
Nalla,F
Nallah,F
Nalleli,F
Nallely,F
Nalley,F
Nallia,F
Nallie,F
Nalliyah,F
Nally,F
Nalo,F
Naloni,F
Nalu,M
Naly,Unisex
Nalya,F
Nalyah,F
Nalyjah,F
Nalyn,Unisex
Nalynn,F
Nalyssa,F
Nalyvanh,F
Nam,M
Nam-hoang,M
Nam-kha,M
Nam-Trong,M
Namaan ,M
Namaha,F
Namal,F
Namalie,F
Naman,M
Namandeep,Unisex
Namanpreet,F
Namar,F
Namari,Unisex
Namarion,M
Namarpaul,M
Namasvi,F
Namath,M
Namaya,F
Nambi,F
Namdar,M
Namdip,F
Name,Unisex
Nameeka,F
Nameer,M
Nameera,F
Nameerah,F
Namer-Hussein,M
Nametallah,F
Nameth,M
Namgyal,F
Namhia,F
Nami,F
Namia,F
Namiah,F
Namid,M
Namie,F
Namiko,F
Namila,F
Naminder,F
Namine,F
Namir,M
Namira,F
Namirah,F
Namirra,F
Namish,M
Namisha,F
Namit,M
Namita,F
Namitha,F
Namiya,F
Namiyah,F
Nammuni,Unisex
Namneet,F
Namo ,M
Namoi,F
Namon,M
Namood,F
Namoodae,F
Namra ,F
Namrah ,F
Namraj,M
Namrata,F
Namreet,Unisex
Namrita ,F
Namritpal,F
Namroz,F
Namrta,F
Namuun,F
Namya,F
Namyah,F
Namyia,F
Nan,F
Nana,Unisex
Nana-Kwabena,M
Nana-Yaa ,F
Nanaadwoa,F
Nanaakua,F
Nanaama,F
Nanah,F
Nanak ,M
Nanaki ,F
Nanako,F
Nanakwame,M
Nanalee,F
Nanaly,F
Nanami,F
Nanamma,F
Nanapon,F
Nanataywia,F
Nanatte,F
Nanayaa,F
Nanayaw,M
Nanbone,M
Nance,F
Nancee,F
Nancey,F
Nanci,F
Nanciann,F
Nancianne,F
Nancie,F
Nancijean,F
Nancilee,F
Nancy,F
Nancy-Ann,F
Nancy-Lee ,F
Nancy-Lynne,F
Nancy-May ,F
Nancy-Rae ,F
Nancy-Rose ,F
Nancyann,F
Nancyanne,F
Nancye,F
Nancyjane,F
Nancyjean,F
Nancyjo,F
Nancylee,F
Nancylou,F
Nand,M
Nanda,Unisex
Nandalee,F
Nandalia,F
Nandalie,F
Nandan,M
Nandana,F
Nandhan,M
Nandhana,F
Nandhini,F
Nandi,F
Nandika,F
Nandini,F
Nandish,M
Nandita,F
Nanditha,F
Nandni,F
Nando,M
Nandor,M
Nandrie,F
Nandry,F
Nandy,F
Nanea,F
Naneka,F
Nanelle,F
Nanett,F
Nanetta,F
Nanette,F
Nang,M
Nangel,F
Nangialai,F
Nangyal,M
Nani,F
Nanice,F
Nanie,F
Naniia,F
Nanika,F
Nanine,F
Nanise,F
Nanisha,F
Naniso,F
Nanita,F
Nanki,F
Nankid,M
Nankie,F
Nanky,F
Nanlo,F
Nanma,F
Nann,F
Nanna,F
Nannahe,F
Nannaya,F
Nannett,F
Nannetta,F
Nannette,F
Nanni,M
Nannie,F
Nannina,F
Nanny,F
Nanola,F
Nanon,F
Nanor,F
Nanoya,F
Nansea,F
Nansee,F
Nansen,M
Nansi,F
Nansy,F
Nantale,F
Nantambu,M
Nantan,M
Nanthana,F
Nanthea,F
Nanthen,M
Nanthethaa,F
Nanton,M
Nantonicn,M
Nanw ,F
Nanya,M
Nanyamka,F
Nanyen,F
Nanzala,F
Nao,Unisex
Naobi,F
Naod,M
Naode,M
Naofumi,M
Naoh,M
Naohmi,F
Naoimh,F
Naoise ,F
Naoka,F
Naokah,F
Naokha,F
Naoki,M
Naoko,F
Naol,M
Naola,F
Naolie,F
Naolin,M
Naoma,F
Naomahlathi,F
Naome,F
Naomee,F
Naomi,F
Naomi-fa'e,F
Naomi-kay,F
Naomi-kaye,F
Naomi-Lee,F
Naomi-louise,F
Naomi-nyaring,F
Naomi-Rose ,F
Naomi-ruth,F
Naomia,F
Naomie,F
Naomigrace,F
Naomii,F
Naomy,F
Naor,M
Naoto,M
Naoum,M
Naouma,F
Naoya,M
Nap,M
Napat,M
NaPech,F
Napeedit,M
Napehkaswinow,M
Napekasiwiniw,M
Napew,M
Naphaphone,F
Naphkahso,M
Naphtali,Unisex
Naphtalie,F
Napier,M
Napila,F
Napolean,M
Napoleon,M
Napoleone,M
Naporsha,F
Nappi,M
Napua,F
Naqaash,M
Naqait,F
Naqeeb,M
Naqeeyah,F
Naqi,M
Naqib ,M
Naqiya,F
Naqqash ,M
Naqshum,M
Naquan,M
Naquana,F
Naquanda,F
Naquasha,F
Naquasia,F
Naquelle,F
Naquesha,F
Naquille,M
Naquisha,F
Naquita,F
Naquitta,F
Naquon,M
Naqwan,M
Nara,F
Narada,M
Narae,F
Narah,F
Narai,F
Narain,M
Narali,F
Naralie,F
Naraly,F
Naran,M
Naranda,F
Narandera,M
Narankar,M
Narao,M
Nararna,F
Narasha,F
Narathip,M
Naraya,F
Narayah,F
Narayan,M
Narayana,Unisex
Narayana-das,M
Narayanan,M
Narayani,F
Narayanni,F
Naraydan,M
Narcedalia,F
Narcie,F
Narcille,F
Narcis ,M
Narcis-Kyle,M
Narcisa,F
Narcisco,M
Narciso,M
Narciss,F
Narcissa,F
Narcisse,M
Narcissus,F
Narcizo,M
Narda,F
Nardean,F
Nardeen,F
Nardeep,F
Nardene,F
Nardi,F
Nardia,F
Nardin,F
Nardina,F
Nardine,F
Nardino,M
Nardis,M
Nardos,F
Nardose,F
Nare,F
Narease,F
Naree,Unisex
Nareece ,F
Nareeda,F
Nareeka,F
Nareela,F
Nareeman,M
Nareen,F
Nareena-Saame,F
Nareesa,F
Nareeta,F
Nareez,F
Nareg,M
Nareh,F
Nareiman,F
Nareita,F
Narek,M
Nareli,F
Narell,Unisex
Narella,F
Narelle,F
Narello,F
Narely,F
Nareman,F
Nareme,F
Naren,M
Narene,F
Naresh,M
Naresha,F
Naressa,F
Naresse,F
Nareta,M
Nargas ,F
Nargaya,F
Narges,F
Nargis,F
Narguess,F
NaRhyse,F
Nari,F
Naria,F
Nariah,F
Narian,F
Nariana,F
Narice,F
Naricko-lee,F
Naridos,F
Narie,F
Narielle,F
Narifu,M
Narihito,M
Narika,F
Nariman,F
Narin,Unisex
Narina,F
Narind,M
Narinder ,Unisex
Narine,F
Narisa,F
Narisah,F
Narisha,F
Narishma,F
Narissa,F
Narisse,F
Narita,F
Narith,M
Narius,M
Nariya,F
Nariyah,F
Nariz,F
Narjes,F
Narjess,F
Narjis,F
Narjot,M
Narketa,F
Narkia,F
Narkie,F
Narkita,F
Narkora,F
Narla ,F
Narleen,F
Narlene,F
Narlita,F
Narma,F
Narmean,F
Narmeen,F
Narmin ,F
Narmon,M
Narnia,F
Naron,M
Narong,M
Narpinder,F
Narquise,M
Narra,F
Narradine,F
Narrah,Unisex
Narree,F
Narrel,F
Narrell,F
Narrelle,F
Narren,M
Narriah,F
Narridy,F
Narrie,F
Narrina,F
Narrissa,F
Narritja,F
Narrong,M
Narryn,F
Narseh,F
Narsheka-sian,F
Narsim,M
Narsis,F
Narsiso,M
Nartan,M
Nartasha,F
Narteeka,F
Nartika,F
Nartisha,F
Naru,M
Narumi,F
Naruto,M
Narva,F
Narveen,F
Narvel,M
Narvell,Unisex
Narvelle,F
Narvette,F
Narvey,M
Narvie,Unisex
Narvin,M
Narvir,M
Narvis,F
Narvy,F
Nary,F
Narya,F
Naryah,F
Naryan,M
Naryia,F
Naryiah,F
Naryma,F
Naryman,F
Naryrath,F
Naryshia,F
Narysse,F
Narytaa,F
Nas,M
Nasai,M
Nasaiah,M
Nasair,M
Nasanah,F
Nasanya,M
Nasanya-lee,F
Nasar,M
Nasaria,F
Nasarina,F
Nasario,M
Nasasha,F
Nasaya,F
Nasayah,F
Nascenzio,M
Nascha,F
Nasean,M
Nasear,M
Naseeb,Unisex
Naseeba ,F
Naseeha,F
Naseehah ,F
Naseem,Unisex
Naseema ,F
Naseer,M
Naseerah ,F
Naseim,M
Naseir,M
Naser,M
Nasera,F
Nasere,M
Naserian,F
Naseya,F
Nash,M
Nasha,F
Nashaat,M
Nashad ,F
Nashae,F
Nashai,F
Nashait,M
Nashalee,F
Nashaley,F
Nashali,F
Nashalie,F
Nashally,F
Nashaly,F
Nashambi,F
Nashan,M
Nashana,F
Nashanda,F
Nashanti,F
Nashara,F
Nashari,F
Nasharn ,M
Nasharna,F
Nasharni,F
Nashat,Unisex
Nashaun,M
Nashaw,F
Nashawn,M
Nashawna,F
Nashay,F
Nashaya,F
Nashayla,F
Nashe ,M
Nashea,F
Nasheed,M
Nasheem,M
Nasheema,F
Nasheena,F
Nasheeta,F
Nasheka,F
Nashell,F
Nashelle,F
Nashelly,F
Nashely,F
Nashia,F
Nashid,M
Nashiem,M
Nashika,F
Nashila,F
Nashima,F
Nashina,F
Nashir,M
Nashira,F
Nashita ,F
Nashiya,F
Nashiyah,F
Nashla,F
Nashley,F
Nashli,F
Nashlie,F
Nashlly,F
Nashly,F
Nashlyn,F
Nashmia,F
Nashoa,M
Nashoba,M
Nashon,M
Nashonda,F
Nashone,M
Nashou,M
Nashra ,F
Nashrah,F
Nashten,M
Nashton,M
Nashtyn,M
Nashua,M
Nashville,M
Nashwa,F
Nashwan,M
Nashya,F
Nashyah,F
Nashyia,F
Nashyla,F
Nashyle,F
Nashyra,F
Nasi,M
Nasia,F
Nasiah,Unisex
Nasiar,M
Nasib,M
Nasiba,F
Nasiem,M
Nasier,M
Nasiere,M
Nasif,M
Nasifah ,F
Nasiha,F
Nasihat,F
Nasiir,M
Nasim,Unisex
Nasima ,F
Nasime,F
Nasir,M
Nasira,F
Nasirah,F
Nasire,M
Nasiriyah,F
Nasiya,F
Nasiyah,F
Nasjah,F
Nasland,M
Naslund,M
Nasly,F
Nasma,F
Nasmah,F
Nason,M
Nasouh,M
Nasr,M
Nasra,F
Nasraddin,M
Nasrallah,M
Nasrat,M
Nasreen,F
Nasren,F
Nasrene,F
Nasri,M
Nasrien,F
Nasrin,F
Nasrina,F
Nasrine,F
Nasriya ,F
Nasro,F
Nasrudin,M
Nasrullah,M
Nasrullahbick,M
Nassa,M
Nassabe,F
Nassar,M
Nassem,M
Nasser,M
Nasser-Dean,M
Nasser-Youssef,M
Nassiah,Unisex
Nassib,M
Nassica,F
Nassiem,M
Nassif,M
Nassim,M
Nassir,M
Nassira,F
Nassiyah,F
Nassmah,F
Nassor,M
Nassreen,F
Nassrein,F
Nassrine,F
Nasstasja,F
Nassya,F
Nastacha,F
Nastacia,F
Nastaho ,F
Nastaja,F
Nastaran,F
Nastarsia,F
Nastarsya,F
Nastasha,F
Nastashia,F
Nastasia,F
Nastasija,F
Nastasios,M
Nastasja,F
Nastassia,F
Nastassija,F
Nastassja,F
Nastazia,F
Nastazja ,F
Nasteeh,M
Nasteha,F
Nasteho,F
Nastia,F
Nastja,F
Nasya,F
Nasyah,F
Nasyajean,F
Nasyitah,F
Nasyr,M
Naszier,M
Naszir,M
Naszire,M
Nat,M
Nat-Tosi-Na,M
Nata,F
Natacha,F
Natachia,F
Natacia,F
Natae,F
Nataea,F
Nataeya,F
Natahja,F
Natahley,F
Natahlia,F
Natahlya,F
Natahn,M
Natahna,F
Natahsa,F
Natahsia,F
Natai,M
Nataiah,F
Nataija,F
Nataile,F
Natailia,F
Nataily,F
Nataisha,F
Nataiya,F
Nataiyo,M
Nataja,F
Natajah,F
Natajha,F
Natajia,F
Nataka,F
Natakan,F
Nataki,F
Natal,F
Natala,F
Natalay,F
Natalaya,F
Natale,Unisex
Natalea,F
Nataleah,F
Nataleaha,F
Natalee,F
Natalee-Layal,F
Nataleen,F
Natalei,F
Nataleigh,F
Natalene,F
Nataley,F
Natali,F
Natali-rose,F
Natalia,F
Natalia-belen,F
Natalia-EugTnie,F
Natalia-grace,F
Natalia-rocio,F
Natalia-rose,F
Natalia-stanislawa,F
Nataliah,F
Natalie,F
Natalie-alana,F
Natalie-anna,F
Natalie-Anne,F
Natalie-Chantal,F
Natalie-jane,F
Natalie-jayne,F
Natalie-jean,F
Natalie-jo,F
Natalie-Judith,F
Natalie-Julia,F
Natalie-May,F
Natalie-Rose,F
Nataliea,F
Natalieah,F
Natalieann,F
Nataliee,F
Nataliegh,F
Nataliemarie,F
Natalierose,F
Natalii,F
Natalij,F
Natalija,F
Natalin,F
Natalina,F
Nataline,F
Natalino,M
Natalio,M
Natalis,Unisex
Natalise,F
Nataliy,F
Nataliya,F
Nataliyah,F
Nataliz,F
Natalizia,F
Natalja,F
Natalka ,F
Natalla,F
Natalle,F
Natalli,F
Natallia,F
Natallie,F
Natally,F
Natallya,F
Nataly,F
Nataly-victoria,F
Natalya,F
Natalya-Teresita,F
Natalyah,F
Natalye,F
Natalyia,F
Natalyn,F
Natalynn,F
Natalyse,F
Natan,M
Natanael,M
Natanaele,M
Natane,F
Natanel,M
Natanha,F
Natani,F
Natania,F
Nataniah,F
Nataniel,M
Nataniela,F
Natanielle,F
Natanim,M
Natanis,F
NataniTl,M
Natanya,F
Natanym,M
Natara,F
Natarcha,F
Natari,M
Nataria,F
Natarlee,F
Natarleia,F
Natarlia,F
Natarliah,F
Natarlie,F
Natarliya,F
Natarnia,F
Natarnya,F
Natarsha,F
Natarsha-lee,F
Natarshia,F
Natarssia,F
Natas,M
Natasa,F
Natasasha,F
Natascha,F
Natascha-Lisa,F
Natascia,F
Natash,F
Natasha,F
Natasha-ann,F
Natasha-anne,F
Natasha-Ashley,F
Natasha-Dawn,F
Natasha-Estelle,F
Natasha-evelyn,F
Natasha-faye,F
Natasha-Irene,F
Natasha-jane,F
Natasha-Jean,F
Natasha-lea,F
Natasha-Lee,F
Natasha-Leigh,F
Natasha-Lynn,F
Natasha-marie,F
Natasha-Rae,F
Natasha-renee,F
Natasha-susan,F
Natashah ,F
Natashalei,F
Natashi,F
Natashia,F
Natashka,F
Natashua,F
Natashya,F
Natasi,F
Natasia,F
Natasja,F
Nataska,F
Nataskia,F
Natassha,F
Natassia,F
Natassja,F
Natassja-louise,F
Natasua,Unisex
Natasya,F
Natasza ,F
Natathsha,F
Natausha,F
Natavia,F
Natavion,M
Natavious,M
Natavius,M
Natavya,F
Natawni,F
Natawnie,F
Natay,F
Nataya,F
Natayah,F
Natayia,F
Natayiz,M
Natayja,F
Natayla,F
Natayleea,F
Nataylia,F
Nataysha,F
Natayshia,F
Nataysia,F
Natayveiz,M
Natayvian,M
Nataz,F
Natazha,F
Natazia,F
Nataziya,F
Natchez,M
Nate,M
Nate-charlie,M
Nate-jay,M
Natea,F
Nateal,F
Nateare,F
Nateasha,F
Natee,M
Nateesha,F
Nateeva,F
Natehan,M
Natehja,F
Natehya,F
Nateish,F
Nateisha,F
Nateka,F
Natelee,F
Natelege,F
Natelia,F
Natelie,F
Natella,F
Natelle,F
Natellie,F
Nately,F
Natenael,M
Nateria,F
Naterra,F
Naterria,F
Natesa,F
Natesh,M
Natesha,F
Nateshia,F
Natessa,F
Natevia,F
Natey,M
Nateya,F
Nateyah,F
Nath,M
Natha,F
Nathaan,M
Nathael,M
Nathaiel,M
Nathaily,F
Nathaim,M
Nathain,M
Nathainel,M
Nathakhun,M
Nathal,M
Nathale,F
Nathalee,F
Nathalene,F
Nathali,F
Nathalia,F
Nathalie,F
Nathalie-Irene,F
Nathalie-michaela,F
Nathally,F
Nathaly,F
Nathalya,F
Nathalye,F
Natham,M
Nathan,M
Nathan-Alexander,M
Nathan-Andrew,M
Nathan-conway-barrington,M
Nathan-glenn,M
Nathan-John,M
Nathan-Joshua,M
Nathan-Lee ,M
Nathan-lee-ashley,M
Nathan-Mark,M
Nathan-nouri,M
Nathan-Philip,M
Nathan-Tanner,M
Nathan-taufan,M
Nathanadlle,F
Nathanael,M
Nathanaelle,F
Nathanail,M
Nathanal,M
Nathane,M
Nathaneal,M
Nathaneem,M
Nathaneil,M
Nathanel,M
Nathani,F
Nathania,F
Nathanial,M
Nathanie,M
Nathaniel,M
Nathaniel-james,M
Nathaniel-Mark,M
Nathanieljames,M
Nathaniell,M
Nathaniella,F
Nathanielle,M
Nathanil,M
Nathanim,M
Nathanjames,M
Nathann,M
Nathannael,M
Nathanong,M
Nathanual,M
Nathanuel,M
Nathanya,F
Nathanyal,M
Nathanyel,M
Nathanyl,M
Natharie,F
Nathasa,F
Nathascha,F
Nathasha,F
Nathasia,F
Nathavong,M
Nathaya,F
Nathdaniel,M
Nathea,F
Nathean,M
Natheena,F
Nathel,Unisex
Nathelie,Unisex
Nathella,F
Nathelle,Unisex
Nathely,F
Nathen,M
Nathena,F
Nathenial,M
Natheniel,M
Nather,M
Nathern,M
Natheus,M
Nathia,F
Nathian,M
Nathias,M
Nathiel,M
Nathifa,F
Nathil,M
Nathin,M
Nathina,F
Nathinal,M
Nathinam,M
Nathinel,M
Nathion,M
Nathius,M
Nathlineen,M
Nathmelissa,F
Nathnael,M
Nathniel,M
Nathon,M
Nathone,M
Nathsa,F
Nathy,F
Nathyis,M
Nathyn,M
Nathyne,M
Natia,F
Natiana,F
Natica,F
Naticha,F
Naticia,F
Natiesha,F
Natifa,F
Natifah,F
Natik,M
Natika,F
Natikah,F
Natile,F
Natilee,F
Natileigh,F
Natiley,F
Natilia,F
Natilie,F
Natillia,F
Natillie,F
Natily,F
Natilyn,F
Natilynn,F
Natima,F
Natina,F
Natinael,M
Nation,M
Natira,F
Natisa,F
Natisha,F
Natishia,F
Natishka,F
Natishya,F
Natividad,Unisex
Natiya,F
Natiyah,F
Natja,F
Natkay,F
Natlaie,F
Natlee,F
Natley,F
Natlie,F
Natlin,F
Natna,M
Natnaeal,M
Natnael,M
NatNail,M
Natnapa,F
Natnayal,M
Natnyle,M
Natoiya,F
Natoma,F
Natonia,F
Natonya,F
Natori,F
Natoria,F
Natorian,M
Natorious,M
Natorius,M
Natosha,F
Natoshia,F
Natosi,M
Natoya,F
Natoyia,F
Natozha,F
Natradee,F
Natran,F
Natreisha,F
Natrel,M
Natrell,M
Natrice,F
Natricia,F
Natrina,F
Natrisha,F
Natrishia,F
Natron,M
Natrone,M
Natsha,F
Natßlia,F
Natsue,F
Natsuki,F
Natsuko,F
Natsumi,F
Natsuyo,F
Natt,M
Nattalee,F
Nattali,F
Nattalia,F
Nattalie,F
Nattaly,F
Nattania,F
Nattapol,M
Nattasha,F
Nattasia,F
Natte,F
Natthan,M
Natthen,M
Natthew,M
Natthi,F
Natthias,M
Nattias,M
Nattie,F
Nattiel,M
Nattiyan,M
Nattlie,F
Nattolie,F
Nattra,M
Natully,F
Natural,F
Nature,Unisex
Nature-Lynn,F
Naturell,F
Naturelle,F
Naturi,F
Naturlyn,F
Natusha,F
Natushka,F
Natuska,F
Naty,Unisex
Natya,F
Natyah,F
Natyia,F
Natylee,F
Natylie,F
Natyra,F
Natyscha,F
Nau,M
Nauda,F
Naudeep,Unisex
Naudia,F
Naudica,F
Naudiya,F
Naudya,F
Naufahu,M
Naufal,M
Naufat,F
Naufil,M
Naukiran,M
Naul,M
Naula,F
Nauli,F
Naum,M
Naumaan ,M
Nauman,M
Naun,M
Naunidh,M
Naunihal,M
Naura,F
Naureen,F
Naurell,F
Nauris ,M
Naushad,M
Nausheen,F
Naushin,F
Nausica,F
Nausika,F
Nautia,F
Nautica,F
Nautika,F
Nautyca,F
Nauvneet,M
Nav,F
Nava,F
Navaal,F
Navada,F
Navae,F
Navaeh,F
Navaeha,F
Navah,F
Navaiah,F
Navajo,M
Navakambir,M
Navalie,F
Navalya,F
Navan,Unisex
Navand,M
Navandeep,F
Navaneet,M
Navaneeth,M
Navanjot,M
Navanna,F
Navannah,F
Navanpreet,F
Navar,M
Navarana,F
Navare,M
Navarh,M
Navaria,F
Navario,M
Navarion,M
Navarius,M
Navaro,M
Navarone,Unisex
Navarra,F
Navarre,M
Navarro,M
Navay,F
Navaya,F
Navayah,F
Navaz,Unisex
Navbir,M
Navdeep,Unisex
Navdeep-Kaur,F
Navdeep-Singh,M
Navdia,F
Navdin,M
Navdip,M
Navdisha,F
Nave,F
Navea,F
Naveah,F
Naved ,M
Naveda,Unisex
Navedra,F
Navee,F
Naveed,M
Naveeda,F
Naveel,M
Naveen,Unisex
Naveena,F
Naveenjot,F
Naveenjyote,M
Naveera,F
Naveet,M
Naveeta,F
Naveh,F
Navehya,F
Naveiah,F
Naveigh,F
Naveigha,F
Navell,M
Navelle,Unisex
Naven,M
Navena ,F
Naveneet,M
Naverah,F
Naverina,F
Naverone,M
Navey,F
Naveya,F
Naveyah,F
Navgeet,F
Navi,Unisex
Navia,F
Naviah,F
Navian,M
Naviana,F
Navid,M
Navidad,F
Navie,F
Navier,M
Navijot,F
Navika,F
Navil,F
Navin,M
Navina,F
Navinder ,Unisex
Navindra,M
Navindu,M
Navinesh,M
Navion,M
Navira,F
Navirah,F
Navisha,F
Navishi,F
Navita,F
Navitalai,M
Navithu,M
Naviya,F
Naviyaa,F
Naviyah,F
Navjas,M
Navjee,M
Navjeet,Unisex
Navjigar,M
Navjind,F
Navjit ,Unisex
Navjit-Singh,M
Navjosh,M
Navjot,Unisex
Navjote,F
Navjoth,M
Navjyot,M
Navkamal,F
Navkaran,M
Navkeerat,F
Navkiran,F
Navkirat,Unisex
Navlean,F
Navleen,F
Navlesh,M
Navlin,Unisex
Navlyn,F
Navlynn,F
Navmeet,F
Navnayan,M
Navneal,F
Navneel,M
Navneet,F
Navneil,M
Navnidh,Unisex
Navninder,F
Navnit,F
Navnoor,F
Navoda,F
Navolee,F
Navon,M
Navonia,F
Navonte,M
Navor,M
Navoreet,F
Navpaul,M
Navpratap,M
Navpreet,F
Navprince,F
Navraaj,M
Navrah,F
Navraj,M
Navras,M
Navratan,Unisex
Navrattan,M
Navraz,M
Navreen,F
Navreet,F
Navrin,Unisex
Navrinder,M
Navrit,F
Navriya,F
Navrohne,M
Navron,M
Navrone,M
Navroop,Unisex
Navrose,F
Navroshan,M
Navroz-Aly,M
Navroze,F
Navrozie,F
Navsaaj,M
Navseerat,F
Navshan,M
Navsimran,F
Navsoch,F
Navtaj,Unisex
Navtaz,M
Navteg,M
Navtej,M
Navvab,F
Navvaro,M
Navy,Unisex
Navya,F
Naw,F
Nawa ,F
Nawaaf,M
Nawaal,F
Nawaaz,M
Nawab ,M
Nawaf,M
Nawal,F
Nawale,F
Nawana,F
Nawar,F
Nawat,F
Nawatha,F
Nawaz ,M
Nawed,M
Nawedali,M
Naweed,M
Naween,F
Nawef,M
Naweid,M
Nawel ,F
Nawell,F
Nawfal,M
Nawid ,M
Nawied,M
Nawira,F
Nawla,F
Nawshin,F
Nawved,M
Nawwaaf,M
Nawwar,M
Nax,M
Naxhia,F
Naxi,F
Nay,Unisex
Nay-ana,F
Naya,F
Nayaa,F
Nayaab ,F
Nayab,F
Nayade,M
Nayah,F
Nayahok,F
Nayala,F
Nayalee,F
Nayali,F
Nayalis,F
Nayaliz,F
Nayaly,F
Nayama,F
Nayamah,F
Nayami,F
Nayan,M
Nayana,F
Nayanah,F
Nayani,F
Nayanika,F
Nayanna,F
Nayara,F
Nayarah,F
Nayari,F
Nayarit,F
Nayasha,F
Nayaz,M
Nayda,F
Naydaura,F
Naydean,F
Naydeen,F
Naydeli,F
Naydelin,F
Naydeline,F
Naydelyn,F
Nayden,M
Naydene,F
Naydia,F
Naydine,F
Nayeb ,M
Nayeem,M
Nayeema ,F
Nayeemul ,M
Nayef,M
Nayel,M
Nayela,F
Nayele,F
Nayelee,F
Nayeli,F
Nayelie,F
Nayelii,F
Nayelin,F
Nayelis,F
Nayeliz,F
Nayelle,F
Nayelli,F
Nayellie,F
Nayelly,F
Nayely,F
Nayelys,F
Nayem ,M
Nayema ,F
Nayen ,M
Nayeri,F
Nayesha,F
Nayfeh,F
Nayha,F
Nayhahn,M
Nayia,F
Nayib,M
Nayif,M
Nayika,F
Nayil,M
Nayim ,M
Nayima,F
Nayirah,F
Nayiri,F
Nayisha,F
Nayjote,M
Nayla,F
Nayla-Anne,F
Naylaa,F
Naylah,F
Naylan,M
Nayland,M
Naylani,F
Naylanie,F
Naylea,F
Nayleah,F
Naylee,F
Nayleen,F
Naylelle,F
Naylen,Unisex
Naylene,F
Nayli,F
Naylia,F
Naylie,F
Naylin,F
Nayloni,F
Naylor,M
Naym ,M
Nayma,F
Naymaa,F
Naymar,M
Nayme,F
Naymon,M
Nayna,F
Naynthini,F
Nayo,F
Nayoah,F
Nayoma,F
Nayome,F
Nayomee,F
Nayomi,F
Nayomie,F
Nayona,F
Nayonika,F
Nayonna,F
Nayquan,M
Nayra,F
Nayram,M
Naysa,F
Naysan,M
Naysean,M
Nayseth,F
Naysha,F
Naysharn ,M
Nayshaun,M
Nayshawn,M
Nayshin,M
Nayshus,F
Nayson,M
Nayt,M
Naytasha,F
Nayte ,M
Naythan,M
Naythaniel,M
Naythen,M
Naython,M
Nayton,M
Nayvadius,M
Nayvee,F
Nayvi,F
Nayvia,F
Nayvie,F
Nayya,F
Nayyab ,F
Nayyirah,F
Nayzeth,F
Naz,F
Naza,F
Nazaaha,F
Nazaeh,M
Nazafarin,F
Nazaha ,F
Nazahah,F
Nazaiah,M
Nazair,M
Nazaire,M
Nazalia,F
Nazam ,M
Nazaneen,F
Nazanin,F
Nazar,M
Nazarah,F
Nazare,F
Nazareen,F
Nazarena,F
Nazarene,F
Nazareno,M
Nazaret,Unisex
Nazareth,Unisex
Nazari,Unisex
Nazaria,F
Nazariah,F
Nazarin,M
Nazarine,F
Nazario,M
Nazariy,M
Nazariyah,F
Nazarria,F
Nazaryn,M
Nazavier,M
Nazaya,F
Nazayah,F
Nazdaneh,F
Nazeef,M
Nazeefa ,F
Nazeefah ,F
Nazeeh,M
Nazeeha ,F
Nazeelah,F
Nazeem,M
Nazeer,M
Nazeera ,F
Nazeerah ,F
Nazeh,M
Nazeha,F
Nazeir,M
Nazek,F
Nazeli,F
Nazem,M
Nazera,F
Nazerawit,F
Nazere,M
Nazereen,F
Nazereth,M
Nazeria,F
Nazerin,F
Nazerus,M
Nazha,F
Nazhae,F
Nazhat,F
Nazheef,M
Nazhieva,F
Nazhir,M
Nazhleen,F
Nazia,F
Naziah,Unisex
Nazib,M
Nazie,F
Nazieh,M
Nazier,M
Nazif,M
Nazifa,F
Nazifah ,F
Nazife,F
Nazih,M
Naziha ,F
Nazihah ,F
Nazik,F
Nazil,M
Nazila,F
Nazim,M
Nazima ,F
Nazir,M
Nazira,F
Nazirah,F
Nazire,M
Nazish,F
Naziya,F
Naziyah,F
Nazlee,F
Nazleen-Nisha,F
Nazleh,F
Nazli,F
Nazlia,F
Nazlican ,F
Nazlin,F
Nazljija,F
Nazlund,M
Nazly,F
Nazlynn,F
Nazma ,F
Nazmeen ,F
Nazmein,F
Nazmeya,F
Nazmin ,F
Nazmina ,F
Nazmir,M
Nazmiye ,F
Nazmul ,M
Nazneen,F
Naznin ,F
Nazo,F
Nazr,M
Nazra,F
Nazrah,F
Nazrali,M
Nazran,F
Nazrawi,M
Nazreen ,F
Nazrin ,F
Nazrina,F
Nazriya,F
Nazron,M
Nazuvu,M
Nazya,F
Nazyah,F
Nazyia,F
Nazyiah,F
Nazza,M
Nazzarena,F
Nazzareno,M
Nazzarenus,M
Nazzarie,F
Ncholas,M
Nciholas,M
Ncole,F
Ndaanis,F
Ndabezinhle,M
Ndangi,F
Ndanji,F
Ndea,F
Ndey,F
Ndeye,F
Ndia,F
Ndidi,F
Ndinda,F
Ndjiisira,M
Ndjozikiro,F
Ndrea,F
Ndrew,M
Ndubisi,M
Nduta,F
Ndya,F
Ne,F
Ne-kiea,F
Ne-Yo ,M
Nea,F
Neaa,F
Neacail,M
Neacaile,F
Neadra,F
Neagan,F
Neah,F
Neajah,F
Neakah,F
Neakeah,F
Neako,M
Neakon,M
Neakuteleab,M
Neal,M
Neala,F
Neala-Rea,F
Nealab,F
Nealah,F
Neale,M
Nealee,F
Nealey,F
Nealie,F
Nealim,M
Neall,Unisex
Nealla,F
Nealmanie,F
Nealon,M
Nealvir,M
Nealy,Unisex
Nealy-Dawn,F
Neamh ,F
Neamiah,M
Neana,F
Neanila,F
Neariah,F
Nearint,F
Neary,F
Neasa,F
Neasan,M
Neasha,F
Neasia,F
Neassa,F
Neata,F
Neatha,F
Neav,F
Neavah,F
Neavas,F
Neavaya,F
Neave,F
Neaveh,F
Neaven,M
Neavy,F
Neavyn,M
Neayvah,F
Nebal,M
Nebay,M
Nebeyou,M
Nebeyu,M
Nebez,M
Nebi ,M
Nebiat,F
Nebil,M
Nebin,M
Nebiy,M
Nebiyou,M
Nebiyu,M
Nebojsa,M
Nebol,F
Nebolisa,M
Nebras,Unisex
Nebraska,Unisex
Nebula,F
Nebye,M
Necalli,M
Necati ,M
Necha,F
Nechako,M
Nechama,F
Nechelle,F
Nechemia,M
Nechemiah,M
Nechemya,M
Nechole,F
Nechuma,F
Nechy,F
Neci,F
Necia,F
Necie,F
Necip,M
Necko,M
Neco,Unisex
Neco-Lea,F
Necol,F
Necola,F
Necole,F
Necta,F
Nectaria ,F
Nectaria-venetsana,F
Nectario,M
Nectarios,M
Nectarios-lambis,M
Nectarius,M
Nector,M
Ned,M
Ned-oliver,M
Neda,F
Neda-nancy,F
Nedaa,F
Nedad,M
Nedah,F
Nedal,M
Nedas ,M
Nedaviah,F
Nedaya,F
Nedd,M
Nedda,F
Neddal,M
Neddie,Unisex
Neddre,M
Neddy,M
Nedeljka,F
Nedeljko,M
Nedenia,F
Nederlyn,F
Nedgma,F
Nedia,F
Nedijka,F
Nedim,M
Nedine,F
Nedo,M
Nedochi,F
Nedra,F
Nedrick,M
Nedson,M
Nedved,M
Nedzad,M
Nee'kyiah,F
Nee-Ann,F
Neeah,F
Neean,F
Neebal,M
Neebinas,F
Neeca,F
Neechel,F
Neecy,F
Needa,F
Needah,F
Needham,M
Neegah,F
Neeha ,F
Neeharika,F
Neejay,F
Neeka,F
Neekan,M
Neekay,F
Neekita,F
Neeklo,M
Neeko,M
Neekon,M
Neekoo,F
Neel,M
Neela,F
Neelabhro,M
Neelah,F
Neelam,F
Neelamdeep,F
Neelamjeet,F
Neelan,M
Neeland,M
Neelav,M
Neelea,F
Neelee,F
Neeleen,F
Neelesh,M
Neeleshni,F
Neeley,F
Neeli,F
Neelia,F
Neelie,F
Neelima,F
Neelisha,F
Neelix,M
Neelja,F
Neelkamal,F
Neelman,M
Neelofar,F
Neelofer,F
Neelu,F
Neelufar,F
Neelufaur,F
Neelufer,F
Neelum ,F
Neely,Unisex
Neelya,F
Neema,Unisex
Neemah,F
Neemat,F
Neemias,M
Neena,F
Neenah,F
Neepa,F
Neepin,Unisex
Neepin-Neepsy,M
Neer,M
Neera,F
Neeracha,F
Neeraj,M
Neeraja,F
Neeramrit,F
Neerav,M
Neerja,F
Neeru,F
Neesa,F
Neesha,F
Neeshant,M
Neeshaz,M
Neesje,F
Neeska,F
Neeske,F
Neeson,M
Neessa,F
Neeta,F
Neethi,F
Neethu,F
Neeti,F
Neetika,F
Neetu,F
Neev,M
Neeva,F
Neevah,F
Neeve,F
Neewana,F
Neeya,F
Neeyah,F
Neeysa,F
Nefateria,F
Nefeli,F
Nefer,F
Nefertari,F
Neferteria,F
Nefertiti,F
Nefeteria,F
Neff,M
Nefi,M
Nefothora,F
Nefretiri,F
Neftalem,F
Neftali,Unisex
Neftaly,Unisex
Negaar,F
Negah ,F
Negan,F
Negar,F
Negaya,F
Negede,F
Negeen,F
Negele,M
Negha,F
Neghan,F
Negin,F
Negita,F
Negood,F
Negus,M
Neha,F
Nehaa,F
Nehaan ,M
Nehal,Unisex
Nehaldeep,F
Nehama,F
Nehamiah,M
Nehan,M
Nehanna,F
Nehara ,F
Neharika,F
Nehaz,M
Nehchal,F
Nehemia,M
Nehemiah,M
Nehemiah-David,M
Nehemiah-Richard,M
Nehemias,M
Nehemie,F
Nehemiyah,M
Nehemy,F
Nehemyah,M
Nehima,F
Nehimiah,M
Nehir,F
Nehjoni,F
Nehki,M
Nehkole,F
Nehls,F
Nehmat,F
Nehmia ,M
Nehmiah,M
Nehmya,M
Nehorai,M
NehTma,F
Neia,F
Neiah,F
Neiba,F
Neicha,F
Neiche,F
Neicia,F
Neida,F
Neidas ,M
Neidelin,F
Neidelyn,F
Neidi,F
Neidra,F
Neidy,F
Neige,F
Neihana,M
Neijah,M
Neijra,F
Neika,F
Neikko,M
Neiko,M
Neil,M
Neil-Erine,M
Neil-michael-keith,M
Neil-pablo-shane,M
Neila,F
Neilah,F
Neilan,M
Neilani,F
Neilas ,M
Neild,M
Neile,F
Neilen,M
Neilesh,M
Neili,F
Neilie,F
Neilin,M
Neill,M
Neilla,F
Neilpal,M
Neilpatrick,M
Neils,M
Neilson,M
Neiltaj,M
Neilum,F
Neily,F
Neilyn,F
Neilzon,M
Neima,Unisex
Neiman,M
Neimar,M
Neimiah,M
Neimrod,M
Neina,F
Neiomi,F
Neira,F
Neirin ,M
Neiry,F
Neisa,F
Neisen,M
Neisha,F
Neisha-mae,F
Neishaly,F
Neisma,F
Neissa,F
Neissen,M
Neita,F
Neitanas ,M
Neitas ,M
Neithan,M
Neithen,M
Neitonas ,M
Neitya,F
Neiv,F
Neiva,F
Neivah,F
Neive ,F
Neivika,F
Neiya,F
Neizan,M
Neizzer,M
Nejad,M
Nejan,M
Nejat,F
Nejha,F
Neji,M
Nejla,F
Nejma,F
Nejra,F
Nejua,F
Neka,F
Nekaan,M
Nekaeiah,F
Nekaelly,F
Nekara,F
Nekaya,F
Nekaybaw,F
Nekayla,F
Nekea,F
Nekeda,F
Nekedra,F
Nekeeya,F
Nekeia,F
Nekeidra,F
Nekeisha,F
Nekera,F
Nekesa,F
Nekesha,F
Nekeshia,F
Nekesia,F
Neketa,F
Nekeya,F
Nekeysha,F
Nekeyta,F
NekGnkG,M
Nekhi,M
Nekhil,M
Nekia,F
Nekiesha,F
Nekira,F
Nekisha,F
Nekishia,F
Nekita,F
Nekiya,F
Nekiyah,F
Nekki,F
Nekko,M
Nekky,M
Neko,Unisex
Nekoda,Unisex
Nekol,F
Nekola,M
Nekolaos,M
Nekole,F
Nekoli,M
Nekolina,F
Nektaria,F
Nektaria-georgia,F
Nektarios,M
Nekya,F
Nel,F
Nel-Furaha,F
Nela,F
Neladia,F
Nelah,F
Nelan,M
Nelani,F
Nelanora,F
Nelanthi,F
Nelba,F
Nelbrin,M
Nelcy,F
Neld,M
Nelda,F
Neldean,F
Neldimar,M
Neldon,M
Nele,F
Neleah,F
Neleh,F
Neleha,F
Neleia,F
Neleigh,F
Neleigha,F
Nelena,F
Nelenora,F
Nelesh,M
Neli,F
Nelia,F
Neliah,F
Neliah-Patricia,F
Nelida,F
Nelie,F
Neliel,F
Nelika,F
Nelina,F
Nelinda,F
Nelinora,F
Nelisa,F
Nelisha,F
Nelisiwe,F
Nelissa,F
Nelita,F
Nelith,M
Nelitza,F
Neliyah,F
Nell,F
Nella,F
Nella-pia,F
Nellah,F
Nellann,F
Nellda,F
Nelle,F
Nelleah,F
Nellean,F
Nellee,F
Nelleke,F
Nelleken,F
Nellene,F
Nelli,F
Nellia,F
Nellia-Phoebe-Ngoie,F
Nellianne,F
Nellie,F
Nellie-ann,F
Nellie-Mae ,F
Nellie-Paige,F
Nellie-Rae ,F
Nellie-Rose ,F
Nelliel,F
Nelliemae,F
Nellike,F
Nellina,F
Nellinda,F
Nelline,F
Nellis,Unisex
Nellissa,F
Nellka,F
Nello,M
Nellora,F
Nellou,M
Nellwyn,F
Nelly,F
Nelly-anna,F
Nellye,F
Nellysal,F
Nelma,F
Nelo,M
Neloise,F
Nelrose,F
Nels,M
Nelsa,F
Nelse,M
Nelsen,M
Nelsi,F
Nelsie,F
Nelson,M
Nelssen,M
Nelsy,F
Nelsyne,F
Nelta,F
Nelton,M
Neltroy,M
Nelum,F
Nelva,F
Nelvia,F
Nelvie,F
Nelville,M
Nelvin,M
Nelvin-Jake,M
Nelvina,F
Nelwyn,F
Nely,F
Nelya,F
Nelz,M
Nema,F
Nemah,F
Nemanja,M
Nemat,M
Nematula,M
Nemaya,M
Nemayah,F
Nemecio,M
Nemesia,F
Nemesio,M
Nemesis,F
Nemi ,F
Nemia,F
Nemiah,Unisex
Nemier,F
Nemindu,M
Nemira,F
Nemisha,F
Nemitallah,M
Nemma,F
Nemo,M
Nemu,F
Nemuel ,M
Nemya,F
Nemyra,F
Nen,M
Nena,F
Nena-caroline,F
Nenad,M
Nenah,F
Nency,F
Nene,F
Neneh,F
Nenette,F
Neng,M
Nenia,F
Nenita,F
Nenla,F
Nenneya,F
Neno,M
Nenu,F
Nenyasha ,F
Neo,M
Neoclis,M
Neofitos,M
Neoki,M
Neoklis,M
Neola,F
Neolani,F
Neole,F
Neolin,M
Neolla,F
Neoma,F
Neomai,F
Neomi,F
Neomia,F
Neomiah,M
Neomie,F
Neomy,F
Neon,M
Neona,F
Neonie,F
Neonila,F
Neophitos,M
Neophytos,M
Neorah,F
Neosha,F
Neoshia,F
Nepeya,F
Nephateria,F
Nephele ,F
Nephelie,F
Nephi,M
Nephtali,M
Nephtalie,F
Nepia,M
Nepin,Unisex
Nepoleon,M
Neppie,F
Neptali,M
Nepthali,M
Neptune,M
Nequan,M
Nequila,F
Nequita,F
Nera,F
Neradine,F
Nerae,F
Nerah,F
Nerali,F
Neralie,F
Neralle,F
Neraya,F
Nerayah,F
Nerbert,M
Nerea,F
Nereda,F
Neredisia,F
Neredith,F
Nereeda,F
Nereen,F
Nereida,F
Nerek,M
Nerelle,F
Nerelly,F
Nerely,F
Nerena,F
Nerene,F
Nereo,M
Neressa,F
Nereyda,F
Nergiz ,F
Neri,Unisex
Neria,F
Neriah,F
Neriah-Lois,F
Neriane,F
Neric,M
Nerice ,F
Nerick,M
Nerida,F
Neridah,F
Neridene,F
Nerik,M
Nerile ,F
Nerilee,F
Nerilie,F
Nerillee,F
Nerilly,F
Nerima,F
Nerina,F
Nerine,F
Neringa,F
Nerinie,F
Nerio,M
Neris,M
Nerisa,F
Nerissa,F
Nerisse ,F
Nerita,F
Neriya,F
Neriyah,F
Nerjis,F
Nerlande,F
Nerma,F
Nermeen,F
Nermen,F
Nermene,F
Nermin,Unisex
Nermine,F
Nero,M
Neroli,F
Nerolie,F
Neron,M
Nerralee,F
Nerralie,F
Nerriah,F
Nerrida,F
Nerridy,F
Nerrilee,F
Nerrisa,F
Nerrissa,F
Nerses,M
Nerva,F
Nervia,F
Nervie,F
Nery,Unisex
Nerya,F
Neryl,F
Nerylee,F
Nerys,F
Nesa,F
Nesanel,M
Nesaniel,M
Nesaru,M
Nesbit,Unisex
Nesbitt,M
Nesby,M
Neschelle,F
Nesean,M
Nesha,F
Neshaan,F
Neshama,F
Neshan,F
Neshanel,F
Neshanta,F
Neshaun,M
Neshawn,Unisex
Neshay,F
Nesheir,M
Neshell,F
Neshelle,F
Neshia,F
Neshica,F
Neshira,F
Neshko,M
Neshom,M
Nesi,F
Nesia,F
Nesiah,F
Nesiha,F
Nesiret,F
Nesita,F
Nesla,F
Nesli,M
Neslihan ,F
Nesline,F
Neslisah,F
Nesly,F
Nesma,F
NesmT,F
Nesochi,F
Nesrean,F
Nesreen,F
Nesrein,F
Nesren,F
Nesrene,F
Nesrianne,F
Nesrien,F
Nesrin ,F
Nesrine ,F
Ness,M
Nessa,F
Nessah,F
Nessajane,F
Nessarose,F
Nessey,F
Nessia,F
Nessiah,Unisex
Nessie,F
Nessin,M
Nessma,F
Nessreen,F
Nessrin,F
Nessrine,F
Nessryn,F
Nesta,Unisex
Nester,M
Nestille,F
Nestor,M
Nestor-Jake,M
Nestora,F
Nestoras,M
Nesya,F
Neta,F
Netalia,F
Netana,M
Netanel,M
Netania,F
Netanis,F
Netanya,F
Netasha,F
Netashia,F
Neteiphoub,M
Neteja,F
Neteliah,F
Netha,F
Nethaka,M
Nethal,Unisex
Nethalie,F
Nethan,M
Nethan'el,M
Nethanael,M
Nethaneel,M
Nethanel,M
Nethania,F
Nethaniah,M
Nethanial,M
Nethaniel,M
Nethara,F
Nethaya,F
Nether,F
Netherley,F
Netheya,F
Nethias,M
Nethica,F
Nethmi ,F
Nethmini,F
Nethra,F
Nethuja,M
Nethulie,F
Nethum,M
Nethuni,F
Netia,F
Netina-Lee,F
Netisha,F
Netlal,M
Netochi,F
Neton,M
Netorian,F
Netra,F
Netta,F
Nette,F
Netter,F
Netteshia,F
Nettie,F
Nettina,F
Netty,F
Netty-jane,F
Nettye,F
Neudeep,F
Neuman,M
Neumis,M
Neusa,F
Neuton,M
Neuville,M
Nev,F
Neva,F
Neva'eha,F
Nevaah,F
Nevaan,M
Nevach,F
Nevada,Unisex
Nevada-Lee,F
Nevada-Rose,F
Nevae,F
Nevaeh,F
Nevaeh-Faith ,F
Nevaeh-Gabriella,F
Nevaeh-Grace ,F
Nevaeh-Hope ,F
Nevaeh-jazmyn,F
Nevaeh-Leigh ,F
Nevaeh-Lilli,F
Nevaeh-Mae ,F
Nevaeh-Mai ,F
Nevaeh-Marie ,F
Nevaeh-Rae ,F
Nevaeh-rain,F
Nevaeh-Rose ,F
Nevaeh-Skye ,F
Nevaeha,F
Nevaehia,F
Nevaehlee,F
Nevaehly,F
Nevaehlynn,F
Nevaehmarie,F
Nevaehtnes,F
Nevaen,F
Nevah,F
Nevaha,F
Nevaiah,F
Nevaie,F
Nevais,M
Nevaiya,F
Nevan,M
Nevana,F
Nevanda,M
Nevani,M
Nevanna,F
Nevannah,F
Nevara,F
Nevari,M
Nevarian,M
Nevarra,F
Nevart,F
Nevauda,M
Nevaya,F
Nevayah,F
Nevayeh,F
Neve,F
Nevea,F
Neveah,F
Neveaha,F
Nevee,F
Neveen,F
Neveia,F
Nevek,M
Nevel,Unisex
Nevelle,Unisex
Nevelyn,F
Neven,M
Nevena,F
Nevene,F
Nevenka,F
Nevenko,M
Never,F
Nevett,M
Neveya,F
Neveyah,F
Nevia,F
Neviah,F
Nevianna,F
Nevicia,F
Nevie ,F
Nevija,F
Nevil,M
Nevile,M
Nevill,M
Neville,M
Neville-grant,M
Neville-phillip,M
Nevin,M
Nevina,F
Nevine,F
Nevins,M
Nevio,M
Nevion,F
Nevionn'e,F
Nevionne,F
Nevis,Unisex
Nevisson,M
Neviyah,F
Nevjot,F
Nevlin,M
Nevo,M
Nevon,M
NevT,F
NevTa,F
Nevur,M
Nevyl,M
Nevyn,M
New,Unisex
Newal,F
Newana,F
Newbern,M
Newborn,Unisex
Newel,M
Newell,M
Newin,M
Newland,M
Newlee,M
Newlin,M
Newman,M
Newo-Iyiniw,M
Newsam,M
Newsom,M
Newson,M
Newt,M
Newton,M
Nexat,M
Nexhmije,F
Nexon,M
Ney,M
Neya,F
Neyah,F
Neyali,F
Neyamiah,Unisex
Neyas,M
Neyayesh,F
Neyba,F
Neyda,F
Neydelin,F
Neydi,F
Neyha ,F
Neyla,F
Neylah,F
Neylan,Unisex
Neyland,M
Neylani,F
Neyli,F
Neylin,F
Neylla,F
Neymal-Anna,F
Neymar,M
Neyo,M
Neyoma,F
Neyon-vabrii,M
Neyosa,F
Neypier,M
Neyra,F
Neysa,F
Neysha,F
Neythan,M
Neytiri,F
Neyva,F
Neyzer,M
Nez,F
Nezaar,M
Nezan,M
Nezar,M
Nezia,F
Neziah,Unisex
Nezihe,F
Neziyah,F
Nezmia,F
Nezr,M
Nezshona,F
Nezzie,F
Nftalem,M
Nftaliam,F
NFve,F
NFves,F
Ng,Unisex
Nga,F
Nga-phan,F
Nga-Sze,F
Ngadh,F
Ngaere,F
Ngahivirikue,F
Ngahuia,F
Ngai,M
Ngai-Chi,M
Ngaido,M
Ngaio,F
Ngaire ,F
Ngaire-Anne,F
Ngakunapulami,M
Ngala,F
Ngan,F
Ngan-dieu,F
Ngan-ngoc,F
Nganly,M
Ngar-Lun,F
Ngar-Yung,F
Ngara,F
Ngarapanha,F
Ngaree,F
Ngareta,F
Ngari,F
Ngarie,F
Ngarita,F
Ngaroma,F
Ngarpardi,F
Ngatai,F
Ngatangue,M
Ngath,Unisex
Ngatina,F
Ngawang,Unisex
Ngeh,Unisex
Ngela,F
Ngeth,M
Nghea,M
Nghi,Unisex
Nghia,M
Nghiem,M
Nghiep,M
Ngiey,M
Ngila,F
Ngina,F
Ngkita,M
Ngnya,F
Ngo,Unisex
Ngoc,Unisex
Ngoc-an,F
Ngoc-ann,F
Ngoc-bich,F
Ngoc-elena,F
Ngoc-hao,M
Ngoc-hieu,F
Ngoc-Kacey,F
Ngoc-khoa,M
Ngoc-kim,M
Ngoc-Minh,F
Ngoc-phung,F
Ngoc-thuy,F
Ngoc-thuy-vi,F
Ngoc-Tu,F
Ngoc-xuan,F
Ngoc-Yen,F
Ngocanh,F
Ngocdiep,F
Ngoclan,F
Ngoctuong,M
Ngok,F
Ngol,M
Ngone,F
Ngong,M
Ngor,M
Ngothnhailic,F
Ngozi,F
Ngozi-grace,F
Ngozichi,F
Ngozichukwu,F
Ngozichukwuka ,F
Ngu,M
Nguan,M
Nguet,M
Ngun,Unisex
Ngunsui,F
Nguon,M
Nguyen,Unisex
Nguyen-diana,F
Nguyen-Hoang,M
Nguyen-quan,M
Nguyen-thuan,M
Nguyen-thy,F
Nguyen-triet,M
Nguyet,F
Nguyet-minh,F
Nguyet-Nhi,F
Nguyet-Nhu,F
Nha,Unisex
Nhala,F
Nhan,M
Nhan-Thanh,M
Nhan-van,M
Nharelle,F
Nhat,M
Nhat-dan,M
Nhat-Huy,M
Nhat-tien,M
Nhavy,F
Nhel,M
Nhi,F
Nhia,Unisex
Nhial,M
Nhiecolo,M
Nhien,F
Nhim,M
Nhina,F
Nhoc,F
Nhomachud,F
Nhomacot,M
Nhomuot,F
Nhon,M
Nhu,F
Nhu-an,F
Nhu-giang,M
Nhu-quynh,F
Nhu-sa,M
Nhu-tuyen,F
Nhu-Y,F
Nhumay,F
Nhung,F
Nhuong,M
Nhut,M
Nhuthuy,F
Nhuy,F
Nhya,F
Nhyi,F
Nhyira,F
Nhyla,F
Nhyle,M
Ni,F
Ni',F
Ni'emat,F
Ni'Meh,F
Ni'omi,F
Ni±a,F
Nia,F
Nia-Mai ,F
Niaa,F
Niabi,F
Niah,F
Niahl,M
Niaimani,F
Niaira,F
Niaisha,F
Niaja,F
Niajah,F
Niaje,F
Niakia,F
Nial,M
Niala,F
Nialah,F
Nialani,F
Nialey,F
Niall,M
Niall-David,M
Nialle ,M
Nialls,M
Nialy,F
Niam,M
Niama,F
Niamah ,F
Niamalika,F
Niamani,F
Niamarie,F
Niambh ,F
Niambi,F
Niamh,F
Niamiah,F
Niamke,M
Niamora,F
Niamph ,F
Niamya,F
Nian,Unisex
Niana,F
Niang,F
Niani,F
Nianna,F
Nianne,F
Niaomi,F
Niaouli,F
Niar,M
Niara,F
Niarah,F
Niari,F
Niaron,F
Niarose,F
Nias,M
Niasha,F
Niasia,F
Niat,F
Niata,F
Niav ,F
Niavelah,F
Niaya,F
Niayah,F
Niayesh,F
Niayla,F
Niayla-Jasmine,F
Niaylah,F
Niaz,M
Nibal,Unisex
Nibaldo,M
Nibodh ,M
Nibol,F
Nibras ,Unisex
Nibron,M
Nibulan,M
Nic,M
Nica,F
Nica-Erin,F
Nicaela,F
Nicah,M
Nical,M
Nicala,F
Nicalene,F
Nicalia,F
Nicalos,M
Nicalynn,F
Nicandro,M
Nicanor,M
Nicanora,F
Nicara,F
Nicarla,F
Nicasia,F
Nicasio,M
Nicaya,F
Nicayla,F
Nicca,F
Niccala,F
Niccela,F
Nicchia,F
Nicci,F
Nicco,M
Niccola,F
Niccolas,M
Niccole,F
Niccolette,F
Niccoli,M
Niccolo,M
Nice,F
Nicelle,F
Niceray,M
Nicere,M
Nicey,F
Nicha,F
Nichae,F
Nichael,M
Nichaela,F
Nichalas,M
Nichalaus,M
Nichalos,M
Nichalous,M
Nichalus,M
Nichaolas,M
Nichary,F
Nichaud,F
Nichayla,F
Nichcole,F
Niche,F
Nicheal,M
Nichealla,F
Nichel,F
Nichele,F
Nichell,F
Nichella,F
Nichelle,F
Nichelle-Joyce,F
Nichet,F
Nichika,M
Nichlas,M
Nichlaus,M
Nichloas,M
Nichlos,M
Nichlous,M
Nicho,M
Nichoal,F
Nichoals,M
Nichoas,M
Nichoel,F
Nichol,F
Nichol-La,F
Nichola,Unisex
Nicholaas,M
Nicholad,M
Nicholai,M
Nicholaos,M
Nicholas,M
Nicholas-Daniel,M
Nicholas-George,M
Nicholas-James,M
Nicholas-Jay,M
Nicholas-john,M
Nicholas-Luke,M
Nicholas-Michael,M
Nicholas-Nymar,M
Nicholas-peter,M
Nicholas-Rea,M
Nicholas-scott,M
Nicholas-spiros,M
Nicholass,M
Nicholaus,M
Nicholay,M
Nichole,F
Nichole-Lyn,F
Nicholes,M
Nicholeta,F
Nicholett,F
Nicholetta,F
Nicholette,F
Nicholette-Ellisa,F
Nicholi,M
Nicholin,F
Nicholina,F
Nicholine,F
Nicholis,M
Nicholl,F
Nicholla,F
Nichollas,M
Nichollaus,M
Nicholle,F
Nichollete,F
Nichollette,F
Nicholli,M
Nichollis,M
Nicholls,M
Nicholoi,M
Nicholos,M
Nicholous,M
Nichols,M
Nicholsa,M
Nicholson,M
Nicholßs,M
Nicholuas,M
Nicholus,M
Nichos,M
Nichoula,M
Nichoulas,M
Nicia,F
Niciah,F
Nicie,F
Nicisha,F
Nicitas,M
Nick,M
Nick-ashley,M
Nickaan,M
Nickaella,F
Nickai,M
Nickailah,F
Nickal,F
Nickalaos,M
Nickalas,M
Nickalaus,M
Nickales,M
Nickali,M
Nickalis,M
Nickall,F
Nickallis,M
Nickalos,M
Nickalous,M
Nickalus,M
Nickalus-Jonathan,M
Nickan,M
Nickayla,F
Nickayle,M
Nickcola,F
Nickcole,F
Nickea,F
Nickeal,M
Nickeala,F
Nickeeta,F
Nickeisha ,F
Nickel,M
Nickelas,M
Nickelaus,M
Nickell,F
Nickelle,F
Nickelous,M
Nickesha,F
Nicketa,F
Nickey,Unisex
Nickeya,F
Nickhil,M
Nickholas,M
Nicki,F
Nicki-Jo,F
Nickia,F
Nickidemus,M
Nickie,Unisex
Nickii,F
Nickil,M
Nickila,F
Nickilas,M
Nickilyn,F
Nickisha,F
Nickita,Unisex
Nickitta,F
Nickiya,F
Nickiyah,F
Nickki,F
Nickky,F
Nicklas,M
Nicklaus,M
Nickleaus,M
Nickles,M
Nicklesh,M
Nickloas,M
Nicklos,M
Nicklous,M
Nicklus,M
Nicklys,M
Nickneet,F
Nicko,M
Nickoah,M
Nickoda,M
Nickohlas,M
Nickohlus,M
Nickol,F
Nickola,F
Nickolai,M
Nickolangelo,M
Nickolaos,M
Nickolas,M
Nickolas-george,M
Nickolass,M
Nickolaus,M
Nickole,F
Nickolej,M
Nickoles,M
Nickolette,F
Nickoli,M
Nickolia,M
Nickolias,M
Nickolie,M
Nickolina,F
Nickolis,M
Nickolitsa,F
Nickolla,F
Nickolle,F
Nickolos,M
Nickolous,M
Nickolson,M
Nickolus,M
Nickon,M
Nickos,M
Nickota,F
Nickoy ,M
Nickson,M
Nicktarsha,F
Nickuima,M
Nicky,Unisex
Nicky-jean,F
Nicky-joe,M
Nicky-Lee,F
Nicky-paul,M
Nicky-rose,F
Nickyla,F
Nicla,F
Niclas,M
Niclaus,M
Nicle,F
Nicloe,F
Niclole,F
Nico,M
Nico-la,F
Nicoda,F
Nicodem ,M
Nicodemo,M
Nicodemous,M
Nicodemus,M
Nicoe,F
Nicoel,F
Nicohlas,M
Nicohle,F
Nicol,F
Nicola,Unisex
Nicola-cosimo,M
Nicola-Lynn,F
Nicola-marie,F
Nicola-Rae,F
Nicola-Rozalia,F
Nicolaas,M
Nicolae,M
Nicolah,F
Nicolai,M
Nicolaj,M
Nicolangelo,M
Nicolaos,M
Nicolaou,M
Nicolas,M
Nicolas-james,M
Nicolas-Julian,M
Nicolas-Lee,M
Nicolas-Maxime,M
Nicolas-Shea,M
Nicolasa,F
Nicolaus,M
Nicolay,M
Nicole,F
Nicole-ann,F
Nicole-anne,F
Nicole-Ashley,F
Nicole-Bailey,F
Nicole-brook,F
Nicole-danielle,F
Nicole-Diane,F
Nicole-jane,F
Nicole-lee,F
Nicole-Louise ,F
Nicole-Marie,F
Nicole-peta,F
Nicole-Regina,F
Nicole-susan,F
Nicole-Ula,F
Nicoleann,F
Nicoleanne,F
Nicoleas,M
Nicolee,F
Nicoleen,F
Nicolei,M
Nicolemarie,F
Nicolena,F
Nicolene,F
Nicoles,M
Nicolet,F
Nicoleta,F
Nicolete,F
Nicolett,F
Nicoletta,F
Nicolette,F
Nicoli,Unisex
Nicolia,F
Nicolie,F
Nicolien,F
Nicolina,F
Nicoline,F
Nicolino,M
Nicolis,M
Nicolitsa,F
Nicolius,M
Nicoll,F
Nicolla,F
Nicollas,M
Nicolle,F
Nicolle-Ann,F
Nicolletta,F
Nicollette,F
Nicollette-rose,F
Nicolly,F
Nicolo,M
Nicoloas,M
Nicolos,M
Nicols,M
Nicolßs,M
Nicolus,M
Nicoly,F
Nicolya,F
Nicolyn,Unisex
Nicolys,M
Nicoma,F
Nicomedes,M
Nicona,F
Nicooly,M
Nicos,M
Nicosha,F
Nicosia,F
Nicota,F
Nicough,M
Nicoy ,M
Nicoya,F
Nicquan,M
Nicquole,F
Nicson,M
Nicte,F
Nicteha,F
Nicu,M
Nicy,F
Nida,F
Nida-Baig,F
Nidaa ,F
Nidaar,F
Nidah ,F
Nidal,M
Nidel,F
Nidesh,M
Nidha ,F
Nidhaan,M
Nidhal,M
Nidhan,M
Nidhi,F
Nidhin,M
Nidhish,M
Nidia,F
Nidish,M
Nidra,F
Nidya,F
Nie,Unisex
Nieasha,F
Nieccia,F
Nieco,M
Nieem,M
Niegel,M
Nieisha,F
Nieja,F
Nieka,F
Nieke,F
Niekel,M
Niekia,F
Nieko,M
Niekolaas,M
Niekolas,M
Niel,M
Niela,F
Nielah,F
Niele,F
Niell,M
Niella,F
Nielle,F
Nielo,M
Niels,M
Nielsen,M
Nielson,M
Niem,M
Niema,F
Niemah,F
Nieman,M
Nieng,F
Nienke,F
Nienna,F
Niep,M
Niera,F
Nierra,F
Niesa,F
Niesha,F
Nieshia,F
Niesje,F
Nieske,F
Nieta,F
Nietzsche,M
Nieva,F
Nieve,F
Nieves,Unisex
Nieya,F
Nife,M
Nifemi ,Unisex
Nifemi-modupe,F
Nifiterie,F
Nigal,M
Nigar,F
Nigara,F
Nigeal,M
Nigee,M
Nigeen,F
Nigel,M
Nigel-brett,M
Nigel-James,M
Nigel-Keneth,M
Nigell,M
Nigella,F
Nigen,M
Niger,Unisex
Nigeria,F
Nighisty,F
Nighmethan,M
Night,Unisex
Nigiel,M
Nigil,M
Nigma,F
Nigosis,M
Niguel,M
Nigusom,M
Niha,F
Nihaa,F
Nihaal,M
Nihaan,M
Nihaar,M
Nihad,Unisex
Nihael,M
Nihal,Unisex
Nihal-Ande,F
Nihall,M
Nihan,M
Nihar,M
Niharika,F
Nihash,M
Nihat,M
Nihaya,F
Nihersh,M
Nihira,F
Nihita,F
Nihitha,F
Nihla,F
Nihya,F
Nii,M
Niia,F
Niiba,F
Niico,M
Niiko,Unisex
Niilo,M
Niina,F
Nija,F
Nijae,F
Nijah,Unisex
Nijai,F
Nijal,M
Nijarline,F
Nijash,M
Nijat,M
Nijay,Unisex
Nijaya,F
Nijayah,F
Nijaz,M
Nijee,M
Nijel,M
Nijeria,F
Nijha,F
Nijia,F
Nijiah,F
Nijkolai,M
Nijoel,M
Nijola,F
Nijole,F
Nijon,M
Nijyar,M
Nik,M
Nika,F
Nika-Rae,F
Nika-Scott,F
Nikaela,F
Nikaeo,M
Nikah,F
Nikai,M
Nikaila,F
Nikaiya,F
Nikaiyah,F
Nikala,F
Nikalas,M
Nikalaus,M
Nikale,F
Nikalene,F
Nikalette,F
Nikali,M
Nikalos,M
Nikalus,M
Nikan,M
Nikaneet,F
Nikanthros,M
Nikara,F
Nikarah,F
Nikari,F
Nikas ,M
Nikash,M
Nikasha,F
Nikata,F
Nikatilaya,F
Nikau,M
Nikaya,F
Nikayah,F
Nikayia,F
Nikayla,F
Nikaylah,F
Nikcole,F
Nike,Unisex
Nikea,F
Nikeadas,M
Nikeah,F
Nikeda,F
Nikeea,F
Nikeel,M
Nikeem,M
Nikeesha,F
Nikeeta,F
Nikeia,F
Nikeisha,F
Nikeita,F
Nikel,Unisex
Nikela,F
Nikella,F
Nikelle,F
Nikema,F
Nikemond,M
Nikera,F
Nikeria,F
Nikerria,F
Nikesh,M
Nikesha,F
Nikeshea,F
Nikeshia,F
Niket,M
Niketa,F
Niketa-jayde,F
Niketa-Joe,M
Niketh,M
Niketta,F
Nikeya,F
Nikeyia,F
Nikeysha,F
Nikeyta,F
Nikhail,M
Nikhat,F
Nikhaule,F
Nikhayl,M
Nikhayla,F
Nikheel,M
Nikheil,M
Nikhethan,M
Nikhia,F
Nikhil,M
Nikhila,F
Nikhilesh,M
Nikhili,F
Nikhita,F
Nikhitha,F
Nikholai,M
Nikholas,M
Niki,F
Niki-Lee,F
Niki-Lynn,F
Niki-rae,F
Nikia,F
Nikiah,F
Nikiah-Marie,F
Nikiaya,F
Nikica,M
Nikicia,F
Nikida,F
Nikie,F
Nikiea,F
Nikiesha,F
Nikifores,M
Nikiia,F
Nikiki,F
Nikikia,F
Nikil,M
Nikila,F
Nikilis,M
Nikima,F
Nikina,F
Nikini ,F
Nikiphor,M
Nikira,F
Nikirra-lee,F
Nikish,M
Nikisha,F
Nikishia,F
Nikit,M
Nikita,Unisex
Nikita-Ilya,M
Nikita-Kiran,F
Nikita-lee,F
Nikita-Marie,F
Nikita-rose,F
Nikitah,F
Nikitan,F
Nikitas,M
Nikith,M
Nikitha,F
Nikitia,F
Nikitra,F
Nikitta,F
Nikius,M
Nikiya,F
Nikiyah,F
Nikiyah-rose,F
Nikka,F
Nikkala ,F
Nikkali,M
Nikkaya,F
Nikkea,F
Nikkehlia,F
Nikkei,F
Nikkela,F
Nikketa,F
Nikkeya,F
Nikkeyshia,F
Nikki,F
Nikki-Anne,F
Nikki-Dawn,F
Nikki-Heavenley-Dawn,F
Nikki-jo,F
Nikki-Karyssa,F
Nikki-Lea,F
Nikki-Lee,Unisex
Nikki-Leigh,F
Nikki-marie,F
Nikki-Rae,F
Nikkia,F
Nikkiah,F
Nikkie,F
Nikkie-lee,F
Nikkiesha,F
Nikkieta,F
Nikkii,F
Nikkina,F
Nikkisha,F
Nikkiska,F
Nikkita,F
Nikkita-lee,F
Nikkitah,F
Nikkitta,F
Nikkiya,F
Nikko,M
Nikko-Johan,M
Nikko-Li,F
Nikkoel,F
Nikkol,F
Nikkola,F
Nikkolai,M
Nikkolas,M
Nikkolaus,M
Nikkolaz,M
Nikkole,F
Nikkolette,F
Nikkoli,M
Nikkos,M
Nikkoshka,M
Nikky,F
Nikky-Rae,F
Nikkyta,F
Niklaas,M
Niklas,M
Niklas-Jack,M
Niklaus,M
Niklos,M
Niko,M
Nikoah,F
Nikoda,Unisex
Nikodem,M
Nikodemas,M
Nikodemos,M
Nikodim,M
Nikohl,F
Nikohlaus,M
Nikol,F
Nikola,Unisex
Nikolaai,M
Nikolaas,M
Nikolae,M
Nikolaes,M
Nikolah,F
Nikolai,M
Nikolai-Alexander,M
Nikolaij,M
Nikolaj,M
Nikolaj-izidor,M
Nikolajs,M
Nikolan,M
Nikolaos,M
Nikolas,M
Nikolas-izac,M
Nikolas-james,M
Nikolass ,M
Nikolaus,M
Nikolay,M
Nikolce,M
Nikole,F
Nikoles,M
Nikoleta,F
Nikolett,F
Nikoletta,F
Nikolette,F
Nikoli,M
Nikolia,M
Nikolija,F
Nikolina,F
Nikolina-Vinka,F
Nikolina-Zorka,F
Nikolinka,F
Nikolis,M
Nikolitsa,F
Nikoll,Unisex
Nikolle,F
Nikolo,M
Nikolos,M
Nikolous,M
Nikoloz,M
Nikoloze,M
Nikolus,M
Nikolyn,F
Nikoma,Unisex
Nikon,M
Nikona,M
Nikonus,M
Nikoo,F
Nikora,M
Nikos,M
Nikosha,F
Nikosis,M
Nikota,F
Nikou ,F
Niks ,M
Niksha,M
Nikshita,F
Nikson,M
Niktaria,F
Niktarios,M
Nikte,F
Nikul,M
Nikulaos,M
Nikulas,M
Nikulus,M
Nikunj,M
Niky,Unisex
Nikya,F
Nikyah,F
Nikyia,F
Nikyla,F
Nikylah,F
Nikylja,F
NiKylo,M
Nikyra,F
Nikyta,F
Nil,Unisex
Nila,F
Nilab,F
Niladah,F
Nilah,F
Nilaja,F
Nilajah,F
Nilam,F
Nilan,M
Nilani,F
Nilanie,F
Nilanjana,F
Nilanthi,F
Nilay,M
Nilaya,F
Nilayah,F
Nilda,F
Nilden,F
Nile,M
Nileah,F
Nileema ,F
Nilena,F
Nilene,F
Niles,M
Nilesh,M
Niley,F
Nili,F
Nilim,F
Nilima ,F
Niliyah,F
Nilka,F
Nilkanth,M
Nilla,F
Nillie,F
Nilmar,M
Nilnfer,F
Nilo,M
Nilofar,F
Niloofar,F
Nilos,M
Niloufar,F
Niloufer,F
Nils,M
Nilsa,F
Nilson,M
Nilss,M
Nilsson,M
Nilsu ,F
Nilton,M
Nilufa,F
Nilufar,F
Nilufer,F
Niluka,F
Nilukshi,F
Nilus,M
Nilusha,F
Nily,F
Nilya,F
Nilyn,F
Nilyne,F
Nilynn,F
Nilza,F
Nim,M
Nima,Unisex
Nima-jon,M
Nimah,F
Nimai,M
Nimalan,M
Nimali,F
Nimao ,F
Nimar,Unisex
Nimarjot,F
Nimarn,F
Nimarni,F
Nimarta,F
Nimat,F
Nimco,F
Nimea,F
Nimer,Unisex
Nimesh,M
Nimesha,F
Nimet,F
Nimir,M
Nimira,F
Nimish,M
Nimisha,F
Nimit,M
Nimkees,M
Nimmat,F
Nimmerpreet,M
Nimmi,F
Nimmy,F
Nimna,F
Nimo,F
Nimosagal,F
Nimra,F
Nimrah,F
Nimrah-Ahmad,F
Nimrat,F
Nimrata ,F
Nimratha,F
Nimratjot,F
Nimratpal,M
Nimratveer,F
Nimret,F
Nimrit,F
Nimrit-Jeet,F
Nimrita ,F
Nimrith,F
Nimrod,M
Nimsara,M
Nimsi,F
Nimsy,F
Nimud,F
Nimue,F
Nimul,M
Nin,F
Nina,F
Nina-alexandra,F
Nina-francesca,F
Nina-Louise,F
Nina-Lynn,F
Nina-renata,F
Nina-Taye,F
Ninabelle,F
Ninad,M
Ninada,F
Ninah,F
Ninamarie,F
Ninar,M
Ninar-Wala-A,F
Ninasimone,F
Nincy,F
Ninda,F
Nineck-Aleksander,M
Ninel,F
Ninelle,F
Ninep,M
Nineth,F
Ninetta,F
Ninette,F
Nineveh,F
Ninfa,F
Ning,Unisex
Ningxi,F
Ningxin,F
Ninh,M
Nini,F
Ninia,F
Niniane,F
Niniola ,F
Ninita,F
Ninive,F
Ninja,F
Ninko,M
Ninmala,F
Ninna,F
Ninnette,F
Ninnie,F
Nino,M
Ninon,F
Ninos,M
Ninoshka,F
Ninoska,F
Ninoslava,F
Ninotchka,F
Ninous,M
Ninti,F
Ninus,M
Ninwa,F
Nio,M
Nioa,F
Nioami,F
Niobe,F
Niobi,F
Niocholas,M
Nioka,F
Niola,F
Niole,F
Nioma,F
Niome,F
Niomee,F
Niomh,F
Niomi,F
Niomie,F
Nion,M
Niona,F
Nionceß,F
Nionila,F
Niosha,F
Niove,F
Niphon,M
Niphone,M
Nipin,Unisex
Nipun,M
Nipuna,M
Niqi,F
Niqua,F
Niquan,M
Niquel,F
Niquisha,F
Niquita,F
Niquole,F
Niqura,F
Niquwarnah,F
Nir,M
Nira,F
Nirah,F
Nirai,M
Niraj,M
Niral,M
Nirali,F
Niralya,F
Niran,M
Niranjan,M
Niranjana,F
Nirant,M
Nirashita,F
Nirat,F
Nirav,M
Nirbhai,M
Nirbhay ,M
Nirdeep,F
Niree,F
Nireeksha,F
Nirej,M
Nirek,M
Nirel,F
Nirelle,Unisex
Niren,M
Nirgs,F
Niria,F
Niriah,F
Niriek,F
Nirinderjit,M
Niriyah,F
Nirja,F
Nirma ,F
Nirmahlan,M
Nirmal,M
Nirmala,F
Nirmalasthuthi,M
Nirmaljit,F
Nirmalvir,M
Nirmalya,M
Nirmeen,F
Nirmit ,M
Nirmol,F
Nirmun,F
Nirodh,M
Niroshan ,M
Niroshi,F
Nirtajbir,M
Niruja ,F
Nirujan ,M
Nirusha,F
Nirushan ,M
Nirva,F
Nirvaan,M
Nirvair ,M
Nirvan,M
Nirvana,F
Nirvanavi,F
Nirvani,F
Nirvanna,F
Nirvar,M
Nirveli,F
Nirvi,F
Nirvik,M
Nirvika,F
Nisa,F
Nisaa,F
Nisaf,F
Nisaga,M
Nisaiah,M
Nisan,M
Nisanur ,F
Nisar ,M
Nisarg,M
Nisba ,F
Nisbah ,F
Niscala,M
Nischal,M
Nischant,M
Nischay,Unisex
Nischea,F
Nisean,M
Nish,M
Nisha,F
Nishaad,Unisex
Nishaan,M
Nishaat ,F
Nishad,M
Nishah,F
Nishal,M
Nishan,M
Nishanko,M
Nishant,M
Nishanth,M
Nishanvir,M
Nishat,F
Nishath ,F
Nishaun,M
Nishawn,M
Nishay,F
Nishaya,F
Nishaye,M
Nishaylan,M
Nishchal ,M
Nishchay,M
Nishea,F
Nishelle,F
Nishera,F
Nishi,F
Nishia,F
Nishika,F
Nishil,M
Nishini,F
Nishit,M
Nishita,F
Nishith,M
Nishitha,F
Nishka,F
Nishma,F
Nishon,M
Nishta,F
Nishtha,F
Nishthha,F
Nishwan,M
Nishyoeravathi,F
Nisi,F
Nisiah,M
Nisiotis,M
Nisma,F
Nisrean,F
Nisreen,F
Nisrit,F
Nissa,F
Nissah,F
Nissan,M
Nissandeep,M
Nissara,F
Nisse,F
Nissel,F
Nissen,M
Nissi,F
Nissie,F
Nissim,M
Nisson,M
Nissreen,F
Nissren,F
Nissy,F
Nita,F
Nita-jane,F
Nitai,M
Nitaish,M
Nitaita,F
Nital,F
Nitalia,F
Nitaljah,F
Nitam,F
Nitan,M
Nitanis,F
Nitara,F
Nitasha,F
Nitashia,F
Nitay,M
Nitaya,F
Niteeka,F
Niteesh,M
Nitem,M
Nitendra,M
Nitesh,M
Nithal,M
Nitharsan ,M
Nitharshan ,M
Nithi,F
Nithijounie,F
Nithika,F
Nithila,F
Nithilan,M
Nithin,M
Nithipan,M
Nithish,M
Nithusha ,F
Nithushan ,M
Nithya,F
Nithyasri,F
Niti,F
Nitika,F
Nitin,M
Nitis,M
Nitish,M
Nitisha,F
Nitiya,F
Nito,M
Niton,M
Nitosha,F
Nitoya,F
Nitpreet,M
Nitra,F
Nitradi,F
Nitraya,F
Nitricia,F
Nitro,M
Nitsa,F
Nittaya,F
Nittra,F
Nitu,F
Nitubona,M
Nitucha,F
Nitya,F
Nitya-kishora,M
Nityapriya,F
Nitza,F
Nitzia,F
Nitzy,F
Niurca,F
Niurka,F
Niusha ,F
Niuslawa,F
Niv,M
Niva,F
Nivaaj,M
Nivaan,M
Nivaeh,F
Nivain,M
Nivan,M
Nivarna,F
Nivaya,F
Nivayah,F
Nivea,F
Niveah,F
Nived,M
Niveda,F
Nivedh,M
Nivedha,F
Nivedita,F
Niveditha,F
Nivee,F
Niveen,F
Nivek,M
Niven,M
Nivena,F
Nives,F
Nivetha,F
Nivethan ,M
Niveya,F
Niveyah,F
Nivi,F
Nivia,F
Niviah,F
Nivin,M
Nivindi,F
Nivitha,F
Nivranshu,M
Nivriti,F
Nivven,M
Nivziatina,F
Niwaaz,M
Niwar,M
Niwaz,M
Niwili,M
Niwrad,M
Nix,Unisex
Nixa,F
Nixaliz,F
Nixan,F
Nixee,F
Nixen,M
Nixene,F
Nixie,F
Nixin,M
Nixmary,F
Nixola,F
Nixon,M
Nixson,M
Nixsy,F
Nixsyn,M
Nixxon,M
Nixxyn,M
Nixyn,M
Nixynn,F
Nixzaliz,F
Nixzon,M
Niya,F
Niyaan,M
Niyae,F
Niyah,F
Niyahlee,F
Niyahna,F
Niyam,M
Niyamat,F
Niyan ,M
Niyana,F
Niyanah,F
Niyanna,F
Niyara,F
Niyareen,F
Niyasia,F
Niyat,F
Niyathi,F
Niyati,F
Niyaz,M
Niyef,M
Niyel,F
Niyeli,F
Niyelle,F
Niyema,F
Niyia,F
Niyiah,F
Niyla,F
Niylah,F
Niyoka,F
Niyom,M
Niyomi,F
Niyon,M
Niyona,F
Niyonna,F
Niza,F
Nizaam,M
Nizaart,F
Nizaiah,M
Nizakat,F
Nizam,M
Nizamodean,M
Nizamuddin ,M
Nizamul ,M
Nizana,F
Nizar,M
Nizarali,M
Nizear,M
Nizel,F
Nizeria,F
Nizhoni,F
Nizhonii,F
Nj ,M
Njada,F
Njal,M
Njari,F
Njari-ann,F
Njau,M
Njeri,F
Njideka,F
Njivwa,M
Njoki,F
Nkao,F
Nkara,F
Nkauj,F
Nkaya,F
Nkayla,F
Nkechi,F
Nkechinyere,F
Nkechiyem,F
Nkem,F
Nkemakolam,F
Nkemdilim,F
Nkemjika,Unisex
Nkenge,F
Nkhamoza,F
Nkirra,F
Nkiru,F
Nkiruka,F
Nkiya,F
Nkiyah,F
Nkosi,M
Nkosilathi,M
Nkrumah,M
Nkwachi,F
Nma ,F
Nman,F
Nmar,M
Nmarg,F
Nmeet,M
Nmesoma,M
Nmichael,M
Nna,F
Nnadozie,M
Nnaemeka,M
Nnamdi,M
Nnanna,M
Nneamaka,F
Nneka,F
Nnekama,F
Nnenna,F
Nneoma,F
Nneotake-Obase,F
Nnya,F
No,Unisex
No'am,M
Noa,Unisex
Noaah,Unisex
Noach,M
Noad,M
Noah,M
Noah-Adam,M
Noah-cooper,M
Noah-Dawn,F
Noah-gabriel,M
Noah-Jack ,M
Noah-James ,M
Noah-Jay ,M
Noah-jeffrey,M
Noah-joel,M
Noah-Joelle,F
Noah-john,M
Noah-Kai,M
Noah-Lee ,M
Noah-lucas,M
Noah-Misak,M
Noah-Mitchell,M
Noah-Ni±o,M
Noah-Yekalo,M
Noaha,F
Noahalexander,M
Noahanthony,M
Noahgabriel,M
Noahh,M
Noahim,M
Noahjames,M
Noal,M
Noala,F
Noalani,F
Noaline,F
Noam,M
Noaman ,M
Noami,F
Noan,M
Noar ,M
Noarene,F
Nobaldeep,M
Nobel,M
Nobert,M
Noberto,M
Nobi,F
Nobia,F
Nobie,F
Noble,M
Nobleline,M
Nobleson,M
Nobomi,F
Noboru,M
Nobu,F
Nobue,F
Nobuhle,F
Nobuichi,M
Nobuko,F
Nobuo,M
Nobuye,F
Nobuyoshi,M
Nobuyuki,M
Nocholas,M
Nochum,M
Nocola,F
Nocole,F
Nocona,Unisex
Noda,F
Nodeisha,F
Nodia,F
Nodie,F
Nodin,M
Nodl,F
Nodlla,F
Nodlle,F
Nodra,F
Noe,M
Noeh,M
Noehly,F
Noehmi,F
Noel,Unisex
Noel-John,M
Noel-Leigh,M
Noel-Ritchie,M
Noela,F
Noelan,M
Noelani,F
Noelannah,F
Noelany,F
Noele,F
Noeleen,F
Noeleen-ruth,F
Noeleene,F
Noelene,F
Noeli,F
Noelia,F
Noelie,F
Noelin,M
Noeline,F
Noelis,F
Noelito,M
Noeliz,F
Noell,F
Noella,F
Noellaya,F
Noelle,F
Noelleen,F
Noellene,F
Noelli,F
Noellia,F
Noellie,F
Noelloni,F
Noelly,F
Noellyn,F
Noely,F
Noelya,F
Noelyn,Unisex
Noelyne,F
Noelynn,F
Noema,F
Noeme,F
Noemi,F
Noemia,F
Noemie,F
Noemy,F
Noer,F
Noewa,F
Noey,M
Nofer,M
Nofil,M
NoFle,F
Noga,F
Nogha,M
Noh ,M
Noha,Unisex
Noha-Abera,M
Nohaa,M
Nohad,F
Nohaol,F
Nohayla,F
Nohe,M
Nohea,Unisex
Nohealani,F
Nohelani,F
Noheli,F
Nohelia,F
Nohelly,F
Nohely,F
Nohemi,F
Nohemit,F
Nohemy,F
Nohl,M
Nohla,F
Nohlan,M
Nohlin,M
Nohya,M
Noire,F
Noirik,M
Noishik,M
Nojan,M
Nojdar,M
Nojin,F
Nojoud,F
Nojus,M
Nokia,F
Nokoma,M
Nokomi,F
Nokomis,F
Nokota,F
Nokutenda ,F
Nokwethemba,F
Nol ,M
Nola,F
Nola-Jean,F
Nolah,F
Nolan,M
Nolana,F
Noland,M
Nolandeep,M
Nolani,F
Nolawe,M
Nolawi,M
Nolawie,M
Nolawit,F
Nolberto,M
Nolda,F
Nole,M
Nole-Kiele,F
Nolee,F
Noleen,F
Nolelee,F
Nolen,M
Nolena,F
Nolene,F
Noleta,F
Noleyn,M
Noli,Unisex
Nolia,F
Nolie,F
Nolin,M
Noline,F
Nolita,F
Noll,M
Nollan,M
Nolleen,F
Nollene,F
Nollie,Unisex
Nolon,M
NolT,M
Noltin,M
Nolton,M
Noluthando,F
Nolwazi,F
Nolwenn ,F
Nolyn,Unisex
Nolyne,F
Nolynn,F
Noma,F
Nomaan ,M
Nomagugu,F
Nomalisa,F
Noman,M
Nomana,F
Nomar,M
Nomeke,F
Nomhle,F
Nomi,F
Nomia,F
Nomie,F
Nomike,F
Nomiki,F
Nomikos,M
Nomin ,F
Nomindee,F
Nomsa ,F
Nomsisi,F
Nomtandazo,F
Non ,F
Nona,F
Nonah,F
Noname,Unisex
Nonda,Unisex
Nondas,F
Nondus,F
None,M
Noneel,M
Nong,M
Nonguni,F
Noni,F
Nonia,F
Nonie,F
Nonna,F
Nonnel,F
Nonni,F
Nonnie,F
Nonniemenaegaes,F
Nonofo,F
Nonoka,F
Nonsikelelo,F
Nonso,F
Nontas,M
Nontharie,M
Nony,F
Nonya,F
Nonzie,F
Nooh,M
Nooha,F
Noomi,F
Noon,F
Noona,F
Noopur,F
Noor,Unisex
Noor-al,M
Noor-Al-Ain ,F
Noor-Al-Huda,F
Noor-Alhoda,F
Noor-Alhuda,F
Noor-Brittney,F
Noor-E-Fatma,F
Noor-e-Iman,F
Noor-e-Saher,F
Noor-E-Seher,F
Noor-Elhoda,F
Noor-Ella,F
Noor-Fatima ,F
Noor-Ishrat,F
Noor-Kaur,F
Noor-Khanu,F
Noor-Ud-Din,M
Noor-Ul-Ain ,F
Noor-Ul-Anne,F
Noor-Ul-Huda ,F
Noor-Ul-Iman,F
Noor-Ul-Manahil,F
Noor-Us-Sama,F
Noora,F
Noorah,F
Noorahmad,M
Noorain ,F
Nooraisha,F
Nooralhadi,M
Nooralhouda,F
NoorAlhuda,F
Nooralhwoda,F
Noorali,M
Nooran ,F
Noorani,F
Noorarshdeep,F
Nooraya,F
Noordeep,Unisex
Noordin ,M
Nooreen,F
Nooren,F
Noorez,M
Noorfatima,F
Noorhan,F
Noori,F
Nooria,F
Nooriah,F
Noorin,F
Noorinder,M
Noorisa,F
Nooriya,F
Nooriyah ,F
Noorjahan,F
Noorjot,F
Noorkamal,Unisex
Noorkamel,F
Noorline,F
Nooromairah,F
Noorpreet,F
Noorul ,Unisex
Noorulain ,F
Noorulhaya,F
Noorullah,M
Noorun,F
Noorvir,F
Nooshin,F
Nopek,M
Nor,Unisex
Nor'Ali,F
Nora,F
Nora-Jane,F
Nora-kate,F
Nora-Lee,F
Noraa,F
Noraay,F
Norabelle,F
Norabiluk,M
Norah,F
Norahani,F
Noraida,F
Noraiz,M
Noraksathyavong,M
Noral,M
Noralba,F
Noralee,F
Noraleigh,F
Noralie,F
Noralva,F
Noralyn,F
Noralynn,F
Noramarie,F
Noran,F
Noranda,F
Norani,F
Norann,F
Noranne,F
Norasingh,M
Norav,M
Noraya,F
Norb,M
Norbert,M
Norberta,F
Norberto,M
Norbet,M
Norbu,M
Nord,M
Norda,F
Nordahl,M
Nordan,M
Nore,Unisex
Norea,F
Norean,F
Noreda,F
Noree,F
Noreece,F
Noreen,F
Noreena,F
Noreene,F
Noreeta,F
Noreita,F
Noreli,F
Norelia,F
Norelis,F
Norell,Unisex
Norella,F
Norelle,F
Norellen,F
Norely,F
Norelys,F
Noren,Unisex
Norena,F
Norene,F
Noreta,F
Noretha,F
Noretta,F
Norfahiza,F
Norfleet,M
Norhan,F
Nori,F
Nori-Lyn,F
Noria,F
Noriah,F
Norian,M
Noriana,F
Norianna,F
Norie,F
Noriel,Unisex
Noriel-Angelo,M
Norielle,F
Noriene,F
Norietta,F
Norieul,F
Norik ,M
Norika,Unisex
Noriko,F
Norimane,F
Norin,F
Norina,F
Norine,F
Norinne,F
Norio,M
Noris,Unisex
Norissa,F
Norita,F
Noritta,F
Noriyah,F
Norjine,F
Norkael,M
Norlan,M
Norland,M
Norleen,F
Norlena,F
Norlene,F
Norlin,M
Norlisha,F
Norlishia,F
Norlyn,M
Norlynn,F
Norm,M
Norma,F
Norma-Jean,F
Norma-nariman,F
Normaa,F
Normagene,F
Normajean,F
Normal,Unisex
Normalea,F
Normalee,F
Normalinda,F
Norman,M
Norman-Muhamed,M
Normand,M
Normandie,F
Normando,M
Normandy,F
Normann,M
Normen,M
Normia,F
Normie,F
Normon,M
Norna,F
Nornell,M
Norra,F
Norrah,F
Norrec,M
Norredine,M
Norreen,F
Norrel,M
Norrell,Unisex
Norrene,F
Norreta,F
Norretta,F
Norri,F
Norriah,F
Norrie,F
Norriel,F
Norrin,M
Norrine,F
Norrineta,F
Norris,M
Norrisa,F
Norrish,M
Norrita,F
Norse,M
Norten,M
North,M
Northa,F
Northern,M
Northrop,M
Norton,M
Norullain,F
Norva,F
Norval,M
Norvan,M
Norvanna,F
Norveen,F
Norvel,M
Norvell,M
Norvella,F
Norvelle,Unisex
Norvene,F
Norvie,F
Norvil,M
Norville,M
Norvin,M
Norvis,F
Norvisi,F
Norvyn,M
Norward,M
Norwin,M
Norwood,M
Nory,F
Norzia,F
NoS,F
Nosa,M
Nosakhare,M
Nosayamamwen,F
Nosaze,M
Noshaba ,F
Nosheen,F
Noshen,F
Noshin,F
Noshin-Naz,F
Nosimilo,F
Nosiphiwo,F
Noslen,M
Nosson,M
Nostha,F
Not,Unisex
Nota,F
Notalina,F
Notasha,F
Nothando ,F
Notie,F
NoTl,F
Notley,M
NoTlle,F
NoTmi,F
NoTmie,F
NoTmy,F
Notnamed,Unisex
Notoria,F
Notorious,M
Nou,Unisex
Nouchee,F
Nouchig,F
Nouci,F
Nouel,M
Nouell,M
Nouer,F
Nouf,F
Noufel,M
Nouh,M
Nouha,F
Nouhad,F
Nouhad-Melhem,F
Noula,F
Noumaan ,M
Nouman,M
Noumbou,F
Noun,M
Nountenin,F
Nour,Unisex
Nour-al-huda,F
Nour-Edean,M
Noura,F
Noura-Fadwa,F
Nourah,F
Nouraldeen,M
Nouran,F
Noureddin,M
Noureddine,M
Noureen,F
Noureldin,M
Noureldin-Surecrat,M
Nourfatimah,F
Nourhan,F
Nourhann,F
Nouri,Unisex
Nouria ,F
Nouridine,M
Nourin ,F
Nourine,F
Nouriyah,F
Nourleen,F
Nours,F
Nouruddine,M
Nousheen,F
Noushin ,F
Nouveau,F
Nouvelle,F
Nov,M
Nova,F
Nova-Bella,F
Nova-Laine,F
Nova-Lee,F
Nova-Leigh,F
Novada,M
Novadawn,F
Novah,Unisex
Novak,M
Noval,M
Novalea,F
Novalee,F
Novaleen,F
Novalei,F
Novaleigh,F
Novalene,F
Novaley,F
Novali,F
Novalie,F
Novalin,F
Novaly,F
Novalyn,F
Novalyne,F
Novalynn,F
Novanna,F
Novaya,M
Noveah,F
Novejot,F
Novel,Unisex
Novela,F
Novelia,F
Noveline,F
Novell,F
Novella,F
Novelle,F
November,F
November-Rain,F
November-Sage,F
Novena,F
Noveta,F
Novi,F
Novia,F
Novian,M
Novice,F
Novie,F
Novin,M
Novina,F
Novis,F
Novjot,M
Novjyot,F
Novotny,F
Novy,Unisex
Nowa,M
Nowaar,M
Nowaf,M
Nowah,M
Nowal,Unisex
Nowayer,F
Nowel,Unisex
Nowela,F
Nowell,M
Nowellia,F
Nowen,M
Nown,M
Nowr,F
Nowshin,F
Nox,M
Noy,F
Noya,F
Noyan ,M
Noychithar,F
Noyel,F
Noyes,M
Noys,M
Nozgekani,F
Nozomi,F
Nozzey,M
Nqabenhle,M
Nqabeni,M
Nseya,F
Nshan,M
Nshiya,F
Nshr,M
Nshyra,F
Nsombi,F
Nsovo,F
Nßndor,M
Nstarzia,F
Ntalia,F
Ntandoyenkosi ,M
Ntare,M
NTcole,F
Ntembe,F
Nthan,M
Nthony,M
Ntina,F
Ntita,M
NTmiah,F
NTomie,F
NTric,M
Nu,F
Nu-Thanh-Nhi,F
Nua,F
Nuala,F
Nualah,F
Nualchan,F
Nualla,F
Nuam,F
Nuamen,F
Nuanyun,F
Nuaymah ,F
Nubaid,M
Nubal,M
Nubayed,M
Nube,F
Nubia,F
Nubian,F
Nubil,M
Nuccia,F
Nuchem,M
Nudba,F
Nudeen,F
Nuel,M
Nuela,F
Nuella,F
NuEmi,F
Nuer,M
Nugegodage,F
Nugent,M
Nuh,M
Nuha,F
Nuhaa ,F
Nuhad,M
Nuhamin,F
Nuhamine,F
Nuhar,F
Nuhkeri,F
Nui,M
Nuif,M
Nujdar,M
Nujhat ,F
Nujood,F
Nukara,F
Nukirk,M
Nula ,F
Nulan,M
Nulat,M
Nuly,Unisex
Numa,Unisex
Numaan ,M
Numair,M
Numan,M
Numayr ,M
Numfah,F
Numon,M
Numra ,F
Nuna,F
Nunay,F
Nunciata,F
Nuncio,M
Nune,M
Nunessa,F
Nungan,F
Nuno,M
Nunthranade,M
Nunu,F
Nunya,F
Nunzia,F
Nunziata,F
Nunziatina,F
Nunziatine,F
Nunziato,M
Nunzie,M
Nunzio,M
Nuo ,F
Nuoh-Shyng,M
Nuoyi,F
Nupur,F
Nur,Unisex
Nura,F
Nuradin,M
Nurah,F
Nuraini,F
Nural,F
Nuralhuda,F
Nuram,F
Nuramina,F
Nuran,F
Nuray,F
Nuraya,F
Nurayah,F
Nuraz,M
Nurcan,F
Nurdeen,M
Nurdiin,M
Nurdin ,M
Nurdine,M
Nuredin,M
Nureen,F
Nurein ,M
Nurelhoda,F
Nurelhuda,F
Nurell,F
Nurelle,F
Nurettin ,M
Nurez,M
Nurhayati,F
Nurhuda,F
Nuri,Unisex
Nuria,F
Nuriah,F
Nurian,F
Nuriel,M
Nurin ,F
Nurin-Safiya,F
Nurisha,F
Nurissa,F
Nurit,F
Nuriya,F
Nuriyah,F
Nuriye,F
Nurleen,F
Nurmeen,F
Nurray,M
Nursan,M
Nurserina,F
Nursheen,F
Nursheila,F
Nursima,F
Nurto,F
Nuru,M
Nuruddin ,M
Nurul,Unisex
Nurul-eman,F
Nurulain,F
Nury,F
Nusaiba,F
Nusaibah,F
Nusaiybah ,F
Nusayba,F
Nusaybah,F
Nusayr,M
Nuseba,F
Nuseyba ,F
Nusha,F
Nushin,F
Nushrat ,F
Nusia,F
Nusrat,F
Nusrath ,F
Nusret,M
Nussen,M
Nussiba,F
Nute,M
Nuthaniel,M
Nuuh ,M
Nuuman,M
Nuura,F
Nuurto,F
Nuvia,F
Nuvo,M
Nuwan,M
Nuwol,M
Nuxma,F
Nuyen,F
Nuyette,F
Nuzha ,F
Nuzhat,F
Nuzhet,F
Nuzia,F
Nvuselelo,M
Nwachukwu,M
Nwadiogo,F
Nwamaka,F
Nwean,F
Ny,F
Ny'kira,F
Ny-omee,F
Nya,F
Nyabang,F
Nyabany,F
Nyabel,F
Nyabichiok,F
Nyabiel,F
Nyabiey,F
Nyabol,F
Nyabuke,F
Nyabuom,F
Nyabuoy,F
Nyachade,F
Nyachaing,F
Nyachang,F
Nyachangkuoth,F
Nyachol,F
Nyachudear,F
Nyachudier,F
Nyadang,F
Nyadeet,F
Nyadeng,F
Nyadhoal,F
Nyadhole,F
Nyadholi,F
Nyadholly,F
Nyadieng,F
Nyadier,F
Nyadoar,F
Nyadongni,F
Nyadoni,F
Nyaduol,F
Nyagach,F
Nyagai,F
Nyagay,F
Nyagoa,F
Nyagoyni,F
Nyaguich,F
Nyah,F
Nyah-Dawn,F
Nyahlee,F
Nyahoal,F
Nyaiik,F
Nyaijah,F
Nyailah,F
Nyair,M
Nyaira,F
Nyairah,F
Nyaire,Unisex
Nyaisa,F
Nyaisha,F
Nyaja,F
Nyaja-Lynn,F
Nyajab,F
Nyajah,F
Nyajak,F
Nyajal,F
Nyajiah,F
Nyajok,F
Nyajuok,F
Nyajuor,F
Nyak,M
Nyakama,F
Nyakan,F
Nyakang,F
Nyakek,F
Nyakera,F
Nyakhan,F
Nyakhor,F
Nyakier,F
Nyakiir,F
Nyakir,F
Nyakong,F
Nyakour,F
Nyakouth,F
Nyakuar,F
Nyakuch,F
Nyakueth,F
Nyakuey,F
Nyakuma,F
Nyakume,F
Nyakuoth,F
Nyakurthe,F
Nyal,M
Nyala,F
Nyalah,F
Nyalang,F
Nyalapantja,F
Nyalat,F
Nyalee,F
Nyaleeth,F
Nyalem,F
Nyaletni,F
Nyaleuth,F
Nyalew,F
Nyali,F
Nyaliap,F
Nyaliep,F
Nyalim,F
Nyaliny,F
Nyalise,F
Nyalitda,F
Nyalite,F
Nyaliw,F
Nyall ,M
Nyalok,F
Nyalopy,F
Nyalow,F
Nyaluak,F
Nyalueth,F
Nyaluhar,F
Nyamach,F
Nyamal,F
Nyaman,F
Nyamar,F
Nyamat,Unisex
Nyambura,F
Nyameer,F
Nyamer,F
Nyamerri,F
Nyamiri,F
Nyamooth,F
Nyamuoch,F
Nyan,M
Nyana,F
Nyanaath,F
Nyanagar,F
Nyanasir,F
Nyanath,F
Nyanayiik,F
Nyanayur,F
Nyanbeny,F
Nyanbol,F
Nyanda,F
Nyandeng,F
Nyandiid,F
Nyanen,F
Nyang,M
Nyangel,F
Nyanguong,F
Nyanhail,F
Nyanhial,F
Nyani,F
Nyaningu,M
Nyanjok,F
Nyankier,F
Nyankiir,F
Nyankuer,F
Nyanluak,F
Nyanna,F
Nyanuar,F
Nyanuer,F
Nyanwell,F
Nyanwoot,F
Nyanwut,F
Nyanyiik,F
Nyanza,F
Nyapal,F
Nyapan,F
Nyaphar,F
Nyapuka,F
Nyapuok,F
Nyapuot,F
Nyar,F
Nyara,F
Nyarac,F
Nyaradzo,F
Nyarah,F
Nyarai,F
Nyari,F
Nyariak,F
Nyariang,F
Nyariatni,F
Nyarie,F
Nyariek,F
Nyarieka,F
Nyarony,F
Nyaroup,F
Nyaruac,F
Nyaruach,F
Nyaruach-Ngina,F
Nyaruayne,F
Nyaruon,F
Nyaruop,F
Nyaruot,F
Nyasa,F
Nyasebit,F
Nyasha,F
Nyashia,F
Nyasia,F
Nyasiah,F
Nyassa,F
Nyasunday,F
Nyat,F
Nyater,F
Nyathaak,F
Nyathak,F
Nyatham,F
Nyathiang,F
Nyathiech,F
Nyathijin,F
Nyathor,F
Nyathyang,F
Nyatitcheang,F
Nyatoang,F
Nyatong,F
Nyatony,F
Nyatuach,F
Nyauna,F
Nyawal,F
Nyawang,F
Nyawarga,F
Nyawargak,F
Nyawech,F
Nyawelo,M
Nyaweng,F
Nyawuda,F
Nyawura,F
Nyayan,F
Nyayang,F
Nyayany,F
Nyayian,F
Nyayow,F
Nyayul,F
Nyazia,F
Nyaziah,F
Nybee,F
Nybol,F
Nybria,F
Nycailah,F
Nycea,F
Nycere,M
Nychelle,F
Nycholas,M
Nychole,F
Nycia,F
Nyckolas,M
Nyckollus,M
Nyco,F
Nycol,F
Nycolas,M
Nycole,F
Nycoma,Unisex
Nyctea,M
Nyda,F
Nydaisha,F
Nydasia,F
Nydel,M
Nydell,M
Nyden,M
Nyderah,F
Nydia,F
Nydir,M
Nydirah,F
Nydra,F
Nye,M
Nyeasha,F
Nyeasia,F
Nyebath,F
Nyebigoa,F
Nyeboth,F
Nyechuor,F
Nyeda,F
Nyedoar,F
Nyeduoth,F
Nyeem,M
Nyeema,F
Nyeemah,F
Nyeesha,F
Nyehok,F
Nyeim,M
Nyeisha,F
Nyeka,F
Nyekhan,F
Nyekuar,F
Nyel,Unisex
Nyela,F
Nyelah,F
Nyele,F
Nyeli,F
Nyell,F
Nyella,F
Nyelle,F
Nyelli,F
Nyellie,F
Nyema,F
Nyemah,F
Nyemal,F
Nyemia,F
Nyemiah,F
Nyemuoch,F
Nyemuon,F
Nyenna,F
Nyera,F
Nyerere,M
Nyerial,F
Nyesha,F
Nyeshia,F
Nyetiobong,F
Nyetoang,F
Nyewaar,F
Nyewal,F
Nygarie,F
Nygee,M
Nygel,M
Nygeria,F
Nygerie,F
Nygia,F
Nygil,M
Nyha,F
Nyheem,M
Nyheim,M
Nyhiem,M
Nyhla,F
Nyia,F
Nyiah,F
Nyiana,F
Nyiara,F
Nyiasia,F
Nyibol,F
Nyicor,F
Nyidhal,F
Nyidier,F
Nyieil,F
Nyiel,F
Nyiema,F
Nyier,M
Nyiesha,F
Nyijur,F
Nyikok,F
Nyila,F
Nyilah,F
Nyima,F
Nyimah,F
Nyirah,F
Nyirinwa,M
Nyisa,F
Nyisha,F
Nyja,F
Nyjae,F
Nyjah,Unisex
Nyjai,F
Nyjal,M
Nyjee,M
Nyjel,M
Nyjeria,F
Nyjia,F
Nyjuan,M
Nyjur,F
Nykaea,F
Nykala,F
Nykayla,F
Nykayla-Rayann,F
Nyke,M
Nykea,F
Nykeah,F
Nykeba,F
Nykee,M
Nykeem,M
Nykeema,F
Nykeemah,F
Nykeesha,F
Nykeia,F
Nykeilah,F
Nykeira,F
Nykeisha,F
Nykel,M
Nykell,M
Nykera,F
Nykeria,F
Nykerria,F
Nykesha,F
Nykeshia,F
Nykeya,F
Nykhia,F
Nykia,F
Nykiah,F
Nykiera,F
Nykila,F
Nykin,M
Nykira,F
Nykiria,F
Nykisha,F
Nykita,F
Nykita-Marie,F
Nykitha,F
Nykki,F
Nykkol,F
Nykkole,F
Nyklaus,M
Nyko,M
Nykoda,M
Nykola,M
Nykolai,M
Nykolas,M
Nykole,F
Nykylan,M
Nyl,M
Nyla,F
Nyla-Rae ,F
Nyla-Rose ,F
Nylaa,F
Nylae,F
Nylagh,F
Nylah,F
Nylah-Rose ,F
Nylahe,F
Nylajah,F
Nylan,Unisex
Nyland,M
Nylanda,F
Nylani,F
Nylanna,F
Nylasia,F
Nylaya,F
Nylayah,F
Nyle,M
Nylea,F
Nyleah,F
Nylee,F
Nyleen,F
Nyleigh,F
Nyleita,F
Nylen,Unisex
Nylene,F
Nyles,M
Nyleve,F
Nylia,F
Nyliah,F
Nylie,F
Nylin,Unisex
Nyliyah,F
Nylla,F
Nyllah,F
Nyllia,F
Nylrry,F
Nylsha,F
Nylueth,F
Nylynne,F
Nymeria,F
Nymir,M
Nymisha,F
Nyna,F
Nynke ,F
Nynnilah,F
Nyo,M
Nyoach,M
Nyobi,F
Nyok,M
Nyoka,F
Nyol,M
Nyola,F
Nyola-ann,F
Nyoli,F
Nyolie,F
Nyoman,Unisex
Nyome,F
Nyomee,F
Nyomi,F
Nyomie,F
Nyomii,F
Nyona,F
Nyong,M
Nyonna,F
Nyorie,F
Nyosha,F
Nyota,F
Nypan,F
Nypsia,F
Nyquan,M
Nyquasha,F
Nyquasia,F
Nyra,F
Nyrab,M
Nyrah,F
Nyran,M
Nyre,Unisex
Nyree,F
Nyreesha,F
Nyrek,M
Nyrell,M
Nyrelle,F
Nyria,F
Nyriack,F
Nyriah,F
Nyrie,F
Nyrieah,F
Nyrissa,F
Nyrmin,F
Nyrobi,F
Nyron,M
Nyrose,F
Nyrou,F
Nyrvana,F
Nysa,F
Nysaiah,M
Nysean,M
Nyseem,M
Nysha,F
Nyshae,F
Nyshal,F
Nyshaun,M
Nyshawn,M
Nyshay,F
Nyshea,F
Nyshia,F
Nyshon,M
Nysia,F
Nysir,M
Nysire,M
Nyson,M
Nyssa,F
Nyssah,F
Nyssha,F
Nystrom,M
Nyta,F
Nytacia,F
Nytasha,F
Nytasia,F
Nytavious,M
Nyteria,F
Nytesh,M
Nytewolf,M
Nythanial,M
Nythia,F
Nytia,F
Nytisha,F
Nytrell,M
Nyua,F
Nyueny,M
Nyukana,F
Nyuol,M
Nyuon,M
Nyut,F
Nyuwara,F
Nyvaeh,F
Nyvea,F
Nyveah,F
Nyveaha,F
Nyvelah,F
Nyvia,F
Nyx,F
Nyxan,F
Nyxi,F
Nyxie,F
Nyxon,M
Nyya,F
Nyza,F
Nyzae,M
Nyzaiah,M
Nyzair,M
Nyzaire,M
Nyzere,M
Nyzeria,F
Nyzeth,F
Nyziah,M
Nyzier,M
Nyzir,M
Nyzza,F
Nza ,F
Nzanka,F
Nzenny,F
Nziga,F
Nzinga,F
Nzingha,F
Nzoputa,M
Nzuri,F