O,F
O'Brien,M
O'Chang,M
O'che,M
O'Hara,F
O'leshya,F
O'Neil ,M
O'Neill ,M
O'Peter,M
O'reilly,M
O'relle,F
O'rian,M
O'Rielly,M
O'ryan,M
O'Shae ,M
O'Shai ,M
O'Shane ,M
O'Shaun,M
O'Shay ,Unisex
O'Shea ,M
O'tillia,F
O'zali,F
Oadly,M
Oaisa,F
Oak,M
Oakarie,F
Oakden,M
Oaken,M
Oakes,M
Oakey,M
Oakha,M
Oakhlan,M
Oaki,M
Oakie,Unisex
Oaklan,M
Oakland,M
Oaklane,F
Oaklea,F
Oaklee,Unisex
Oaklei,F
Oakleigh,F
Oaklen,M
Oakley,Unisex
Oakley-Blue ,M
Oakli,F
Oaklie,F
Oaklin,M
Oakly,M
Oaklyn,Unisex
Oaklynd,F
Oaklynn,F
Oaks,M
Oalah,F
Oana ,F
Oanh,F
Oarrie,M
Oasis,F
Oatha,F
Oather,M
Oatis,M
Oaya,F
Oba,M
Obada,M
Obadah,M
Obadah-Abedelrahim,M
Obadiah,M
Obafemi,M
Obai,M
Obaid,M
Obaida,M
Obaidullah ,M
Obaloluwa,M
Obama,M
Oban ,M
Obanel,M
Obasi,M
Obayy,M
Obbie,M
Obdulia,F
Obdulio,M
Obe,M
Obed,M
Obeda,Unisex
Obediah,M
Obehi,F
Obeida,Unisex
Obeidh,M
Obelia,F
Obelix,M
Ober,M
Obera,F
Oberia,F
Oberon,M
Obert,M
Oberta,F
Oberyn,M
Obet,M
Obeth,M
Obey,M
Obeydah,M
Obhik,M
Obi,M
Obiajulu ,M
Obianuju,F
Obichukwu,M
Obida,Unisex
Obidah,M
Obidon,F
Obie,M
Obinna,M
Obinnaya,M
Obiora,M
Oblio,M
Obol,M
Obosamwinhiaye,M
Obra,M
Obrad,M
Obrad-illya,M
Obrain,M
Obrey,Unisex
Obrian,M
Obrien,M
Obry,M
Obryan,M
Obryant,M
Obryn,M
Obsa,M
Obsan,Unisex
Obsidian,M
Obsidian-Angel,M
Obsito,F
Obteen,M
Oby,M
Obyda,M
Oc,M
Oca,F
Ocasio,M
Occie,F
Occy,M
Oce,M
Ocea,F
Oceah,F
Oceahn,F
Oceal,F
Ocean,Unisex
Ocean-Blu ,F
Ocean-Jacob,M
Ocean-Joy,F
Ocean-Lee,F
Ocean-Marie,F
Ocean-Tuzikamisa,F
Oceana,F
Oceane,F
Oceanea,F
Oceania,F
Oceanis,M
Oceanna,F
Oceanne ,F
Oceanya,F
Oceia,F
Oceiana,F
Ocelia,F
Ocella,F
Oceola,F
Ocey,F
Ochan,M
Ochean,F
Ochiana,F
Ochiel,M
Ochilamil,F
Ochre,Unisex
Ochuwa,F
Ocia,F
Ociana,F
Ocianna,F
Ocie,Unisex
Ociel,M
Oclan,M
Oconner,M
Oconnor,M
Octa,F
Octabio,M
OcTane,F
OcTanna,F
OcTanne,F
Octava,F
Octave,M
Octavia,F
Octavian,M
Octaviana,F
Octaviano,M
Octavias,M
Octavie,F
Octavien,M
Octavio,M
Octavion,M
Octavious,M
Octavis,M
Octavius,M
Octavus,M
Octavya,F
Octayvia,F
Octivia,F
October,F
October-Rose,F
Octovia,F
Octtavio,M
Od,M
Oda,Unisex
Odaee,M
Odafe ,M
Odai,M
Odal,F
Odali,F
Odalis,F
Odaliz,F
Odaly,F
Odalys,F
Odalyz,F
Odaniel,M
Odarius,M
Odarka,F
Odarrius,M
Odas,M
Oday,M
Odayh,M
Odbert,M
Odde,M
Oddessa,F
Oddette,F
Oddie,Unisex
Oddis,M
Oddo,M
Ode,M
Odeal,F
Odean,Unisex
Oded,M
Odeh,M
Odel,M
Odele,F
Odelia,F
Odeliah,F
Odelinda,F
Odell,Unisex
Odella,F
Odelle,F
Odellia,F
Odelya ,F
Oden,M
Odena,F
Odene,Unisex
Odeon,M
Oder,M
Odera,Unisex
Oderin,M
Odes,M
Odesa,F
Odessa,F
Odesser,F
Odessey,F
Odessia,F
Odessie,F
Odester,F
Odet,F
Odeta,F
Odete,F
Odeth,F
Odett,F
Odetta,F
Odette,F
Odette-Lynn,F
Odeyi,M
Odhen,M
Odhin,M
Odhinn,M
Odhran ,M
Odi,M
Odia,Unisex
Odice,M
Odie,Unisex
Odies,M
Odila,F
Odile,F
Odilia,F
Odilichukwu,M
Odilon,M
Odin,M
Odinakachukwu ,M
Odinn,M
Odion,F
Odis,M
Odisseas,M
Odjen,M
Odol,F
Odolla,M
Odom,M
Odon,M
Odos,M
Odosa,M
Odosca,F
Odra,F
Odrija ,F
OdrTe,F
Odufa,F
Odunayo ,Unisex
Odus,M
Oduware,F
Ody,Unisex
Ody-nicholas,M
Odye,M
Odyn,M
Odynn,M
Odyssa,F
Odysseas ,M
Odysseus,M
Odyssey,F
Odyssia,F
Oebe,M
Oeisia,F
Oel,M
Oella,F
Oemar,M
Oen,M
Oenna,F
Oenone ,F
Oesa,F
Oesha,F
Oestara,F
Ofa,Unisex
Ofaira,F
Ofek,M
Ofelia,F
Ofeloreoluwa,F
Offendia,F
Offie,Unisex
Ofilia,F
Ofir,M
Ofira,F
Ofosua,F
Ofri,Unisex
Ofure ,F
Oganda,M
Ogbewi,M
Ogden,M
Oge,M
Ogechi,F
Ogechika,F
Ogechukwu,Unisex
Ogechukwukamma,F
Ogeller,M
Ogen-rwot,M
Oghene,F
Oghenebrume ,M
Oghenefega ,F
Oghenefegor,F
Oghenefejiro ,Unisex
Oghenemaro ,M
Oghenemine,F
Oghenerabome,M
Ogheneruemu,M
Oghenerukevwe ,Unisex
Ogheneruno,Unisex
Ogheneruona,F
Oghenetega,Unisex
Oghenetejiri ,M
Oghenevwede,M
Oghenevwogaga,M
Ogheneyole,M
Ogheneyoma,Unisex
Oghogho,Unisex
Oghosa,Unisex
Ogie,Unisex
Ogkayan,F
Ogle,M
Ognadon,M
Ognjen,M
Ogochukwu,Unisex
Ogochukwuka,F
Ogoma,F
Ogooluwa,F
Ogooluwakunmi,M
Ogreta,F
Ogulcan ,M
Ogunlana,M
Oguz,M
Oguzhan ,M
Ogyem,M
Oh,M
Ohad,M
Ohagi,M
Ohajee,M
Ohaji,M
Ohan,M
Ohana,F
Ohani,M
Ohanna,F
Ohara,Unisex
Oharra,F
Ohemaa,F
Ohene,M
Oheneba ,M
Ohis,M
Ohitika,M
Ohlin,M
Ohlund,M
Ohlyn,M
Ohm,M
Ohmeah,F
Ohmer,M
Ohn,M
Ohnas,F
Ohnesty,F
Ohryah,M
Ohryia,F
Ohsaw,M
Ohunene,F
Oi,F
Oi-Yan,F
Oilton,M
Oilylah,F
Oiram,M
Oise,M
Oisin,M
Oisin-patrick-pierre,M
Oisin-taylor,M
Oiva,M
Oj,M
Ojai,M
Ojalpreet,F
Ojani,M
Ojany,M
Ojars,M
Ojas,M
Ojasvi,F
Ojaswi,F
Ojay,M
Oje,M
Ojee,M
Ojetta,F
Oji,M
Ojoe,M
Ojok-Acii,M
Ojore',M
Ojoshimite,M
Ojullo,M
Ojulo,M
Ojwok,M
Ok,F
Ok-sung,M
Oka,F
Okairy,F
Okal,Unisex
Okalani,F
Okalany,F
Okami,F
Okan,M
Okanees,F
Okarb,M
Okba,M
Oke-Tw'sha,F
Okechi,M
Okechukwu,M
Okeema,F
Okeima,F
Okeith,M
Okello,M
Okema,F
Okemena,M
Okemia,F
Okemow,M
Okeri,M
Okey,M
Okie,Unisex
Okikiola ,M
Okima,F
Okimasis,M
Okimawiskwew,F
Okimowawasis,M
Okiniy,M
Okis,M
Okiya,M
Okkes ,M
Okla,F
Oklahoma,F
Okley,M
Okoth,M
Okoye,M
Okpara,M
Okpoti,M
Oksan,F
Oksana,F
Oksana-Maria,F
Oksanah,F
Oksanna,F
Okshanah,F
Oktam,M
Oktavia,F
Oktawia ,F
Oktay ,M
Oktober,F
Okumu,M
Okun,M
Okunyi,M
Okyn,M
Ola,F
Ola-Nayef,F
Ola-rae,F
Olabisi,F
Olabode,M
Olachi,F
Oladamola,M
Oladapo,M
Oladayo ,M
Oladejo,M
Oladele,M
Oladimeji,M
Oladipo,M
Oladipupo,M
Oladis,F
Oladotun,M
Olaedo ,F
Olaf,M
Olafur,M
Olaga,F
Olah,F
Olai,M
Olaitan ,Unisex
Olaiya,F
Olajawon,M
Olajide,M
Olajumoke,F
Olajuwan,M
Olajuwon,M
Olakoyejo,M
Olakunle,M
Olalekan,M
Olamae,F
Olamide,Unisex
Olamilekan,M
Olamipo,M
Olamiposi,Unisex
Olan,M
Olana,F
Oland,M
Olanda,Unisex
Olander,M
Olando,M
Olani,F
Olanike,F
Olaniyan,M
Olanna,F
Olanrewaju,M
Olanzo,M
Olaoluwa,M
Olaoluwakitan ,M
Olar,F
Olara,M
Olarewaju ,M
Olas,M
Olaseni ,M
Olaser,F
Olasubomi ,Unisex
Olasunkanmi,M
Olatayo ,M
Olatokunbo,Unisex
Olatomiwa ,M
Olatumi,M
Olatunbosun ,M
Olatunde,M
Olatunji,M
Olaus,M
Olav,M
Olava,F
Olavi,M
Olawale,M
Olaya,F
Olayemi ,Unisex
Olayide,F
Olayinka,Unisex
Olayna,F
Olbin,M
Oldair,M
Olden,M
Oldrich,M
Ole,M
Olea,F
Olean,F
Oleand,M
Oleane,F
Oleaster,M
Oleatha,F
Oleavia,F
Olebea,F
Oleceiya,F
Olech,M
Oleda,F
Olee,Unisex
Oleen,F
Oleese,F
Oleeta,F
Oleg,M
Olegario,M
Oleh,M
Oleita,F
Olek ,M
Olekci,M
Oleksa,M
Oleksander,M
Oleksandr,M
Oleksij,M
Oleksiy,M
Olema,F
Olemi,M
Olen,M
Olena,F
Olene,F
Olenka,F
Oler,F
Oles,M
Olesha,F
Olesia,F
Olessa,F
Olessya,F
Olester,M
Olesya,F
Oleta,F
Oletha,F
Olethea,F
Olethia,F
Oletta,F
Olev,M
Oleva,F
Olevia,F
Olexa,F
Olexander,M
Olexandra,F
Olexia,F
Olexij,M
Olexus,F
Oley,M
Olfatullah,M
Olga,F
Olga-erminia,F
Olga-Stephanie-Maria,F
Olgatina,F
Olgia,F
Olgie,F
Olgierd ,M
Olha,F
Oli,M
Olia,F
Oliana,F
Olianna,F
Olias,M
Oliber,M
Olibia,F
Olice,Unisex
Olicia,F
Olida,F
Olidia,F
Olie,Unisex
Olif,M
Olija,M
Olijah,M
Olimbia,F
Olimpia,F
Olimpiada,F
Olin,M
Olin-pax,M
Olina,F
Olinda,F
Olindo,M
Oline,F
Olinka,F
Olis,Unisex
Olisa,F
Olisaemeka,M
Olise,F
Olisha,F
Olisia,F
Olita,F
Oliur ,M
Oliva,F
Olivah,M
Olivama,F
Olivar,M
Olive,F
Olivea,F
Oliveah,F
Oliven,F
Olivene,F
Oliver,M
Oliver-Carl,M
Oliver-Daniel ,M
Oliver-George ,M
Oliver-Jack ,M
Oliver-jaie,M
Oliver-James ,M
Oliver-Jay ,M
Oliver-John ,M
Oliver-Lee ,M
Olivera,F
Oliverio,M
Oliveris ,M
Oliverjames,M
Olivers ,M
OliverTodd,M
Olivet,F
Olivett,F
Olivette,F
Oliveyah,F
Olivia,F
Olivia- ,F
Olivia-alexandra,F
Olivia-Ann ,F
Olivia-Desarai,F
Olivia-diane,F
Olivia-elsa,F
Olivia-Faith ,F
Olivia-Grace ,F
Olivia-Helena,F
Olivia-Hope ,F
Olivia-Jade ,F
Olivia-jae,F
Olivia-Jaine,F
Olivia-Jane ,F
Olivia-Jayne ,F
Olivia-Jean ,F
Olivia-Jennifer,F
Olivia-Jo ,F
Olivia-Joy,F
Olivia-kate,F
Olivia-Lauren,F
Olivia-Lea ,F
Olivia-Lee ,F
Olivia-lei,F
Olivia-Leigh ,F
Olivia-Lilly ,F
Olivia-Lily ,F
Olivia-Louise ,F
Olivia-Mae ,F
Olivia-Mai ,F
Olivia-Marie ,F
Olivia-May ,F
Olivia-Paige ,F
Olivia-Rae ,F
Olivia-Rai,F
Olivia-Ray,F
Olivia-renee,F
Olivia-Rose ,F
Oliviaann,F
Oliviagrace,F
Oliviah,F
Oliviamarie,F
Olivian,F
Oliviana,F
Olivianna,F
Olivianne,F
Oliviarose,F
Olivier,M
Olivier-Christopher,M
Oliviero,M
Olivija,F
Olivin,F
Olivine,F
Olivio,M
Oliviya,F
Oliviyah,F
Olivjia,F
Olivo,M
Olivya,F
Olivyah,F
Oliwer ,M
Oliwia,F
Oliwier ,M
Oliyah,F
Olizus,M
Olla,F
Olle,Unisex
Olleigh,M
Ollen,M
Ollene,F
Olley ,M
Olli,M
Ollia,F
Ollice,M
Ollie,Unisex
Ollie-James ,M
Ollie-Jay ,M
Ollie-Joe ,M
Ollie-Ray ,M
Olliemae,F
Olliett,M
Ollin,M
Olline,F
Ollis,M
Ollivander,M
Ollive,F
Olliver,M
Ollivia,F
Olliyah,F
Olly,M
Olly-James ,M
Olly-Jay ,M
Olly-Ray ,M
Ollye,F
Ollyn,M
Olma,F
Olman,M
Olmo,M
Olna,F
Olney,M
Olof,M
Olohita,F
Oloi,F
Ololade,F
Olon,M
Olorunfemi,M
Olorunifemi,F
Oloruntoba ,M
Olsa ,F
Olsen,M
Olsi ,M
Olson,M
Olt ,M
Olta ,F
Olti ,M
Oltijon,M
Oltion ,M
Olton,M
Olu,M
Olubiyi,M
Olubukola,F
Olubunmi,F
Olubusola,F
Oluchi,F
Oluchukwu,Unisex
Oludara,F
Oludunni,F
Oluf,M
Olufemi,M
Olufikayomi,M
Olufolakade,M
Olufunke,F
Olufunmilayo,F
Olufunmilola ,F
Olugbenga ,M
Olujimi,M
Olukayode,M
Olukemi,F
Olukolade,M
Olukorede,F
Olulana,M
Oluleke,M
Olum,F
Olumay,M
Olumayowa ,F
Olumide,M
Olumidola,F
Olumuyiwa,M
Olunati,M
Olunifemi,F
Oluomachukwu,F
Oluremi,Unisex
Olurotimi,M
Olus,M
Olusegun,M
Oluseun,M
Oluseyi,M
Olusheyi,F
Olushina,M
Olushola,M
Olusina,M
Olusola ,M
Olutamilore,F
Olutayo,M
Olutimi,M
Olutobi ,M
Olutomi ,F
Olutomilola ,F
Olutoni,M
Olutosin,F
Olutoyin,F
Olutuminu,M
Oluwabukola,F
Oluwabukunmi,Unisex
Oluwabunmi,F
Oluwabusayomi ,F
Oluwabusola,F
Oluwadabira,F
Oluwadamilare,M
Oluwadamilola,Unisex
Oluwadamisi ,M
Oluwadanikanse,M
Oluwadara,Unisex
Oluwadarasimi,Unisex
Oluwadare ,M
Oluwademilade,Unisex
Oluwadolapo ,F
Oluwadunmininu,F
Oluwadunsin,F
Oluwadurotimi,M
Oluwafeikemi,M
Oluwafemi,M
Oluwaferanmi,Unisex
Oluwafeyikemi ,F
Oluwafeyisayo,F
Oluwafeyiseye,F
Oluwafifehanmi ,Unisex
Oluwafikayo,M
Oluwafikayomi,F
Oluwafikemi,F
Oluwafikunayomi ,F
Oluwafikunmi ,M
Oluwafisayo,F
Oluwafisayomi ,F
Oluwafolabomi ,M
Oluwafolahanmi,M
Oluwafolajimi,M
Oluwafolakemi ,F
Oluwafolarinbami,M
Oluwafunke,F
Oluwafunmi,F
Oluwafunmilayo,F
Oluwafunmilola,F
Oluwafuntan ,M
Oluwagbemiga ,M
Oluwagbemiro,M
Oluwagbemisola ,F
Oluwagbenga ,M
Oluwagbolahan,M
Oluwajoba,M
Oluwajomiloju,Unisex
Oluwajunilo,M
Oluwajuwon ,M
Oluwajuwonlo ,M
Oluwakaderera,M
Oluwakanyinsola ,F
Oluwakare,F
Oluwakayode,M
Oluwakayomomi,M
Oluwakemi,F
Oluwakorede,Unisex
Oluwalademi,F
Oluwalayomi ,F
Oluwalonimi,Unisex
Oluwamadewa,M
Oluwamayomikun,M
Oluwamayowa,Unisex
Oluwamuyiwa ,M
Oluwanibomi,F
Oluwanifemi,Unisex
Oluwanifesimi,F
Oluwanimilo,F
Oluwapamilerinayo,F
Oluwapelumi,Unisex
Oluwaremilekun ,F
Oluwaromilagbara,F
Oluwaromisola,F
Oluwarotimi ,M
Oluwasayo,F
Oluwasegun,M
Oluwasemiloore,M
Oluwasemilore,Unisex
Oluwaseun,Unisex
Oluwaseye,F
Oluwaseyi,Unisex
Oluwaseyifunmi,Unisex
Oluwaseyitan ,M
Oluwashinayomi ,M
Oluwashindara ,F
Oluwashola ,M
Oluwasijibomi ,M
Oluwasindara,M
Oluwasola ,F
Oluwatamilore,Unisex
Oluwataramisore ,F
Oluwatayo,M
Oluwateniadefunmi,F
Oluwateniayo ,M
Oluwateniola,F
Oluwatimilehin,M
Oluwatimileyin,M
Oluwatise,Unisex
Oluwatishe ,Unisex
Oluwatoba ,M
Oluwatobi,Unisex
Oluwatobiloba,Unisex
Oluwatofarati,M
Oluwatofunmi,Unisex
Oluwatojumi,F
Oluwatomi,Unisex
Oluwatomilola,F
Oluwatomisin,Unisex
Oluwatomisola,F
Oluwatomiwa,M
Oluwatoni,Unisex
Oluwatoniloba,Unisex
Oluwatoromo,F
Oluwatosin,Unisex
Oluwatoyin,F
Oluwatoyosi,Unisex
Oluwatumininu,F
Oluwatundara,M
Oluwatunmibi,M
Oluwatunmise ,Unisex
Oluwayemisi,F
Oluwayiga,M
Oluwole ,M
Oluyemi,Unisex
Oluyinka,M
Olva,M
Olvia,F
Olvie,F
Olvin,M
Olvis,M
Olwen,F
Olwethu ,Unisex
Olwetu,M
Olwill,M
Olwyn,F
Oly ,Unisex
Olya,F
Olyad,M
Olyanna,F
Olybia,F
Olymbia,F
Olympia,F
Olympya,F
Olyn,M
Olyne,F
Olynka,F
Olyssa,F
Olyve,F
Olyvea,F
Olyveia,F
Olyver,M
Olyvia,F
Olyviah,F
Om,M
Om-Albaneen,F
Oma,F
Omaan ,M
Omaar,M
Omaciw,M
Omagbitse,M
Omagene,F
Omah,F
Omaid,M
Omaida,F
Omaied,M
Omaima ,F
Omair,M
Omaira,F
Omalee,F
Omali,Unisex
Omalkhayr,F
Omama ,F
Omamah,F
Oman,M
Omani,Unisex
Omania,F
Omar,M
Omar-Kemal,M
Omar-Khurram,M
Omar-Qassim,M
Omar-Sadique,M
Omara,F
Omarah,F
Omare,M
Omaree,M
Omareon,M
Omari,M
Omaria,F
Omariah,F
Omarian,M
Omariana,F
Omarianna,F
Omarie,M
Omarien,M
Omarii,M
Omario,M
Omarion,M
Omarionna,F
Omarious,M
Omaris,F
Omarius,M
Omariyon,M
Omark,M
Omarmukhtar,M
Omaro,M
Omarr,M
Omarri,M
Omarrion,M
Omaru,M
Omary,M
Omaryon,M
Omauri,M
Omaurion,M
Omaury,M
Omawumi,F
Omaya,F
Omaya-Nour,F
Omayer,M
Omayia,F
Omayja,F
Omayma,F
Omayr ,M
Omayra,F
Omayya,F
Ombri,M
Omead,M
Omed,M
Omeda,F
Omeed,M
Omega,Unisex
Omeillia,F
Omeir,M
Omeirah,F
Omeisha,F
Omeiza,M
Omeka,F
Omekia,F
Omel,M
Omelia,F
Omen,Unisex
Omenia,F
Omer,M
Omera,F
Omeran,M
Omere,M
Omeria,F
Omero,M
Omero-rocco,M
Omesha,F
Omeshia,F
Ometa,F
Ometh,M
OmGciw,M
Omi,M
Omia,F
Omid,M
Omie,F
Omiema-Mokhtar,F
Omik,M
Omika,Unisex
Omima,F
Omina,F
Ominiki,F
Omir,M
Omiros,M
Omisha,F
Omiya,F
Omiyah,F
Omkar,M
Omm-Kalthoum,F
Omma,F
Ommar,M
Ommer,M
Ommie,F
Omna,F
Omneya,F
Omni,F
Omnia,F
Omnique,F
Omo-osagie,M
Omobolaji ,M
Omobolanle ,F
Omolabake ,F
Omolade ,F
Omolara,F
Omolatelae,M
Omolayo ,F
Omolola,F
Omon,M
Omonafeba,M
Omonigho,Unisex
Omoniyi,M
Omoniyi-Paul,M
Omonmene,F
Omonye,F
Omorinsola ,F
Omorion,M
Omoro,M
Omorogieva,M
Omorose,F
Omorueyi,M
Omosade,F
Omosede ,F
Omosefe,F
Omoshewa,F
Omotara,F
Omotayo,Unisex
Omotiedminan,F
Omotola,F
Omotolani ,F
Omotomiwa,M
Omotoyosi ,F
Omowale,M
Omowonuola ,F
Omowunmi ,F
Omphemetse,F
Omraan,M
Omran,M
Omri,M
Omron,M
Omry,M
Omsalama,F
Omu,F
Omuhle,Unisex
Omulbanin,F
Omunique,F
Omya,F
Omyah,F
Omyal,M
Omyemah,F
Omylios,M
Omyma,F
Omyra,F
Ona,F
Ona-Maria,F
Onah,F
Onaje,M
Onajite ,F
Onald,M
Onalee,F
Onaleigh,F
Onali,F
Onalie,F
Onan,M
Onara,F
Onarina,F
Onas,M
Onashe,M
Onasis,M
Onassis,M
Onastasia,F
Onathan,M
Onatopp,F
Onatta,F
Onawa,F
Onaya,F
Onbretta,F
Onda,F
Onder ,M
Ondina,F
Ondine,F
Ondoua,M
Ondra,Unisex
Ondrah,F
Ondray,M
Ondraya,F
Ondre,M
Ondrea,F
Ondreaus,M
Ondree,F
Ondrej,M
Ondreya,F
Ondria,F
One,Unisex
Oneaea,F
Oneal,M
Oneatha,F
Onecimo,M
Oneda,F
Onedia,F
Onee,M
Oneeb,M
Oneeda,F
Oneesa,F
Oneet,F
Oneida,F
Oneika,F
Oneil,M
Oneill,M
Oneisha,F
Oneita,F
Oneka,F
Onekki,F
Onel,M
Onela,F
Oneli ,F
Onelia,F
Onell,Unisex
Onella,F
Onemig,M
Onene,M
Oner,M
Onesha,F
Oneshia,F
Onesimo,M
Onesimus,M
Onesti,F
Onestie,F
Onesty,F
Oneta,F
Oneth,M
Onetha,F
Onetia,F
Onetta,F
Oneva,F
Onevaeh,F
Onew,Unisex
Oney,Unisex
Oneyba,F
Oneyda,F
Onezia,F
Ong,F
Ongelique,F
Onguvii,F
Oni,F
Onia,F
Onias ,M
Onica,F
Onida,F
Onie,Unisex
Oniel,M
Oniesha,F
Onieviia,F
Onika,F
Onike',F
Onila,M
Onis,M
Onisha,F
Onisim,M
Onisty,F
Onita,F
Onix,M
Onixx,M
Oniya,F
Oniyah,F
Onizia,F
Onjali,F
Onkaar,M
Onkar,M
Onkardeep,M
Onkarpreet,M
Onke,F
Onkit,M
Onn,M
Onna,F
Onnah,F
Onnalee,F
Onnaleigh,F
Onnee,F
Onni,M
Onnie,Unisex
Onnika,F
Onnley,F
Onno,M
Onnolee,F
Onofre,M
Onofrio,M
Onohije,F
Onojie,M
Onolee,F
Onome ,F
Onor,F
Onora,F
Onorato,M
Onorio,M
Onoseje,F
Onoseriemen,F
Onosetale ,M
Onsa,F
Onslow,M
Onsum,F
Ontaria,F
Ontario,M
Ontarius,M
Onterio,M
Onterrio,M
Ontonio,M
Onumba,M
Onur,M
Onur-Ariyen,M
Onuralp,M
Onya,F
Onyae,F
Onyah,F
Onyango,M
Onye,F
Onyebuchi ,F
Onyedikachi,M
Onyedikachim,M
Onyekachi,Unisex
Onyekachukwu ,F
Onyinye,F
Onyinyechi,F
Onyinyechukwu,F
Onyka,F
Onysha,F
Onyx,Unisex
Onyxia,F
Onzell,F
Onzie,M
Oolahnee,F
Oolentina,F
Oona,F
Oonagh,F
Oosei,M
Oosha,F
Ooshna,F
Oowan,M
Opaishah,F
Opal,F
Opal-Lynn,F
Opalee,F
Opaleen,F
Opalene,F
Opalina,F
Opaline,F
Opapkak,M
Opel,F
Opemipo ,Unisex
Opeoluwa ,Unisex
Opey,M
Opeyemi,Unisex
Opha,F
Ophaelia,F
Ophelia,F
Ophelia-Rose ,F
Ophelie,F
Ophia,F
Ophie,F
Ophiera,F
Ophilia,F
Ophir,Unisex
Ophira,F
OphTlia,F
OphTlie,F
Opie,Unisex
Opiew,M
Opinder,Unisex
Opjyot,F
Opkar,F
Ople,F
Oplis,M
Opolu,M
Oppie,F
Oppinderjeet,M
Oppkaar,M
Oprah,F
Oprijas,M
Opriss,F
Oprotim,M
Optimus,M
Or,M
Ora,Unisex
Orabell,F
Orabella,F
Orabelle,F
Orace,M
Oracio,M
Oracle,F
Oradee,F
Oradell,F
Orah,F
Orahnia,F
Oraia,F
Oral,Unisex
Oralee,F
Oralene,F
Orali,F
Oralia,F
Oram,M
Oramae,F
Oramel,M
Oran,M
Oranab,F
Orange,M
Orangie,F
Orani,F
Orania,F
Oranne,F
Orannia,F
Orantes,M
Oranye,M
Oras,M
Orasio,M
Orayal,F
Orazia,F
Orazio,M
Orazzio,M
Orba,Unisex
Orban,M
Orbelin,M
Orbelina,F
Orben,M
Orbert,M
Orbie,M
Orbin,M
Orbison,M
Orbra,M
Orby,M
Orcella,F
Orchadia,F
Orchee,F
Orchid,F
Orchidaceae,F
Ord,M
Orda,F
Ordan,M
Orde,M
Ordean,M
Ordell,Unisex
Ordella,F
Ordelle,M
Orden,M
Ordez,M
Ordie,Unisex
Ordis,M
Ordonez,M
Ore,Unisex
Orea,Unisex
Oreal,F
Orean,Unisex
Oreana,F
Oreane,F
Oreanna,F
Oreatha,F
Oreca,F
Oreda,F
Oredi,M
Oree,Unisex
Oreen,F
Oreh,M
Orel,Unisex
Orelia,F
Orell,Unisex
Orella,F
Oren,M
Oren-Goblin,M
Orena,F
Orenda,F
Orene,F
Orentha,M
Orenthal,M
Orenthia,M
Orenthial,M
Oreo,M
Oreofeoluwa ,Unisex
Oreoluwa,Unisex
Ores,M
Oresiri,F
Oressa,F
Orest,M
Oresta,F
Orestas ,M
Oreste,M
Oresteos,M
Orestes,M
Orestina,F
Orestis ,M
Oresto,M
Orestus,M
Oreta,F
Oretha,F
Oretta,F
Oreva,F
Orevaoghene,M
Orey,M
Orfa,F
Orfalinda,F
Orfelinda,F
Orfeo,M
Orfhlaith,F
Orfy,F
Orges ,M
Orgesa ,F
Orgito ,M
Orhan,M
Ori,Unisex
Oria,Unisex
Oriah,F
Orial,F
Orian,Unisex
Oriana,F
Oriane,F
Orianna,F
Orianne,F
Oriano,M
Orianthi,F
Oriarna,F
Orias,M
Oribel,F
Orice,M
Oricle,F
Orides,M
Orie,Unisex
Oriel,Unisex
Oriella,F
Orielle,F
Orielle-Floriane,F
Orien,M
Orietta,F
Orighomisan,F
Orihime,F
Orika,F
Oril,M
Orilla,F
Orin,M
Orina,F
Orinda,F
Orine,F
Orinn,M
Orinta ,F
Oriol,M
Oriole,F
Orion,M
Oriona,F
Orionna,F
Oris,Unisex
Orise,Unisex
Orisha,F
Orisi,M
Orisia,F
Orison,M
Orissa,F
Orist,M
Orit,F
Orita,F
Oritse ,M
Oritsejemineoyo,F
Oritsetimehin,M
Oritsetimeyin,F
Oriwa,F
Oriya,F
Oriyah,F
Oriyana,F
Orjowan,F
Ork,M
Orkah,M
Orla,F
Orla-Rae ,F
Orla-Rose ,F
Orlagh,F
Orlah ,F
Orlahnah,F
Orlaigh ,F
Orlaith,F
Orlan,M
Orlana ,F
Orland,M
Orlanda,Unisex
Orlander,M
Orlandice,F
Orlandis,M
Orlando,M
Orlandra,F
Orlandrea,F
Orlandria,F
Orlandus,M
Orlani,F
Orlantha,F
Orlanthia,F
Orlanzo,M
Orlayna,F
Orlean,F
Orleana,F
Orleane,F
Orleans,F
Orlee,Unisex
Orleen,F
Orlen,M
Orlena,F
Orlenda,F
Orlene,F
Orletta,F
Orley,M
Orli,F
Orlia,F
Orlidia,F
Orlie,M
Orlin,M
Orlinda,F
Orline,F
Orlis,M
Orlo,M
Orlon,M
Orlondo,M
Orlundo,M
Orly,F
Orlyn,M
Orma,F
Ormah,F
Ormal,M
Orman,M
Ormand,M
Orme,F
Ormi,F
Ormond,M
Orna,F
Orneil,M
Ornela ,F
Ornella,F
Ornella-Benedict,F
Ornelo,M
Orneta,F
Orng,M
Ornie,M
Ornie-Nitia,F
Oro,M
Orobanjeet,M
Orobosa ,M
Oron,M
Oronde,M
Oronno,M
Oronzo,M
Orora,F
Orothy,F
Orpa,F
Orpah,F
Orpha,F
Orpheus,M
Orphia,F
Orphie,F
Orphus,M
Orquidea,F
Orquidia,F
Orr,Unisex
Orra,Unisex
Orrain,M
Orral,M
Orran,M
Orrel,M
Orrell,M
Orren,M
Orrey,M
Orrianna,F
Orric,M
Orrie,Unisex
Orrien,F
Orrin,M
Orris,M
Orron,M
Orrsam,M
Orry,M
Orryn,M
Orryonna,F
Ors,M
Orsam,M
Orsen,M
Orsna,F
Orsola,F
Orsolina,F
Orsolya,F
Orson,M
Orsonn,M
Ortal,Unisex
Ortega,M
Ortencia,F
Ortensia,F
Ortenzia,F
Ortha,F
Ortis,M
Ortiz,M
Orton,M
Ortrud,F
Ortrude,F
Oru,M
Orum,M
Orus,M
Orva,Unisex
Orval,M
Orvall,M
Orvalle,M
Orvan,M
Orvel,M
Orvell,M
Orvella,F
Orven,M
Orvetta,F
Orvid,M
Orvie,M
Orvil,M
Orvile,M
Orvill,M
Orvilla,F
Orville,M
Orvin,M
Orvind,M
Orvis,M
Orvo,M
Orvyn,M
Orwin,M
Ory,M
Ory-Dane,M
Orya,F
Oryan,M
Oryanna,F
Oryanne,F
Orycia,F
Orye,M
Oryn,M
Oryon,M
Oryonna,F
Orysha,F
Orysia,F
Oryssa,F
Oryst,M
Oryx,F
Osa,Unisex
Osaama ,M
Osab,F
Osadolor,M
Osaghamhin,M
Osagie,M
Osaherhunmwen,F
Osahon,M
Osai,F
Osama,M
Osamagbe,F
Osamah,M
Osamma,M
Osamu,M
Osamudiamen ,M
Osamuskwasis,F
Osanna,F
Osaretin,Unisex
Osarhieme,F
Osariemen ,Unisex
Osaro ,M
Osarugue ,F
Osarumen,F
Osarumwense,M
Osaruonamen,F
Osasere ,F
Osasumwen,F
Osawasini,M
Osayamen,F
Osayande ,M
Osayd,M
Osayge,M
Osayi,M
Osayuki,M
Osayuwamen ,F
Osaze,M
Osazee ,M
Osazuwa ,M
Osbaldo,M
Osbert,M
Osbie,M
Osbon,M
Osborn,M
Osborne,M
Osbourne,M
Osburn,M
Osby,M
Osca ,M
Oscar,M
Oscar-Alexander,M
Oscar-Jack ,M
Oscar-James ,M
Oscar-Jay ,M
Oscar-Lee ,M
Oscardaniel,M
Oscarin,M
Oscarjr,M
Osceola,Unisex
Oscer,M
Oschean,F
Osciel,M
Osco,M
Oscor,M
Osczar,M
Ose,M
Osean,Unisex
Oseas,M
Osedebame,F
Osee,F
Osei,M
Oseigiade,M
Oseiweh,M
Osejie,M
Osemaren,M
Osemwonyemwen,F
Osenna,F
Oseph,M
Osgar ,M
Osgood,M
Osha,Unisex
Oshadhi,F
Oshadi,F
Oshae,M
Oshai,Unisex
Oshan ,Unisex
Oshana,F
Oshane,M
Oshanique,F
Oshanna,F
Osharn,M
Oshawn,M
Oshay,Unisex
Oshayauna,F
Oshaye,M
Oshayla,F
Oshea,M
Osheana,F
Osheanna,F
Oshen,M
Osher,M
Oshi ,M
Oshia,F
Oshian ,M
Oshiana,F
Oshianna,F
Oshie,F
Oshini,F
Oshino,F
Oshioke,F
Oshoze,M
OshT-Mustafa,M
Oshtak,M
Oshua,M
Oshun,F
Oshwah,M
Oshyanic,M
Oshyn,F
Oshynn,F
Osia,F
Osiah,M
Osian ,M
Osiana,F
Osias,M
Osie,Unisex
Osiel,M
Osinachi,M
Osiria,F
Osiride,M
Osiris,Unisex
Osirius,M
Osirus,M
Osirys,F
Oska ,M
Oskah,M
Oskar,M
Oskaras ,M
Oskars ,M
Osker,M
Oskya,F
Osler,M
Oslind,M
Oslo,M
Oslynn,F
Osmaan,M
Osman,M
Osmand,M
Osmani,M
Osmany,M
Osmar,M
Osmara,F
Osmaro,M
Osmary,F
Osmel,M
Osmer,M
Osmin,M
Osmo,M
Osmon,M
Osmond,M
Osmund,M
Osnas,F
Osnat,F
Osob,F
Osric,M
Ossama,M
Ossen,M
Ossi,M
Ossian,M
Ossie,Unisex
Ossiel,M
Ossin,M
Ossman,M
Ossynachi,M
Ostap,M
Ostara,F
Osteen,M
Ostell,M
Osten,M
Ostin,M
Ostyn,M
Osualdo,M
Osura,M
Osvaldo,M
Osver,M
Osvin,M
Oswa,F
Oswald,M
Oswaldo,M
Oswaldo-Jose,M
Oswell,M
Oswin,Unisex
Oswyn,F
Osyris,M
Osyrus,M
Oszkar ,M
Ota,F
Otahkoinisskim,F
Otambek,M
Otanga,M
Otani,M
Otasowie,M
Otavia,F
Otavio,M
Otavious,M
Otayah,F
Otchiwe,F
Ote,M
Oteka,F
Otelia,F
Otella,F
Otello,M
Oteria,F
Otey,M
Otha,Unisex
Othaeron,M
Othal,M
Othan,M
Othar,M
Othel,Unisex
Othelia,F
Othell,Unisex
Othella,F
Othello,Unisex
Other,M
Othie,M
Othman,M
Othmar,M
Othniel,M
Othnielle-Botema,F
Otho,M
Othon,M
Othoniel,M
Othor,M
Otie,Unisex
Oties,M
Otila,F
Otilia,F
Otilio,M
Otilla,F
Otillia,F
Otillie,F
Otis,M
Otisha,F
Otitochukwu,M
Otley,M
Otman,M
Otmar,M
Otmaro,M
Otmer,M
Otniel,M
Oto ,M
Oto-Abasi,M
OtOhimin,F
Otome,F
Otoniel,M
Otoota,F
Otovio,M
Otsie,F
Ott,M
Otta,F
Ottalie ,F
Ottavia,F
Ottaviano,M
Ottavio,M
Ottaway,M
Ottelia,F
Otter,F
Ottice,M
Ottie,Unisex
Ottilia,F
Ottilie,F
Ottillie,F
Ottis,M
Ottmar,M
Otto,M
Otto-arend,M
Ottoh,M
Ottoline ,F
Ottomar,M
Ottoniel,M
Otty,M
Oturo,M
Otway,M
Otylia,F
Otys,M
Ouadii,M
Oubaida,M
Oubay,M
Oubida,M
Oudai,M
Oudham,M
Oudia,F
Oudom,M
Oudrey,F
Ouida,F
Ouinton,M
Ouita,F
Oula,F
Oulaivanh,F
Oulin,F
Oum,M
Oumaima,F
Oumar,M
Oumari,M
Oumaru,M
Oumie,F
Oumou,F
Oumran,M
Oumy,F
Ouoc,F
Ourania,F
Ouri,F
Ourtney,F
Ourwah,M
Ousainou,M
Ousama ,M
Ousman,M
Ousmane,M
Oussama,M
Ousseynou,M
Ousten,M
Ova,Unisex
Ovada,F
Ovadia,M
Oval,Unisex
Ovalee,F
Ovalene,F
Ovaline,F
Ovando,M
Ovaua,F
Ovayo,M
Ove,M
Oved,M
Oveda,F
Ovedia,F
Ovee,F
Oveida,F
Ovel,Unisex
Ovelia,F
Oveline,F
Ovell,Unisex
Ovella,F
Ovena,F
Overa,F
Overton,M
Oveta,F
Ovetta,F
Ovey,M
Ovi,F
Ovia,F
Ovid,M
Ovida,F
Ovide,M
Ovidio,M
Ovie,Unisex
Ovila,M
Ovilok,F
Ovina,F
Ovis,Unisex
Oviya,F
Oviyan ,M
Ovraj,M
Owain,M
Owais,M
Owajiiyem,F
Owami,M
Owan,M
Oways,M
Oweda,F
Owen,M
Owen-Jacob-Carl,M
Owen-James ,M
Owen-Lee,M
Owena,F
Owenlee,M
Owenn,M
Owens,M
Oweta,F
Owetta,F
Owhiti,F
Owi ,M
Owies,M
Owilym,M
Owin,M
Owis,M
Own,M
Owura ,M
Owuraku,M
Owusu-Jada,F
Owusu-Jayden,M
Owvais,M
Owyn,M
Owynn,Unisex
Oxana,F
Oxanna,F
Oxenia,F
Oxford,M
Oxley,M
Oxsana,F
Oyama,M
Oyd,M
Oyeala,F
Oyemwosa,F
Oyesiku,M
Oyeyemi,F
Oyinade ,F
Oyindamola,F
Oyindenyefa,M
Oyinkansiola,F
Oyinkansola,F
Oyinlola ,F
Oyinmieye,M
Oyku ,F
Oymoon,F
Oynika,F
Oystin,M
Oyuki,F
Oyuky,F
Oyunuan,F
Oz,M
Oza,Unisex
Ozaer,M
Ozai,M
Ozaifa,M
Ozair,M
Ozais,M
Ozan,M
Ozan-ata,M
Ozanay,M
Ozara,F
Ozaria,F
Ozarius,M
Ozay,M
Ozbourne,M
Ozcan ,M
Ozeal,F
Ozee,F
Ozel,Unisex
Ozelia,F
Ozell,Unisex
Ozella,F
Ozellar,F
Ozelle,F
Ozelma,F
Ozena,F
Ozer,M
Ozetta,F
Ozge ,F
Ozgur ,M
Ozhan,M
Ozi,M
Ozia,M
Oziah,M
Ozias,M
Ozie,Unisex
Oziel,M
Ozil,M
Ozioma,F
Ozion,M
Ozite,F
Ozkan ,M
Ozkar,M
Ozker,M
Ozlem,F
Ozmar,M
Oznur,F
Ozric,M
Ozro,M
Ozturk,M
Ozu,M
Ozvaldo,M
Ozwald ,M
Ozz,M
Ozzais,M
Ozze,M
Ozzet,F
Ozzi ,M
Ozzie,Unisex
Ozziel,M
Ozzra,F
Ozzy,M