P,M
P-jay,M
P-jaye,F
Pa,F
Paa ,M
Paakhi,F
Paal,M
Paapa ,M
Paaras,Unisex
Paaris,M
Paarth,M
Paasha,M
Paavan ,M
Paavana ,F
Paavni,F
Paavo,M
Paavon,M
Paayal,F
Pabalu,F
Paban,M
Pabel,M
Pabiek,M
Pabjit,M
Pabla,F
Pablita,F
Pablito,M
Pablo,M
Pablo-Cesar,M
Pablo-pedro,M
Pace,M
Pacean,M
Pacen,M
Pacer,M
Paceson,M
Pacey,Unisex
Pacey-Lee,F
Paceyn,M
Pacha,F
Pachelle,F
Pachia,F
Pachier,F
Pachob,F
Paci,F
Pacie,F
Pacience,F
Pacific,M
Pacifica,F
Pacifico,M
Pacina,F
Pacita,F
Packard,M
Packer,M
Paco,M
Pacquita,F
Pacyn,F
Pada,Unisex
Padam,M
Padan,M
Padden,M
Paddi,F
Paddric,M
Paddy,Unisex
Padee,F
Padelia,F
Paden,Unisex
Pader,F
Padget,M
Padgett,F
Padience,F
Padma,F
Padmahasini,F
Padmaja,F
Padme,F
Padmini,F
Padoch,M
Padon,M
Padraic,M
Padraig,M
Padraiz,M
Padreic,M
Padriac,M
Padric,M
Padrick,M
Padrig,M
Padro,M
Padyn,F
Paecious,F
Paeden,Unisex
Paedor,M
Paedra,F
Paedyn,F
Paege,F
Paelyn,F
Paelynn,F
Paema,F
Paemon,M
Paesly,F
Paesyn,F
Paeten,F
Paetin,Unisex
Paeton,Unisex
Paetra,F
Paetyn,F
Paetyn-Grace,F
Paetynn,F
Paeyten,F
Paeyton,F
Pagah,F
Pagan,F
Page,Unisex
Pageant,F
Pagen,F
Pager,M
Paget,F
Pagian,F
Pagie,F
Pagona,F
Pagoni,F
Pagonitsa,F
Pahal,F
Pahola,F
Pahoua,F
Pahul,M
Pahwonette,F
Pai,F
Paiden,Unisex
Paidon,Unisex
Paidra,F
Paidraig,M
Paidyn,F
Paieton,F
Paietyn,F
Paig,F
Paigan ,F
Paige,F
Paige-Alexandra,F
Paige-lee,F
Paige-Leigh ,F
Paige-Louise ,F
Paige-Lynn,F
Paige-maree,F
Paige-Marie ,F
Paige-Rose ,F
Paige-skye,F
Paige-tayla,F
Paige-victoria,F
Paigee,F
Paigelyn,F
Paigelynn,F
Paigen ,F
Paighten,F
Paighton,F
Paightyn,F
Paignton ,F
Paigton ,F
Paihge,F
Paij,F
Paije,F
Paikea,Unisex
Pailey,F
Paili,F
Pailin,F
Pailyn,F
Pailynn,F
Paiman,Unisex
Paimaria,F
Paindah,F
Paine,Unisex
Paiola,F
Pairlee,F
Paisan,F
Paisely,F
Paisha,F
Paishance,F
Paishence,F
Paisia,F
Paislea,F
Paislee,F
Paislee-claire,F
Paislee-Marie,F
Paislei,F
Paisleigh,F
Paislen,F
Paisley,F
Paisley-Rae ,F
Paisley-Rose ,F
Paisleyann,F
Paisleyrose,F
Paisli,F
Paislie,F
Paisly,F
Paislyn,F
Paislynn,F
Paison,F
Paisyn,F
Paisynn,F
Paitan,F
Paiten,F
Paitence,F
Paitin,F
Paitlyn,F
Paitlynn,F
Paiton,Unisex
Paityn,F
Paityn-lee,F
Paityn-Stephanie,F
Paityne,F
Paitynn,F
Paiveen,F
Paivi,F
Paix,F
Paiyten,F
Paiyton,F
Paizlea,F
Paizlee,F
Paizleigh,F
Paizley,F
Paizley-Snow,F
Paizli,F
Paizlie,F
Paizly,F
Paizlyn,F
Paj,F
Paja,M
Paje,F
Pajeronne,M
Pajneek,M
Pajo,M
Pajtim,M
Pak ,M
Pak-Ling,F
Pak-Siu,M
Pake,M
Pakeeza ,F
Pakeezah ,F
Pakgo,M
Pakhday,M
Pakhi,F
Pakita,F
Pakou,F
Pal,Unisex
Pala,F
Palace,F
Paladin,M
Palak,F
Palani,M
Palash,M
Palavi,F
Paldeep,M
Palden,M
Paldeng,M
Palehswan,F
Paleologos,M
Palerio,M
Palesa ,F
Palestine,F
Paley,F
Palii,F
Palika,F
Palila,F
Palin,F
Palina,F
Paling,M
Palkin,F
Palkpreet,F
Pall,Unisex
Pallas,F
Pallav,M
Pallavi,F
Pallie,F
Palliser,M
Pallovy,F
Palma,F
Palmena,F
Palmer,Unisex
Palmera,F
Palmerino,M
Palmina,F
Palmir,M
Palmira,F
Palmiro,M
Palmita-Oli,F
Palmpreet,F
Palmyra,F
Palmyre,F
Palo,M
Paloma,F
Paloma-Lyric,F
Palpreet,M
Palrosebinder,M
Paluaal,M
Palvasha,F
Palveen,F
Palveer,F
Palvi ,F
Palvinder ,M
Palvinder-Raju,M
Palvir,F
Palwasha ,F
Palwinder,Unisex
Palyferie,F
Palyn,F
Palynn,F
Palyologos,M
Pam,F
Pama,F
Pamala,F
Pamaldeep,F
Pamale,F
Pamalee,F
Pamalia,F
Pamalla,F
Pamalpreet,F
Pamalyn,F
Pamandeep,F
Pamara,F
Pamarson,M
Pameal,F
Pameela,F
Pameena,F
Pamel,F
Pamela,F
Pamela-ann,F
Pamela-Bell,F
Pamela-Charity,F
Pamela-Dee,F
Pamela-Lee,F
Pamela-louise,F
Pamela-Mae,F
Pamela-may,F
Pamela-sue,F
Pamelia,F
Pamelina,F
Pamella,F
Pamelyn,F
Pamerla,F
Pami,F
Pamie,F
Pamila,F
Pamilar,F
Pamilla,F
Pamilyn,F
Pamir,M
Pamiwendrabo,F
Pamla,F
Pamlea,F
Pamler,F
Pamlia,F
Pamlyn,F
Pamm,F
Pamma,F
Pammela,F
Pammi,F
Pammie,F
Pammila,F
Pammy,F
Pamneet,F
Pamraj,F
Pamudu,M
Pamula,F
Pan,M
Pana,F
Panacea,F
Panae,F
Panagetes,M
Panagintinus,M
Panagioitis,M
Panagiota,F
Panagiota-maria,F
Panagiotes,M
Panagioti,M
Panagiotios,M
Panagiotis,M
Panagiotou,F
Panagioulla,F
Panagis,M
Panagitsa,F
Panagoita,F
Panagota,F
Panagotis,M
Panagoula,F
Panahatois,M
Panaiota,F
Panaioute,F
Panajota,F
Panajoula,F
Panaretos,M
Panashe ,Unisex
Panauiotis,M
Panauota,F
Panav,M
Panaviota,F
Panavis,M
Panavjit,M
Panawiota,F
Panawun,F
Panayi,M
Panayiofa,M
Panayiota,F
Panayiota-katina,F
Panayiote,M
Panayioti,M
Panayiotis,M
Panayiotis-nicholas,M
Panayiotis-Peter,M
Panayis,M
Panayitsa,F
Panayot,M
Panayota,F
Panayote,M
Panayoti,M
Panayotis,M
Panayottis,M
Panayoula,F
Panayuta,F
Panchita,F
Pancho,M
Panchol,M
Panda,F
Pande,M
Pandeep,F
Pandeli,M
Pandelis,M
Pandelli,M
Pandi,F
Pandil,M
Pandora,F
Pandora-may,F
Pandorah,F
Pandoria,F
Pandra,F
Pandy,F
Pane,M
Paneet,Unisex
Panela,F
Panfilio,M
Panfilo,M
Pang,F
Pangiotis,M
Pangus,M
Panha,M
Panhia,F
Pania,F
Paniny,F
Panisa,F
Panithi,M
Paniwiota,F
Paniya,F
Paniz ,F
Panjeani,F
Panka ,F
Pankaj,M
Pankhadi,F
Pankie,F
Pankti,F
Panna ,F
Panni,F
Pannie,F
Pannos,M
Panoam,F
Panogiotis,M
Panos,M
Panphila,F
Panpilai,F
Panreet,F
Panscho,M
Pansey,F
Pansie,F
Pansy,F
Pansye,F
Pantaleo,M
Pantaleon,M
Pantalion,M
Panteleemon,M
Panteleimon,M
Panteli,M
Pantelia,F
Pantelis,M
Pantelitsa,F
Pantellis,M
Pantelos,M
Pantera,F
Panth,M
Pantha,F
Panthea,F
Pantju,M
Panula,F
Panurut,M
Panveer,M
Pany,F
Panya,F
Panyia,F
Panzie,F
Panzy,F
Pao,M
Paola,F
Paola-maria,F
Paola-teresa,F
Paolina,F
Paolina-elvira,F
Paolino,M
Paolla,F
Paolo,M
Paolo-adriano,M
Paolo-antonio,M
Paolo-cosimo,M
Paolo-nino,M
Paolo-virgilio,M
Paora,M
Paoul,M
Paoyu,F
Papa,M
Papa-Kwamina,M
Papa-Ollennu,M
Papademba,M
Papas,M
Pape,M
Papinder,M
Papricio,M
Paqualina,F
Paquita,F
Paquita-jane,F
Par,F
Para,F
Parabhdeep,F
Parabhjit,F
Parabhjot,M
Parabjit,M
Parableen,F
Paraclet,M
Paradice,F
Paradise,F
Paradyce,F
Parag,M
Parakhone,M
Paralee,F
Param,M
Paramanpreet,F
Parambeer,M
Parambir,M
Paramdeep,Unisex
Paramdip,F
Parami,M
Paramicitta,F
Paramjeet,M
Paramjit-Singh,M
Paramjot,Unisex
Paramjyot,M
Parampal,M
Parampartap,M
Parampreet,M
Paramveer,M
Paramvir ,M
Paran ,M
Parani,M
Paranjay,M
Paraponh,M
Paras,M
Parascevas,M
Parascevi,F
Parascevoula,F
Parash,M
Parashar,M
Parashos,M
Paraskeva,M
Paraskevas,M
Paraskeve,F
Paraskevi,F
Paraskevie,F
Paraskevou,F
Paraskevoula,F
Paraskevy,F
Parasko,M
Paraskos,M
Paraskouiya,F
Paraspal,M
Parasqur,F
Parasto,F
Parasvir,M
Paratna,F
Parav,M
Paravpreet,F
Parbdeep,M
Parbeer,M
Parbhat,M
Parbhjeet,F
Parbir,M
Parbjot,Unisex
Parco,M
Pardeep,M
Pardhiv,M
Pardip,M
Pardis,F
Pardise,F
Pare,F
Paree,F
Pareeka,F
Pareen,F
Pareena,F
Parees,M
Pareesa,F
Parenpreet,F
Pares,F
Paresa,F
Paresh,M
Parfait,M
Parhaam,M
Parham,M
Parhana,F
Parhom,M
Pari,F
Pari-K,F
Paria,F
Pariansh,F
Parice ,F
Paricia,F
Parick,M
Paride,M
Paridhi,F
Paridyse,F
Parie,F
Paries,F
Parigul,F
Pariis,F
Pariksheet,M
Parikshit,M
Parilap,F
Parilee,F
Parin,M
Parina,F
Parinaaz,F
Parineet ,F
Parini,F
Parinika,F
Parinita,F
Parinoor,F
Pariraj,F
Pariroop,F
Paris,Unisex
Paris-Leigh ,F
Paris-skye,F
Parisa,F
Parise,F
Parish,Unisex
Parisha,F
Parishay,F
Parishi,F
Pariss,F
Parissa,F
Parisse ,F
Parita,F
Pariya,F
Pariz,F
Pariza,F
Parizoda,F
Parjeet,F
Parjot,M
Parjyot,M
Park,M
Park-Wah,M
Parka,M
Parkaram,M
Parke,M
Parker,Unisex
Parker-James ,M
Parker-John,M
Parkes,M
Parkker,M
Parkor,M
Parks,M
Parkyr,F
Parlan,M
Parlee,F
Parleen,F
Parley,M
Parlie,F
Parlokjot,M
Parm,M
Parma,F
Parmaan,M
Parmaljit,F
Parman,M
Parmanand,M
Parmandeep,M
Parmaserjot,M
Parmayshi,F
Parmbir,M
Parmdeep,Unisex
Parmeen,F
Parmeesh,M
Parmeet,Unisex
Parmen,M
Parmer,M
Parmida,F
Parmina,F
Parmindar,F
Parminder,Unisex
Parminder-Pal,M
Parminderjit,M
Parmis,F
Parmisa,F
Parmit,Unisex
Parmita,F
Parmjeet,Unisex
Parmjit,Unisex
Parmjot,F
Parmnick,M
Parmohinder,M
Parmpreet,Unisex
Parmraj,F
Parmreet,F
Parmveer,M
Parmvir ,M
Parnal,M
Parnaz,F
Parneek,F
Parneeka,F
Parneet,F
Parnel,M
Parnell,M
Parnelle,F
Parnia,F
Parnian,F
Parniece,F
Parnika,F
Parniya,F
Parniyan,F
Parnoor,M
Paron,F
Paroni,F
Parrami,M
Parren,M
Parres,F
Parress,M
Parri,F
Parrie,F
Parris,Unisex
Parrish,Unisex
Parriskevi,F
Parron,M
Parry,M
Pars,M
Parsa,M
Parshiv,M
Parshuna,F
Parshva,M
Parsimran,F
Parson,M
Parsun,M
Partaap,M
Partap,M
Parteek,Unisex
Parteekgun,M
Parteekjit,M
Parteet,Unisex
Partek,F
Parth,M
Partha,M
Parthav,M
Parthena,F
Parthena-vassiliki,F
Parthenia,F
Parthina,F
Parthiv,M
Partho,M
Parthsinh,M
Particia,F
Partick,M
Partik,M
Partimah,F
Partish,M
Partive,M
Parul,F
Parun,F
Parus,Unisex
Parushan,M
Parv,M
Parva,M
Parvaan,F
Parvaneh,F
Parvathi,F
Parvathy,F
Parvati,F
Parveen,F
Parveer,Unisex
Parvesh ,Unisex
Parveshbir,M
Parvez ,M
Parvin,M
Parvina,F
Parvinder ,Unisex
Parvir,M
Parvjit,F
Parvoneh,F
Parwaan,M
Parwaanveer,M
Parwan,M
Parwana,F
Parx,M
Parya ,F
Parys,F
Paryss,F
Pascal,M
Pascal-Marie,F
Pascal-Rene,M
Pascal-walter,M
Pascale,F
Pascali,M
Pascaline,F
Pascalino,M
Pascalis,M
Pascha,F
Paschal,M
Paschia,F
Pasco,M
Pascoe,M
Pascquale,M
Pascqualina,F
Pascual,M
Pascuala,F
Pascuale,M
Pasen,M
Paseuth,M
Pasha,Unisex
Pashaline,F
Pashalis,M
Pashance,F
Pashen,F
Pashence,F
Pashia,F
Pashience,F
Pashion,F
Pashtrik,M
Pashun,F
Pashyn,F
Pashynn,F
Pasi,M
Pasindu,M
Paskalis,M
Paskel,M
Paskichees,M
Pasleigh,F
Pasley,F
Pason,M
Pasqale,M
Pasqalino,M
Pasqua,F
Pasqual,M
Pasquala,F
Pasquale,M
Pasqualena,F
Pasquali,M
Pasqualie,M
Pasqualina,F
Pasqualinda,F
Pasqualine,F
Pasqualini,M
Pasqualino,M
Pasqualle,F
Pasquallino,M
Pasqualuzzo,M
Pasquina,F
Pasquinel,M
Passion,F
Passionae,F
Passionate,F
Paston,M
Pastor,M
Pastory,F
Pasty,F
Paszolo,M
Pat,Unisex
Patan,F
Patani,M
Pataric,M
Patarica,F
Pataricia,F
Patariki,M
Patch,M
Patches,F
Patchouli,F
Pate,M
Paten,M
Patenaude,M
Patence,F
Pater,M
Paterica,F
Patericia,F
Paterson,M
Pathrick,M
Pathrysha,F
Pati,F
Patia,F
Patiance,F
Paticia,F
Patick,M
Patience,F
Patience-Jean,F
Patience-Rayne,F
Patient,F
Patil,F
Patina,F
Patirica,F
Paton,M
Patool,F
Pator,M
Patra,F
Patracia,F
Patras,M
Patrcia,F
Patrea,F
Patreace,F
Patrece,F
Patrecia,F
Patreece,F
Patrell,M
Patrena,F
Patrene,F
Patrenia,F
Patrenina,F
Patresa,F
Patrese,F
Patress,F
Patretar,F
Patria,F
Patriana,F
Patric,M
Patrica,F
Patriccia,F
Patrice,F
Patrice-jan,F
Patrice-Miguella,F
Patrich,M
Patricha,F
Patrichia,F
Patrici,F
Patricia,F
Patricia'lou,F
Patricia-Ann,F
Patricia-Anne,F
Patricia-Daisy,F
Patricia-Denise,F
Patricia-Gianna,F
Patricia-lea,Unisex
Patricia-lee,F
Patricia-Lynn,F
Patricia-maria,F
Patricia-marion,F
Patricia-mary,F
Patricia-Nicole,F
Patricia-Sue,F
Patricia-Veroniqua,F
Patriciaa,F
Patriciaann,F
Patriciaanne,F
Patriciajo,F
Patrician,F
Patriciann,F
Patricie,F
Patricija ,F
Patricik,M
Patricio,M
Patrick,M
Patrick-john-henry,M
Patrick-Michael,M
Patrick-Micheal,M
Patrick-Olivier,M
Patrick-rajakna,M
Patrick-Ryan,M
Patrick-Thomas-Jamie,M
Patrick-toan,M
Patrick-waka,M
Patricka,F
Patrickjames,M
Patrickjohn,M
Patrickjoseph,M
Patrickson,M
Patrictia,F
Patridene,F
Patriece,F
Patriica,F
Patrik,M
Patrika,F
Patrikas ,M
Patriks ,M
Patrina,F
Patrinia,F
Patriot,M
Patrique,M
Patrisa,F
Patrise,F
Patrisha,F
Patrishia,F
Patrisia,F
Patrisio,M
Patrisse,F
Patritia,F
Patriza,F
Patrizia,F
Patrizia-antonella,F
Patrizia-barbara,F
Patrizia-maria,F
Patrizia-orsola,F
Patrizio,M
Patrizzia,F
Patrocinia,F
Patrocinio,M
Patron,M
Patroula,F
Patrricia,F
Patryc,M
Patryc-Khang,M
Patryce,F
Patrycia,F
Patrycja,F
Patryck,M
Patrycy,F
Patryk,M
Patsey,F
Patsi,F
Patsie,F
Patsilee,F
Patsy,F
Patsy-ann,F
Patsyann,F
Patsye,F
Patt,F
Pattana,M
Pattara,F
Patte,F
Patten,M
Patter,M
Patterson,M
Patti,F
Patti-Ann,F
Patti-Jean,F
Patti-Kris,F
Patti-Lynn,F
Pattiann,F
Pattianne,F
Pattie,F
Pattii,F
Pattijo,F
Pattina,F
Pattinson,M
Patton,M
Pattra,F
Pattricia,F
Pattrick,M
Pattsy,F
Patty,F
Pattyann,F
Pattye,F
Patullia,F
Patwant,M
Paty,F
Patyn,Unisex
Patzy,F
Pau,M
Paubla,F
Paublita,F
Paublo,M
Paul,M
Paul-alexander,M
Paul-Andre,M
Paul-andrew,M
Paul-Anthony,M
Paul-Antony,M
Paul-ardmore,M
Paul-Arthur,M
Paul-barry,M
Paul-charles,M
Paul-christopher,M
Paul-David-Darcie,M
Paul-Edward,M
Paul-Emile,M
Paul-Etienne,M
Paul-frans,M
Paul-fred,M
Paul-guy-nazzareno,M
Paul-Ingemar,M
Paul-james,M
Paul-jan,M
Paul-john,M
Paul-Junior ,M
Paul-Kristof,M
Paul-Marie,M
Paul-Martins,M
Paul-Mauriel,M
Paul-Michael,M
Paul-micheal,M
Paul-Simon,M
Paul-Stanley,M
Paul-steven,M
Paul-tjeerd,M
Paula,F
Paula-ann,F
Paula-anne,F
Paula-jane,F
Paula-jayne,F
Paula-kim,F
Paula-lee,F
Paula-Mae,F
Paula-marie,F
Paula-pavica,F
Paulaina,F
Paulann,F
Paulanne,F
Paulanthony,M
Paulayna,F
Pauldeep,M
Pauldip,M
Paule,F
Paulean,F
Pauleen,F
Paulena,F
Paulene,F
Paulet,F
Pauleta,F
Pauleth,F
Paulett,F
Pauletta,F
Paulette,F
Pauli,F
Paulia,F
Pauliana,F
Paulida,F
Paulie,Unisex
Pauliene,F
Paulin,M
Paulina,F
Paulinda,F
Pauline,F
Pauline-Celina,F
Pauline-Suzanne,F
Paulino,M
Paulis,M
Paulisha,F
Pauliss,M
Paulita,F
Paulius ,M
Pauljohn,M
Pauljoseph,M
Paull,M
Paulla,F
Paulleen,F
Paullena,F
Paullette,F
Paulliana,F
Paullina,F
Paulline,F
Paulmichael,M
Paulo,M
Paulos,M
Pauls ,M
Paulson,M
Paulston,M
Paulus,M
Paulus-liudas,M
Pauly,M
Paulyn,F
Paulyna,F
Paulyne,F
Paunit,F
Pauolina,F
Pava,F
Pavahiny,F
Pavaki,F
Paval,M
Pavale,M
Pavan,Unisex
Pavandeep ,Unisex
Pavandip,Unisex
Pavani,F
Pavanjeet,F
Pavanjit ,Unisex
Pavanjot,Unisex
Pavanpreet,F
Pavanveer ,M
Pavanvir ,M
Pavao,M
Paveena,F
Pavel,M
Paveldeep,M
Pavelle,F
Pavendeep ,Unisex
Pavenjoot,F
Pavenpreet,F
Pavenvir,F
Pavhan,M
Pavi,F
Pavielle,F
Pavin,M
Pavinder ,M
Pavinveer,M
Pavishan ,M
Pavit ,Unisex
Pavitar ,M
Pavitarpuneet,F
Pavith,M
Pavithra,F
Pavithran,M
Pavitra,F
Pavjit,M
Pavjot,M
Pavle,M
Pavleen ,F
Pavlik,M
Pavlin,M
Pavlina,F
Pavlo,M
Pavlos,M
Pavly,M
Pavneet,F
Pavni,F
Pavnoor,Unisex
Pavo,M
Pavol ,M
Pavolina,F
Pavpreet,M
Pavreet,Unisex
Pavun,M
Paw,F
Pawai,M
Pawan,M
Pawanbir,M
Pawandeep ,Unisex
Pawanjeet,F
Pawanjot,M
Pawanpreet,Unisex
Pawanreet,M
Pawanveer,M
Pawek,M
Pawel,M
Pawel-adam,M
Pawendeep,F
Pawit,M
Pawl,M
Pawlina,F
Pawnee,F
Pawskwa,M
Pawut,M
Pax,M
Pax-anne,F
Paxley,F
Paxon,M
Paxson,M
Paxston,M
Paxten,Unisex
Paxthien,M
Paxtin,M
Paxton,M
Paxtyn,Unisex
Paxtynn,F
Paxx,M
Paxxon,F
Paxyn,F
Pay'shence,F
Payal,F
Payal-Kaur,F
Payam,M
Payce,M
Paycee,F
Paycen,Unisex
Paycie,F
Paydan,F
Payden,Unisex
Paydin,Unisex
Paydn,F
Paydon,M
Payeng,F
Payeton,F
Paygan,F
Payge,F
Paying,F
Payke,M
Paylan,F
Paylee,F
Paylen,F
Paylin,F
Paymaan,M
Payman,M
Paymon,M
Payne,M
Paynter,F
Paynton ,F
Payona,F
Paysen,Unisex
Payshance,F
Payshence,F
Paysia,F
Payslee,F
Paysleigh,F
Paysley,F
Paysli,F
Payslie,F
Payson,Unisex
Paytan,F
Payteena,F
Payten,Unisex
Paytenn,F
Paytience,F
Paytin,F
Paytin-Mae,F
Paytinn-Leigh,F
Paytn,F
Payton,Unisex
Payton-Leigh ,F
Payton-Lyn,F
Payton-Marie,F
Payton-rose,F
Paytra,F
Paytten,F
Paytton,F
Paytyn,F
Paytyne,F
Paytynn,F
Payum,M
Payvand,F
Payvin ,F
Paywand ,M
Paywaz,M
Payzlee,F
Payzleigh,F
Payzley,F
Payzli,F
Payzlie,F
Paz,Unisex
Pazia,F
Pazley,F
Pazong,F
Pe,M
Pea-Cem,M
Peace,Unisex
Peach ,F
Peaches,F
Peachie,F
Peadar,M
Peak,F
Pear,F
Pearak,M
Pearce,M
Pearl,F
Pearl-Lynn,F
Pearl-rose,F
Pearl-te,F
Pearla,F
Pearlann,F
Pearlanne,F
Pearle,F
Pearlean,F
Pearlee,F
Pearleen,F
Pearlena,F
Pearlene,F
Pearletha,F
Pearletta,F
Pearlette,F
Pearley,Unisex
Pearlia,F
Pearlic,F
Pearlie,F
Pearlina,F
Pearline,F
Pearlise,F
Pearlprabhleen,F
Pearls,F
Pearlveen,F
Pearly,Unisex
Pearse,M
Pearson,M
Peary,M
Peat,M
Peatricia,F
Peaytton,F
Pebble,F
Pebbles,F
Pebiana,F
Pecho,M
Pechsovann,M
Pecola,F
Pecolia,F
Pecos,M
Ped,M
Peda,F
Peder,M
Pederben,M
Pedersen,M
Pedita,F
Pedja,M
Pedr,M
Pedra,F
Pedram,M
Pedrito,M
Pedro,M
Pedrohenrique,M
Pedrojose,M
Pedrojr,M
Pedroluis,M
Pedros,M
Pedrum,M
Peeha,F
Peehu,F
PeeKay,Unisex
Peer,M
Peerless,M
Peerse,M
Peeta,M
Peeta-ann,F
Peetah,F
Peeter,M
Peetinder,F
Peeyush,M
Peg,F
Pegah,F
Pegan,F
PegdwendT,F
Pegeen,F
Pegge,F
Peggi,F
Peggie,F
Peggy,F
Peggy-Ann,F
Peggy-Lee,F
Peggy-Sue,F
Peggy-Susanne,F
Peggyann,F
Peggyanne,F
Peggye,F
Peggyjo,F
Peggylee,F
Peggysue,F
Pegi,F
Pehal,F
Peharpreet,F
Peher,F
Pehesisis,M
Pehlaj,M
Pehr,M
Pei,F
Peidah,F
Peigan,M
Peige,F
Peighten,F
Peightin,M
Peightn,F
Peighton,F
Peightyn,F
Peihao,M
Peihong,M
Peiling,F
Peiqi ,F
Peirce,M
Peirre,M
Peirson,Unisex
Peirsyn,M
Peita,F
Peiter,M
Peiton,F
Peiton-Rose,F
Peityn,F
Peiv,F
Peja,Unisex
Pejman,M
Pejmon,M
Peka,F
Pekka,M
Pekthang,M
Pel,M
Pela,F
Pelagea,F
Pelagia,F
Pelaheya,F
Pele,Unisex
Peleah,F
Peleg,F
Pelegrina,F
Pelham,M
Pelin,F
Pelio,M
Pelita,F
Pella,F
Pelle ,M
Pellegrima,F
Pellegrina,F
Pellegrino,M
Pellem,M
Pellie,F
Pelligrino,M
Pellion,M
Pelma,F
Pelopidas,M
Pelvain,M
Pema,F
Pemba,F
Pembe ,F
Pemberley,F
Pemberton,M
Pembroke,M
Pemela,F
Pemily,F
Pemry,F
Pen,M
Pena,F
Pencie,F
Penda,F
Pendar,M
Pender,M
Pendeza,F
Pendle,F
Pendleton,Unisex
Pendra,F
Pene,F
Peneale,M
Penelape,F
Penella,F
Penellape,F
Penellepe,F
Penellope,F
Penelope,F
Penelope-ann,F
Penelope-Farida,F
Penelope-Rose ,F
Penelope-shae,F
Penelopea,F
Penelopee,F
Peneloperose,F
Penelopi,F
Penelopie,F
Penelopy,F
Peng,M
Pengiran,M
Pengtao,M
Penh,F
Peni,F
Peniana,F
Peniasi,M
Peniel,Unisex
Penina,F
Penisimani,M
Penley,F
Penn,M
Penndara,M
Penne,F
Pennee,F
Pennel,F
Pennelope,F
Penner,M
Penney,F
Penni,F
Penni-anne,F
Pennie,F
Pennington,Unisex
Pennlee,F
Penny,F
Penny-anne,F
Penny-Crystal,F
Penny-jane,F
Penny-Lane,F
Penny-Lee,F
Penny-Lynn,F
Penny-Mae ,F
Penny-May ,F
Penny-Rose ,F
Pennyann,F
Pennye,F
Pennylane,F
Pennylee,F
Penoel,M
Penola,F
Penolope,F
Penrose,Unisex
Pens,M
Pensacola,F
Pensee,F
PenTlope,F
Penton,M
Penuel ,M
Peny,F
Penzy,F
Peola,F
Peony,F
Pep,M
Pepa,F
Pepe,M
Pepi,M
Pepin,F
Pepita,F
Pepitza,F
Peppa,F
Peppe,M
Peppejo,F
Pepper,F
Peppi,Unisex
Peppino,M
Pepsi,F
Pequita,F
Per,M
Pera,F
Peran ,M
Peraniko,M
Percaius,F
Percefoni,F
Percel,M
Percell,M
Percera,F
Percey,M
Perci,F
Percie,Unisex
Perciea,F
Percilla,F
Percious,F
Percival,M
Perciya,F
Percy,M
Perdeep,M
Perdita,F
Perdy ,F
Perea,F
Pereen,F
Peregrin,M
Peregrina,F
Peregrine,Unisex
Perekli,M
Perel,F
Perendesha,F
Peres,M
Perestera,F
Perette,F
Peretz,M
Perez,M
Perfect,F
Perfecta,F
Perfecto,M
Peri,F
Peria,F
Perian,F
Periandros,M
Periann,F
Perianne,F
Perica,M
Pericles,M
Periclis,M
Perihan ,F
Perijane,F
Perikli,M
Periklis,M
Perilla,F
Perilynne,F
Perin,M
Perina,F
Peris,Unisex
Peristera,F
Perjin,F
Perkash,M
Perkel,M
Perkha,F
Perkins,M
Perl,Unisex
Perla,F
Perle,Unisex
Perle-Christine,F
Perlean,F
Perlena,F
Perlene,F
Perley,M
Perlie,Unisex
Perlina,F
Perline,F
Perlita,F
Perm,F
Perma,F
Perman,M
Permeet,M
Permelia,F
Permpoon,M
Permvir,M
Perna,F
Pernall,M
Pernell,M
Pernella,F
Pernetta,F
Pernia,F
Pernie,F
Pernilla,F
Pernnell,M
Pero,M
Perodi,F
Perol,M
Perom,M
Peron,M
Perone,F
Peroz,M
Perpetua,F
Perpetual,F
Perr,M
Perra,M
Perran ,M
Perreen,F
Perren,M
Perri,F
Perri-jae,F
Perria,M
Perriann,F
Perrie,Unisex
Perrier,M
Perrin,Unisex
Perrine,F
Perrion,M
Perris,Unisex
Perrish,M
Perron,M
Perry,M
Perry-damian,M
Perryn,Unisex
Pers,M
Persaeus,F
Persais,F
Persaius,F
Persasis,F
Persaus,F
Persaya,F
Persayaz,F
Persayis,F
Persayus,F
Perscilla,F
Persefone,F
Persefoni,F
Perseis,F
Persell,M
Persephanie,F
Persephany,F
Persephone,F
Persephoni,F
Persephonie,F
Persephony,F
Perseus,M
Persey,M
Pershais,F
Pershing,M
Persia,F
Persia-lily,F
Persis,F
Persius,Unisex
Persja,F
Personna,F
Persteen,F
Perston,M
Perswacious,F
Persyus,M
Pertho,M
Pertima,F
Pertina,F
Pertrina,F
Perumal,M
Perusi,F
Pervaiz,M
Perveen,F
Pervez,M
Pervie,M
Pervis,M
Perviz,F
Peryl,F
Peryn,F
Pesach,M
Pesandu,M
Pesch,F
Peschk,F
Pesha,F
Peshraw,M
Peshtiwan,M
Peshwaz,M
Peshy,F
Pesim,M
Pessel,F
Pessi,F
Pessia,F
Pessie,F
Pessy,F
Pestheruwe,Unisex
Pesum,F
Pet,Unisex
Peta,F
Peta-ann,F
Peta-anne,Unisex
Peta-jane,F
Peta-jon,Unisex
Peta-kae,F
Peta-kerryn,F
Peta-lee,F
Peta-maree,F
Peta-marie,F
Peta-raye,F
Petah,F
Petal,F
Petalyn,F
Petamaree,F
Petar,M
Petara,F
Pete,M
Petek ,F
Peter,M
Peter-Emil,M
Peter-eric,M
Peter-felix,M
Peter-ivann,M
Peter-jacob,M
Peter-James ,M
Peter-jay,M
Peter-Joe,M
Peter-John,M
Peter-jonathan,M
Peter-Joseph,M
Peter-Junior ,M
Peter-lee,M
Peter-Luis,M
Peter-pal,M
Peter-Paul,M
Peter-petar,M
Peter-wayne,M
Peter-william,M
Peterina,F
Peteris,M
Peterjames,M
Peterjohn,M
Peters,F
Petersenn,M
Peterson,M
Peterus,M
Petey,M
Peti,F
Petia,F
Petichia,F
Petie,M
Petina,F
Petiola,M
Petion,M
Petit,M
Petita,F
Petite,F
Petone,F
Petr,M
Petra,F
Petra-Adriana,F
Petra-Ann,F
Petra-Celli,F
Petra-naomi,F
Petra-Soffia,F
Petracia,F
Petrae,F
Petragos,M
Petrah,F
Petranella,F
Petras ,M
Petre,Unisex
Petrea,F
Petrela,F
Petrena,F
Petri,M
Petria,F
Petrice,F
Petricia,F
Petrick,M
Petrie,M
Petrii,F
Petrina,F
Petrine,F
Petrinella,F
Petriny,F
Petrit,M
Petrita,F
Petrito,M
Petrizia,F
Petro,M
Petrona,F
Petronella,F
Petronia,F
Petronila,F
Petronilla,F
Petronilo,M
Petronino,M
Petros,M
Petros-peter,M
Petrouchka,F
Petroula,F
Petru ,M
Petrus,M
Petrusia,F
Petta,F
Petter,M
Pettite,F
Pettus,M
Petty,F
Petula,F
Petunia,F
Petvina,F
Petyon,F
Peuo,M
Peuv,F
Pev,M
Pevlyne,F
Pewahpun,F
Pewhysis,F
Pewyis,F
Peyam,M
Peyasu,M
Peyden,Unisex
Peydence,F
Peydon,M
Peydynn,F
Peyeton,M
Peyi,F
Peyj,F
Peyman,M
Peyseance,F
Peyson,Unisex
Peytan,F
Peyten,Unisex
Peyten-Ann,F
Peytin,F
Peytin-Leanne,F
Peytlen,M
Peytn,F
Peyton,Unisex
Peyton-Destany,F
Peyton-Jay,M
Peyton-Leigh ,F
Peyton-Louise ,F
Peyton-Marie,F
Peyton-Rose ,F
Peyton-Skye,F
Peytonmarie,F
Peytonn,F
Peytra,F
Peytton,F
Peytyn,F
Peytynn,F
Pfeiffer,F
PFyton,F
Phabian,M
Phack,M
Phadey,M
Phadra,F
Phadric,M
Phaedon,M
Phaedra,F
Phaedre,F
Phaelan,M
Phaeton,Unisex
Phaidra,F
Phairun,F
Phaith,F
Phajja,F
Phakmo,M
Phala,F
Phalen,Unisex
Phalicia,F
Phall,F
Phalla,F
Phallen,F
Phallika,F
Phallita,F
Phallon,F
Phally,Unisex
Phallyn,F
Phalon,Unisex
Phaly,F
Phalyn,F
Phalyna,F
Phalynn,F
Pham,Unisex
Phan,Unisex
Phanarith,M
Phancie,F
Phanith,M
Phanna,F
Phannary,M
Phanno,M
Phano,M
Phanson,F
Phanta,F
Phantasia,F
Phantasma,F
Phantazia,F
Phanthipha,F
Phanuel,M
Phap,M
Phar,F
Phara,F
Phara-Diba,F
Pharah,F
Pharaoh,M
Pharell,M
Pharelle ,M
Phares,M
Pharez,M
Pharis,M
Pharoah,M
Pharoe,M
Pharoh,M
Pharon,Unisex
Pharrah,F
Pharrel ,M
Pharrell,M
Pharren,Unisex
Pharyn,Unisex
Phasany,F
Phasean,M
Phashan,F
Phat,M
Phatima,F
Phatlalalo,M
Phaton,M
Phaun,F
Phaveth,F
Phawn,F
Phay,M
Phaydra,F
Phayesha,F
Phayus,F
Phazna,M
Phazon,M
Phea,F
Phea-jae,M
Pheadra,F
Pheak,M
Phearom,M
Phearson,M
Pheasay,F
Pheavarath,M
Pheavarth,M
Pheba,F
Phebe,F
Phebe-Anne,F
Phebee,F
Pheben,F
Phebia,F
Phebie,F
Pheby,F
Phech,M
Phedra,F
Phedra-Lyn,F
Pheebe,F
Pheelan,F
Pheenix,F
Phelan,Unisex
Phelecia,F
Pheleeks,M
Phelica,F
Phelicia,F
Phelicity,F
Phelim ,M
Phelipe,M
Pheliph,M
Phelisha,F
Phelix,M
Phelony,F
Phelps,M
Phenelope,F
Pheng,M
Pheng-vanessa,F
Phenice,F
Phenicia,F
Phenie,F
Phenious,M
Phenix,Unisex
Phenix-Lei,F
Phennodry,F
Phenyx,F
Pheobe,F
Pheobe-Ann ,F
Pheobee-ann,F
Pheobie,F
Pheona,F
Pheonix,Unisex
Pheonix-Rayne,F
Pheonyx,F
Phero,M
Pherris,F
Phersayiss,F
Pherson,M
Phetlunda,F
Pheyten,F
Pheyton,M
Phi,M
Phi-chau,M
Phi-hoang,M
Phi-Hung,M
Phi-khanh,F
Phi-Long,M
Phi-yen,F
Phia,F
Phidias,M
Phiefer,F
Phifer,F
Phil,M
Phila,F
Philadelphia,F
Philalack,F
Philamena,F
Philana,F
Philander,M
Philant,M
Philaret,M
Philbert,M
Philca,F
Phile,M
Philece,F
Philecia,F
Phileene,F
Philemon,M
Philemona,M
Philena,F
Philene,F
Philesha,F
Philia,F
Philia-anna,F
Philias,M
Philibert,M
Philicia,F
Philicity,F
Philimon,M
Philina,F
Philine,F
Philip,M
Philip-Danniel,M
Philip-George,M
Philip-Ivan,M
Philip-James,M
Philip-John,M
Philip-Jonathan,M
Philip-Urban,M
Philipa ,F
Philipae,M
Philipas,M
Philipe,M
Philiph,M
Philipos,M
Philipose,M
Philipp,M
Philippa,F
Philippe,M
Philippe-Duy,M
Philippe-Jodl,M
Philippina,F
Philippine,F
Philippos,M
Philippus,M
Philips,M
Philis,F
Philisa,F
Philisha,F
Philistine,F
Philix,M
Phill,M
Philli,M
Phillia,F
Phillicia,F
Phillina,F
Phillip,M
Phillip-maxwell,M
Phillipa,F
Phillipe,M
Philliph,M
Phillipi,F
Phillipmichael,M
Phillipo,M
Phillipos,M
Phillipp,M
Phillippa,F
Phillippe,M
Phillips,M
Phillipus,M
Phillis,F
Phillisa,F
Phillisha,F
Phillisina,F
Phillistine,F
Phillop,M
Phillp,M
Phillsan,F
Philly,Unisex
Phillys,F
Philmena,F
Philmon,M
Philmone,M
Philmore,M
Philo,M
Philo-Pateer,M
Philoksenia,F
Philomela,F
Philomen,F
Philomena,F
Philomene,F
Philomenia,F
Philomina,F
Philomine,F
Philomon,M
Philong,M
Philopateer,M
Philopater,M
Philopatyr,M
Philoza,F
Philp,M
Philson,M
Philumena,F
Philvie,F
Phin,M
Phinean,M
Phineas,M
Phineaus,M
Phinehas,M
Phineus,M
Phinizy,M
Phinley,Unisex
Phinn,M
Phinnaeus,M
Phinneas,M
Phinneaus,M
Phiola,F
PhiOn,M
Phiona,F
Phionna,F
Phiphacksa,F
Phirah,F
Phirdaus,F
Phitchaya,M
Phiya,F
Phobe,F
Phoeba,F
Phoebe,F
Phoebe- ,F
Phoebe-anne,F
Phoebe-Desiree,F
Phoebe-eve,F
Phoebe-faith,F
Phoebe-Grace ,F
Phoebe-jade,F
Phoebe-Jane ,F
Phoebe-Jayne ,F
Phoebe-Lee ,F
Phoebe-Leigh ,F
Phoebe-Liesle,F
Phoebe-Lou ,F
Phoebe-Louise ,F
Phoebe-Mae ,F
Phoebe-Mai ,F
Phoebe-Marie ,F
Phoebe-May ,F
Phoebe-Rae ,F
Phoebe-Rose ,F
Phoebee,F
Phoebi,F
Phoebie,F
Phoelix,F
Phoenicia,F
Phoeniks,F
Phoenix,Unisex
Phoenix-lewis,M
Phoenix-Marie,F
Phoenix-Rayel,F
Phoenix-Rose ,F
Phoenix-Wugeya-Ebskaska-Jackie,M
Phoenixx,Unisex
Phoenyx,Unisex
Phoetini,F
Phohena,F
Phoi,F
Phoibe ,F
Phoinix,F
Phone,F
Phoneix,M
Phoneprasith,M
Phoneque,F
Phonesavanh,F
Phong,M
Phong-Quoc,M
Phonpradith,M
Phoolmatie,F
Phoraboth,M
Phoranon,M
Phornthida,F
Photi,M
Photina,F
Photine,F
Photini,F
Photios,M
Photis,M
Phou,F
Phoua,F
Phoung,F
Phouthajuk,M
Phouthasone,M
Phouthone,M
Phrances,M
Phrasswell,M
Phriam,F
Phronia,F
Phronie,F
Phronsie,F
Phryankah,F
Phrydeus,M
Phu,M
Phu-Ern,M
Phu-Hai,M
Phu-lam,M
Phu-qui,M
Phu-Truong,M
Phuc,M
Phuc-Quyen,M
Phuc-tam,M
Phuc-Thanh,M
Phullis,F
Phung,F
Phung-Nghi,F
Phuntsak,F
Phuoc,M
Phuoc-hoan,M
Phuoc-Thien,M
Phuong,Unisex
Phuong-anh,F
Phuong-Dan,F
Phuong-Dong,F
Phuong-lan,F
Phuong-linh-thi,F
Phuong-lyn,F
Phuong-nhi,F
Phuong-quynh,F
Phuong-thao,F
Phuong-thi-thi,F
Phuong-trinh,F
Phuong-Vu,M
Phuong-vy,F
Phuonganh,F
Phuongvy,F
Phurrell,M
Phyillis,F
Phylea,F
Phylecia,F
Phylica,F
Phylicia,F
Phyline,F
Phylip,M
Phylis,F
Phylisa,F
Phylisha,F
Phylisia,F
Phyliss,F
Phylla-Joyce,F
Phyllicia,F
Phyllida ,F
Phyllip,M
Phyllis,F
Phyllisann,F
Phyllisha,F
Phyllisia,F
Phylliss,F
Phyllistine,F
Phyllys,F
Phylophusa,M
Phylynn,M
Phylyp,M
Phyneas,M
Phynex,F
Phynix,Unisex
Phynn,Unisex
Phyo,M
Phypher,F
Phyre,F
Phyrith,M
Phytoree,F
Pi-Pon,F
Pia,F
Pia-Lauren,F
Pia-zhane,F
Piacentina,F
Piacentino,M
Piajane,F
Piak,M
Pianky,F
Piaoyi,M
Piara,M
Piase,M
Piata,F
Piath,F
Pica,F
Picabo,F
Piccola,F
Pich,Unisex
Pichrosie,F
Pichsovan,M
Pichvoleak,F
Pickens,M
Picola,F
Pidroluis,M
Piebro,M
Piedad,F
Pieesha,F
Pieper,F
Pier,Unisex
Pier-Alexandre,M
Pier-Luc,M
Piera,F
Pierah,F
Pieran,M
Pierce,M
Piercen,M
Pierceson,M
Piercin,M
Piere,M
Pierette,F
Pieri,M
Pierina,F
Pierino,M
Pieris-louis,M
Pierluigi ,M
Piero,M
Pierom,M
Pierr,M
Pierra,F
Pierre,M
Pierre-albin,M
Pierre-Alexandre,M
Pierre-Antoine,M
Pierre-Luc,M
Pierre-Maxim,M
Pierre-Michel,M
Pierre-Nicolson,M
Pierre-Olivier,M
Pierrette,F
Pierric,M
Pierrie,M
Pierris,M
Pierro,M
Pierros,M
Pierrot,M
Piers,M
Piers-Philippe,M
Pierse ,M
Piersen,M
Pierson,M
Pierston,M
Piersyn,F
Pierus,M
Piet,M
Pieta,F
Pieta-jane,F
Pieter,M
Pieter-Hendrik,M
Pieternella,F
Pietr,M
Pietra,F
Pietrangelo,M
Pietre,M
Pietrina,F
Pietrizia,F
Pietro,M
Pietro-salvatore,M
Pietronella,F
Pietronilla,F
Pietsje,F
Pietta,F
Piette,F
Piffany,F
Piheshue,M
Pihu,F
Piilani,F
Piinaakoyim,M
Piita,Unisex
Piitaa,M
Pijus ,M
Pikaila,F
Pike,M
Pikea,F
Pikeeta,F
Pikky,F
Pikria,F
Pikssii,F
Pilar,Unisex
Pilara,F
Pilimilose,F
Pilipay,F
Pilippo,M
Pillar,F
Pille,F
Pilot,M
Pim,M
Pimal,M
Pimarun,F
Pimmada,F
Pina,F
Pina-maria,F
Pinar,F
Pinaz,F
Pinchas,M
Pinches,M
Pinchos,M
Pinchus,M
Pinckney,M
Pincllobi,F
Pincus,M
Pindoavara,F
Pineby,M
Pinello,F
Pinelopi,F
Piney,F
Ping,Unisex
Ping-Wei,M
Pingkawat,M
Pingsheng,M
Pink,M
Pinkey,F
Pinkie,F
Pinkney,M
Pinku,F
Pinky,F
Pinnington,M
Pino,M
Pinter,M
Pinto,M
Pinuccia,F
Pinuccio,M
Pinyien,M
Pio,M
Pio-mario,M
Pioet,M
Piol,M
Piolo,M
Piom,M
Pioquinto,M
Piorazis,M
Piosta,M
Piotr,M
Pious ,M
Pip ,Unisex
Pipa,F
Pipah,F
Pipaluk,F
Pipat,M
Pipath,M
Pipehgwance,M
Piper,F
Piper-lily,F
Piper-Lynn,F
Piper-Rose ,F
Pipiauroa,F
Pipina,F
Pipitsa,F
Pipon,F
Pippa,F
Pippa-Leigh ,F
Pippa-Louise ,F
Pippa-Mae ,F
Pippa-Rose ,F
Pippen,F
Pipper,F
Pippi ,F
Pippin,Unisex
Pippini,F
Pippy,F
Piquette,F
Pira,Unisex
Pirabahinie,F
Piran ,M
Piranavan ,M
Piranavann,M
Pirapat,M
Piraveen ,M
Piraveena ,F
Pire,M
Piri,Unisex
Pirie,M
Piripi,M
Pirjo,F
Pirl,F
Pirley,F
Piroska,F
Piroum,M
Pirra,F
Pirran ,M
Pirrie,F
Pirsais,F
Pirtham,M
Pirun,M
Pisan,M
Pisem,M
Pisim,M
Pisimpiyesis,F
Pistol,Unisex
Pita,Unisex
Pitas,M
Piter,M
Pitia,M
Pitisi,F
Pitiya,M
Pitney,M
Pito,M
Pitre,M
Pitsa,F
Pittia,M
Pittman,M
Pius,M
Pixi ,F
Pixie,F
Pixie-Beau ,F
Pixie-Belle ,F
Pixie-Leigh ,F
Pixie-Lou ,F
Pixie-Rae ,F
Pixie-Rose ,F
Pixley,F
Piya,F
Piyali-anitha,F
Piyashi,F
Piyashma,F
Piyesis,M
Piyesiwakoyohtawit,M
Piyush,M
Pj,M
Pjay,M
Pjeter,M
Pjotr,M
Pkai,F
Pkao,F
Placida,F
Placide,M
Placido,M
Plamedi ,Unisex
Plamen ,M
Plamena ,F
Plas,M
Plassie,F
Platinum,Unisex
Plato,M
Platon,M
Platt,M
Plaxy,F
Playford,M
Pleas,M
Pleasant,Unisex
Pleasure,F
Pledger,M
Ples,M
Pleshette,F
Pleun,F
Plez,M
Pleze,M
Plina,F
Plinio,M
Pliny,M
Pllum,M
Plony,F
Plouheria,F
Plousia,F
Ploutarhos,M
Plum,F
Pluma,F
Plumer,Unisex
Plumie,F
Plummer,M
Plummie,F
Plutarco,M
Plutus,M
Plymouth,M
Pneet,F
Pnina,F
Po,Unisex
Po-Yui,M
Po-yun,M
Poara,M
Pocahontas,F
Poe,Unisex
Poem,F
Poet,Unisex
Poet-Lily,F
Poetic,F
Poetica,F
Poetri,F
Poetry,F
Poh,F
Poindexter,M
Poinsetta,F
Poitrina,F
Poiyun,F
Pokoho,M
Pol,M
Pola,F
Polagea,F
Polaris,F
Polat ,M
Polde,M
Polding,F
Pole,F
Poleena,F
Polene,F
Polet,F
Poleth,F
Polett,F
Polette,F
Polheria,F
Policarpio,M
Policarpos,M
Polida,M
Polihronia,F
Polihronis,M
Polimnia,F
Polina,F
Polisceni,F
Politimi,F
Polivios,M
Polixeni,F
Polk,M
Pollard,M
Pollawan,M
Polle,M
Polley,F
Polli,F
Pollie,F
Pollie-kate,F
Pollina,F
Pollock,M
Pollowan,M
Pollux,M
Polly,F
Polly-Anna ,F
Polly-Mae ,F
Polly-Rose ,F
Pollyann,F
Pollyanna,F
Pollyanne,F
Pollye,F
Pollygaya,F
Pollytimi,F
Polman,M
Polo,M
Polyanna,F
Polychronis,M
Polydefkis,M
Polyentolyekmongtainh,M
Polyhroni,M
Polymnia,F
Polyvios,M
Polyxeni,F
Polyxeny,F
Polyxewi,F
Pomaikai,F
Pomp,M
Pompea,F
Pompei,Unisex
Pompeia,F
Pompeo,M
Pompey,M
Pompeyo,M
Pomposa,F
Pomposo,M
Ponce,M
Poncho,M
Ponciano,M
Ponda,F
Pondra,F
Pondthip,F
Pondy,F
Pong,M
Poni,F
Pono,M
Ponscho,M
Pontaleo,M
Pontales,M
Pontharort,M
Pontnon,F
Pontus,M
Poohkami,F
Pooja,F
Poojan,Unisex
Poojita,F
Pookela,M
Poon,M
Poon-ee,M
Poon-jin,M
Poon-khin,M
Poon-yu,M
Poonam,F
Poonamdeep,F
Poonum,F
Poorna,F
Poorvi,F
Pooya,M
Pope,M
Popi ,F
Popilia,F
Poplar,M
Poppee,F
Poppi,F
Poppie,F
Poppie-Ann ,F
Poppie-anne,F
Poppie-Leigh ,F
Poppie-Mae ,F
Poppie-Mai ,F
Poppie-Rae ,F
Poppie-Rose ,F
Poppy,F
Poppy-Ann ,F
Poppy-Anne ,F
Poppy-Belle ,F
Poppy-boo,F
Poppy-Elizabeth ,F
Poppy-Ella ,F
Poppy-Grace ,F
Poppy-Isabella ,F
Poppy-Jane ,F
Poppy-Jayne ,F
Poppy-Jo ,F
Poppy-Lea ,F
Poppy-Lee ,F
Poppy-Leigh ,F
Poppy-Lou ,F
Poppy-Louise ,F
Poppy-Mae ,F
Poppy-Mai ,F
Poppy-Marie ,F
Poppy-mary,F
Poppy-May ,F
Poppy-Rae ,F
Poppy-Rose ,F
Poppy-Sue ,F
Poppy-Willow ,F
Poppyrose ,F
Popy,F
Por,M
Porcha,F
Porchae,F
Porche,F
Porchea,F
Porcher,F
Porchia,F
Porcia,F
Porcsha,F
Porfiria,F
Porfirio,M
Porn,M
Porntip,Unisex
Porscha,F
Porscharoy,F
Porsche,F
Porschea,F
Porschia,F
Porsh'a,F
Porsha,F
Porsha-raye,F
Porshae,F
Porshay,F
Porshe,F
Porshea,F
Porshia,F
Porsia,F
Port,M
Porter,M
Portia,F
Portland,Unisex
Portland-lee,F
Portline,F
Portlyn,F
Portlynn,F
Porzia,F
Posaree,F
Poseidon,M
Posey,Unisex
Posi-anne,F
Posie,Unisex
Posqualina,F
Posy,F
Pota,F
Potatau,M
Pothidos,M
Pothiti,F
Pothitos,M
Potitsa,F
Potter,F
Poua,F
Poul,M
Poulheria,F
Poulia,F
Poulis,M
Poulus,M
Pourea,M
Pourya,M
Pouya,M
Povilas,M
Powach,F
Powell,M
Power,M
Powers,M
Powlin,F
Poyraz,M
Ppatricia,F
Pr,M
Praambi,F
Prabal,M
Prabdeep ,Unisex
Prabesh,M
Prabh ,Unisex
Prabha,F
Prabhansh,M
Prabhas,M
Prabhat,M
Prabhav,M
Prabhbir,M
Prabhchaten,M
Prabhdeep,Unisex
Prabhdip,M
Prabhgeet,F
Prabhgun,M
Prabhjeet ,Unisex
Prabhjit,Unisex
Prabhjosh,M
Prabhjot,Unisex
Prabhjyot,Unisex
Prabhkeerat,M
Prabhki,F
Prabhkirt,F
Prabhleen,F
Prabhmanveer,M
Prabhmeet,M
Prabhmehar,M
Prabhnam,Unisex
Prabhneek,M
Prabhneet,F
Prabhnoor,Unisex
Prabhpal,Unisex
Prabhpartap,M
Prabhpaul,M
Prabhpreet,Unisex
Prabhraj,M
Prabhreet ,F
Prabhroop ,Unisex
Prabhseerat,F
Prabhshaan,M
Prabhshan,M
Prabhsharan,Unisex
Prabhsharn,F
Prabhshawn,M
Prabhsimar,Unisex
Prabhsimran,F
Prabhsirat,F
Prabhu,M
Prabhuansh,M
Prabhveer ,Unisex
Prabhvir,M
Prabin,M
Prabir,M
Prabjeet,M
Prabjit,F
Prabjot,Unisex
Prabjyot,M
Prableen ,F
Prabneek,F
Prabneet,F
Prabnoor,Unisex
Prabpreet,F
Prabprit,F
Prabshan,M
Prabsimran,M
Prabu,M
Prabveer ,M
Prachee,F
Prachi,F
Prachya,M
Pracilla,F
Prada,F
Pradap,M
Pradapsy,F
Pradeep,M
Pradeesh,M
Pradeesha,F
Pradhyun,M
Pradipta,M
Pradniya,F
Pradyumna,M
Pradyun,M
Pragathi,F
Pragati,F
Pragna,F
Pragnay,M
Pragnya,F
Pragunn,F
Pragya,F
Pragyan,M
Praha,F
Prahaan,M
Praharsh,M
Prahas,M
Prahlad,M
Prahlada,M
Praim,M
Praina,F
Prairie,F
Prairie-Ann,F
Prairie-Dawn,F
Prais,F
Praise,Unisex
Praiselyn,F
Praize,F
Praj,M
Prajedes,M
Prajeedh,M
Prajin,M
Prajit,M
Prajitha,F
Prajivan,M
Prajna,F
Prajval,M
Prajwal,M
Prakaipeth,F
Prakash,M
Prakav,M
Prakhar,M
Prakopie,M
Prakrati,F
Prakrit,M
Prakriti,F
Prakruti,F
Prakul,M
Pralab,M
Pralhad,M
Pramana,M
Pramandeep,F
Prambir,M
Pramit,M
Pramod,M
Pramol,M
Pran,M
Pranaam,M
Pranaay,M
Pranathi,F
Pranati,F
Pranav,M
Pranavan ,M
Pranaven,M
Pranavi,F
Pranay,M
Pranaya,Unisex
Praneeka,F
Praneel,M
Praneet,M
Praneeta,F
Praneeth,M
Praneil ,M
Pranesh,M
Pranietha,F
Pranika,F
Pranil,M
Pranim,M
Pranish,M
Pranisha,F
Pranit,M
Pranita,F
Pranith,M
Pranitha,F
Pranjal,Unisex
Pranjol,M
Pranshi,F
Pranshu,M
Pranusha,F
Pranuv,M
Pranvi,F
Pranya,F
Prapawalin,F
Prapti,F
Prarona,F
Prarthana,F
Prarthna,F
Prasad,M
Prasandeep,M
Prasann,M
Prasanna ,M
Prasanta,M
Prasertsak,M
Prashan,M
Prashant,M
Prashanth,M
Prasheel,M
Prasheev,M
Prashika,F
Prashil,M
Prashila,F
Prashneel,M
Prashun,M
Prasiddhi,F
Prasna,Unisex
Prastow,F
Prasun,M
Pratap,M
Pratapi,F
Pratchett,M
Prateek,M
Prateik,M
Pratham,M
Prathama,F
Prathamvir,M
Prathana ,F
Pratheek,M
Prather,M
Prathesha,F
Prathik,M
Prathiv,M
Prathna,F
Pratik,M
Pratiksha,F
Pratima,F
Pratishtha,F
Pratistha,F
Pratricia,F
Pratt,M
Pratuish,M
Pratul,M
Pratyaksh,M
Pratyush,M
Pratyusha,F
Pravaah,M
Pravaljot,M
Pravallika,F
Pravdeep,Unisex
Praveen,M
Praveena ,F
Praveer,M
Pravena,F
Pravesh,M
Pravin,M
Pravina ,F
Pravini,F
Pravishi,F
Pravjoat,M
Pravleen ,F
Pravpal,M
Pravraj,M
Praxedis,M
Praxia,F
Praxton,M
Pray,M
Prayaa,F
Prayaan,M
Prayaansh,M
Prayag,M
Prayan,M
Prayas,M
Prayash,M
Praydeanah,F
Prayer,F
Praylee,F
Prayosha,F
Prayush,M
Prayze,F
Prazz,M
Prbhpreet,M
Prea,F
Preal,F
Preana,F
Preanka,F
Preanna,F
Prear,F
Preash,M
Prebble,F
Preben,M
Prebjit,F
Precella,F
Precieux,M
Precilia ,F
Preciliano,M
Precilla,F
Preciosa,F
Precious,F
Precious-Chimaobim,M
Precious-Jane,F
Preciousa,F
Preciouss,F
Precius,F
Precylia,F
Precyous,F
Predeep,M
Predrag,M
Preeden,M
Preena ,F
Preese,F
Preesha,F
Preet,Unisex
Preeta,F
Preetam,M
Preetha,F
Preetham,M
Preethi,F
Preethika ,F
Preethy ,F
Preeti,F
Preetinder,Unisex
Preetish,M
Preetisha,F
Preetjot,Unisex
Preetkamal,Unisex
Preetkanwal,F
Preetpal,Unisex
Preetpaul,Unisex
Preetsa,F
Preety,F
Preeya,F
Preia,F
Preiti,F
Preity,F
Preksha,F
Prem,M
Prema,F
Premal,M
Premala,F
Premee,F
Premier,M
Premiere,M
Premika,F
Premila,F
Premita,F
Prempreet,M
Premveer,M
Prenaaz,F
Prenell,M
Prenella,F
Prenisha,F
Prentess,F
Prentice,M
Prentis,M
Prentiss,M
Prentyce,F
Preom,M
Preonda,F
Prerana,F
Prerit,M
Prerna,F
Preruet,M
Presa,F
Presciliano,M
Prescilla,F
Prescious,F
Prescott,M
Presea,F
Presean,M
Presely,F
Presha ,F
Preshaan,M
Preshus,F
President,M
Presila,F
Presiliano,M
Presilla,F
Presily,F
Presious,F
Preslav ,M
Preslava,F
Preslea,F
Preslee,F
Preslei,F
Presleigh,F
Presley,Unisex
Presley-Ann,F
Presli,F
Preslie,F
Presliey,F
Presly,F
Preslyn,F
Preslynn,F
Press,M
Presses,F
Pressie,F
Pressley,Unisex
Presslie,F
Pressly,F
Prestan,M
Prestelle,F
Presten,M
Prestian,M
Prestin,M
Prestina,F
Prestine,F
Prestley,Unisex
Prestlie,F
Prestly,M
Preston,M
Preston-Carl,M
Preston-James ,M
Preston-Jayde,F
Preston-Lee ,M
Prestyn,Unisex
Prestyn-Willem,M
Pretee,F
Prethi,F
Pretimo,F
Pretisha,F
Pretoria,F
Prettie,F
Pretto,F
Pretty,F
Previn,M
Preya,F
Preyanka,F
Preyanshu,M
Preyas,M
Preyona,F
Prezlee,F
Prezleigh,F
Prezley,Unisex
Prezlie,F
Prezly,F
Prezton,M
Pria,F
Priaansh,M
Priadeep,F
Priah,F
Priam,M
Prian,M
Prianka,F
Prianna,F
Priansh,M
Priayangka,F
Price,M
Pricella,F
Prichelle,F
Pricie,F
Pricila,F
Pricilla,F
Pricilla-Anne,F
Pricillia,F
Pricious,F
Pricsila,F
Pricsilla,F
Pride,M
Priden,M
Pridhi,F
Priel,Unisex
Priella,F
Priesha,F
Priest,M
Priestian,M
Priestly,M
Priety,F
Prim,F
Prima,F
Primavera,F
Primchanok,F
Primitivo,M
Primla,F
Primley,F
Primmada,F
Primnutcha,F
Primo,M
Primolino,M
Primrose,F
Primus,M
Primvir,F
Prina,F
Prinaaz,F
Prince,M
Prince-Glovid,M
Prince-henele,M
Princeamir,M
Princeanthony,M
Princecharles,M
Princedavid,M
Princedeep,M
Princejames,M
Princejeet,M
Princejohn,M
Princelife,M
Princella,F
Princely,M
Princemichael,M
Princeraj,M
Princes,F
Princesa,F
Princess,F
Princess-Jane,F
Princessa,F
Princeston,M
Princetan,M
Princeten,M
Princetin,M
Princeton,M
Princetta,F
Princetyn,M
Princevir,M
Princewill,M
Princewilliam,M
Princey,F
Princi,F
Princia,F
Princie,F
Princilla,F
Principia,F
Princston,M
Princton,M
Princy,F
Prineet,F
Pringle,M
Prinka,F
Prinsesa,F
Prinston,M
Printes,M
Printess,M
Printice,M
Printis,M
Printiss,M
Prinz,M
Prior,M
Prisa,F
Prisada,F
Prisayus,F
Prisca,F
Priscella,F
Prisches,F
Prisciella,F
Priscila,F
Priscilia,F
Priscill,F
Priscilla,F
Priscilla-Anne,F
Priscilla-jane,F
Priscilla-Kieto,F
Priscilla-Rose ,F
Priscille,F
Priscillia,F
Priscyla,F
Priscylla,F
Priseis,F
Prisella,F
Prish,M
Prisha,F
Prisicilla,F
Prisila,F
Prisilla,F
Priskilla,F
Prisma,F
Prisneel,M
Prisney,F
Prissila,F
Prissy,F
Pristina,F
Pristine,F
Prisylla,F
Prit,M
Prita,F
Pritam,M
Pritanshu,M
Pritesh,M
Pritha ,F
Pritham,M
Prithika,F
Prithiv,M
Priththa,F
Prithu,M
Prithvi,M
Prithviraj ,M
Prithwish,M
Priti,F
Pritika,F
Pritila,F
Pritisha,F
Pritpal ,Unisex
Pritpaul,M
Pritrina,F
Prity,F
Prityin,M
Prix,F
Prixit,M
Priya,F
Priya-Anne,F
Priya-Rose ,F
Priyaa ,F
Priyadarshani,F
Priyadarshini,F
Priyadi,M
Priyah,F
Priyakna,F
Priyal,F
Priyam,M
Priyamvda,F
Priyan,M
Priyana,F
Priyank,M
Priyanka,F
Priyannah,F
Priyansh,M
Priyanshi,F
Priyanshu,M
Priyansu,M
Priyantha,M
Priyanthi,F
Priyasha,F
Priyashwari,F
Priyasil,F
Priyavarshini,F
Priyen ,M
Priyesh ,M
Priyianka,F
Priyonti,F
Prizden,M
Prnav,M
Prneet,F
Probal,M
Procopio,M
Procopios,M
Procopis,M
Procoppio,M
Procter,M
Proctor,M
Prodakil,M
Prodan,M
Prodigy,M
Prodromos,M
Profit,M
Prokopi,M
Prokopia,F
Prokopios,M
Prom,M
Promesse,M
Prometheus,M
Prominent,M
Promise,F
Promiss,F
Promisse,F
Promit,M
Promita,F
Promize,F
Promyce,F
Promyse,F
Promyss,F
Pronia,F
Prophecy,F
Prophet,M
Prosper,M
Prosper-Borngreat,M
Prosper-Junior,M
Prosperity,F
Prospero,M
Proud,F
Proudfeather,F
Providence,F
Providencia,F
Providenza,F
Provino,M
Prow,F
Proxy,M
Pru,F
Prubhjot,F
Prubjot,M
Prubjyott,F
Pruda,F
Prudance,F
Prudence,F
Prudence-ann,F
Prudence-daisy,F
Prudencia,F
Prudencio,M
Prudie,F
Prudy,F
Prudynce,F
Prue,F
Pruedence,F
Pruenella,F
Pruitt,M
Prulyn,F
Prunella,F
Prunelle,F
Prusha ,F
Prutha,F
Prwil,M
Prya,F
Pryce,M
Prycen,M
Pryda,M
Pryde,Unisex
Pryhcia,F
Pryia,F
Pryiandeep,F
Prylor,M
Prynce,M
Pryncess,F
Prynceton,M
Prynn,F
Pryor,M
Prys ,M
Pryscilla,F
Prysilla,F
Przemek,M
Przemyslaw ,M
Psalm,Unisex
Psalm-Jeneah,F
Psalms,Unisex
Psalmuel,M
Psanatcsakor,F
Pßige,F
Psyche,F
Psymon,M
Psyon,M
Psyris,M
Pthaylo,M
Ptiika,F
PTnTlope,F
Ptolemy,M
Ptosha,F
Ptrick,M
Ptuska,M
Pual,M
Pualani,F
Puanani,F
Puaolena,F
Pui,F
Pui-Hin,M
Pui-Yan,M
Pui-Yin,F
Puja,F
Pujan,M
Pujeet,M
Pukar,M
Pukhraj,M
Pul,M
Pulak,F
Pulanthiran,M
Pullave,F
Pumigha,F
Punam,F
Punampreet,F
Puncham,F
Puneet,Unisex
Puneet-Ratan,M
Puneetjot,F
Punit,M
Punita,F
Punjehl,M
Punkaj,M
Punu,F
Puoch,M
Puok,M
Puou,M
Puping,M
Pura,F
Purab,M
Purabsahib,M
Purackal,M
Puran ,M
Purav,M
Purcell,M
Purcella,F
Purdee,F
Purdey ,F
Purdie,F
Purdy,Unisex
Pure,M
Puresun,M
Pureun,F
Puriena,F
Purifacacion,F
Purisha,F
Purity,F
Purl,M
Purli,F
Purlie,F
Purneet,F
Purnell,M
Purnima,F
Purnoor,F
Purpose,F
Pursayes,F
Purslane,F
Purumit,M
Purumol,M
Puruvi,F
Purva,F
Purvi,F
Purvis,M
Pushkar,M
Pushpinder,M
Pushti,F
Puspa,F
Pussie,F
Puteri ,F
Puthear,M
Puthiridh,M
Puthirith,M
Puti,F
Putra,M
Putrassmey,M
Puttaporn,F
Putu,Unisex
Pwe,M
Pyam,M
Pyeta,F
Pyken,M
Pylot,M
Pyotr,M
Pypah-rose,F
Pyper,F
Pypper,F
Pyrene,F
Pyretta,F
Pyriel,Unisex
Pyrrhus,M
Pyrros,M
Pythia,Unisex
Pyvie,F