Q,M
Q'ielon,M
Q'orianka,F
Q'Tyyr'N,F
Qa'im,M
Qaadir,M
Qaal,M
Qaasim,M
Qaayam,M
Qadar ,M
Qadeer ,M
Qadeera,F
Qadees,M
Qadir,M
Qadira,F
Qadirah,F
Qadr,M
Qadra,F
Qadree,M
Qadriyyah,F
Qadro,F
Qadry,M
Qaher-Ali,M
Qahir,M
Qahyem,M
Qahyim,M
Qaidance,M
Qaiden,M
Qail,M
Qaila,F
Qailah ,F
Qaim ,M
Qais,M
Qaisa,F
Qaisara,F
Qaiser ,M
Qaisir,M
Qaiyam,M
Qalid,M
Qalkidan,F
Qamar,Unisex
Qamarah,F
Qamari,M
Qamariya,F
Qamarullah,M
Qanani,F
Qanita,F
Qaqa,M
Qara,F
Qarmin,F
Qasam ,M
Qaseem,M
Qasem,M
Qasid ,M
Qasim,M
Qasim-Ali,M
Qasimali,M
Qass,M
Qassam,M
Qassim ,M
Qaswa ,F
Qatadah,M
Qayam,M
Qaylah ,F
Qays,M
Qayyama,F
Qayyim ,M
Qayyum,M
Qayz,M
Qazi ,M
Qelsey,F
Qendresa ,F
Qendrim ,M
Qeturah,F
Qhloe,F
Qi,Unisex
Qian,Unisex
Qian-ao,F
Qiana,F
Qiang,M
Qianmo,F
Qianna,F
Qiao ,Unisex
Qiara,F
Qiarah,F
Qienna,F
Qierra,F
Qifei,M
Qijia,M
Qin ,Unisex
Qing,F
Qingbo,M
Qinghao,M
Qinguhaaq,M
Qingyi,F
Qingyun,F
QinRong,F
Qiona,F
Qiraat ,F
Qirat,F
Qirin,F
Qiu,F
Qiuana,F
Qiushi,M
Qiutong,F
Qixia,F
Qixuan,F
Qmari,M
Qonda,M
Qorey,M
Qori,F
Qorianka,F
Qotrunnada,F
Qourtney,F
Qron,M
Qu'Tanna,F
Qua,M
Quaadir,M
Quaashie,M
Quach,M
Quacy,M
Quadair,M
Quadaisha,F
Quadarious,M
Quadarius,M
Quadarrious,M
Quadarrius,M
Quadasha,F
Quadasia,F
Quade,M
Quadeer,M
Quadell,M
Quadelle,F
Quadere,M
Quadeshia,F
Quadier,M
Quadijah,F
Quadir,M
Quadira,F
Quadirah,F
Quadre,M
Quadrece,M
Quadree,M
Quadreka,F
Quadrell,M
Quadrevion,M
Quadri,M
Quadry,M
Quaheem,M
Quahli,F
Quaid,M
Quaide,M
Quaiden,M
Quaija,F
Quaila,F
Quaila-Lee,F
Quain,M
Quala,F
Qualan,M
Qualee,M
Qualen,M
Qualesha,F
Quali,M
Qualia,F
Qualiek,M
Qualik,M
Qualin,M
Qualisha,F
Qualiyah,F
Quallan,M
Qualon,M
Qualyjah,M
Qualyn,M
Quamae,M
Quamain,M
Quamaine,M
Quamane,M
Quamar,M
Quamari,M
Quamarion,M
Quamayne,M
Quame,M
Quameek,M
Quameer,M
Quameir,M
Quameisha,F
Quamel,M
Quamell,M
Quamere,M
Quamesha,F
Quameshia,F
Quamina,M
Quamine,M
Quamir,M
Quamire,M
Quamisha,F
Quamon,M
Quamya,F
Quan,M
Quana,F
Quanae,F
Quanah,Unisex
Quanaisha,F
Quanalee,F
Quanasha,F
Quanasia,F
Quanda,F
Quandarious,M
Quandarius,M
Quandarrius,M
Quandell,M
Quandra,F
Quandre,M
Quanecia,F
Quaneeka,F
Quaneesha,F
Quaneisha,F
Quaneka,F
Quanell,M
Quanesha,F
Quaneshia,F
Quanesia,F
Quanessa,F
Quanetra,F
Quanetta,F
Quanette,F
Quang,M
Quang-anh,M
Quang-Hoa,M
Quang-huy,M
Quang-Nhat,M
Quang-thai,M
Quang-trung,M
Quang-vinh,M
Quangduy,M
Quangviet,M
Quanice,F
Quanicia,F
Quaniece,F
Quaniesha,F
Quanika,F
Quaniqua,F
Quanique,F
Quanise,F
Quanisha,F
Quanishia,F
Quanita,F
Quaniya,F
Quaniyah,F
Quanmalo,M
Quann,M
Quanna,F
Quannah,Unisex
Quannell,M
Quannisha,F
Quanshae,F
Quanshay,F
Quanta,Unisex
Quantae,M
Quantarius,M
Quantas,M
Quantasha,F
Quantashia,F
Quantasia,F
Quantavia,F
Quantavious,M
Quantavis,M
Quantavius,M
Quantay,M
Quantaya,F
Quante,M
Quanteisha,F
Quantel,M
Quantella,F
Quanteria,F
Quanterious,M
Quanterius,M
Quanterra,F
Quanterrious,M
Quanterrius,M
Quantesha,F
Quantez,M
Quantia,F
Quantiana,F
Quantina,F
Quantis,M
Quantisha,F
Quantravious,M
Quantre,M
Quantrel,M
Quantrell,M
Quantrez,M
Quanya,F
Quanye,M
Quanza,F
Quanzell,M
Quanzie,M
Quaran,M
Quarilene,F
Quarmaine,M
Quaron,M
Quarralia,F
Quarterrio,M
Quartey,M
Quartez,M
Quarthon,M
Quartney,F
Quartterio,M
Quary,M
Quasean,M
Quaseem,M
Quasha,F
Quashan,M
Quashana,F
Quashanda,F
Quashanna,F
Quashaun,M
Quashawn,M
Quashawna,F
Quashay,F
Quashayla,F
Quasheema,F
Quashia,F
Quashon,M
Quashonda,F
Quashun,M
Quasia,F
Quasim,M
Quasir,M
Quason,M
Quatashia,F
Quatasia,F
Quatavia,F
Quatavious,M
Quatavius,M
Quateria,F
Quaterius,M
Quaterrius,M
Quatesha,F
Quatez,M
Quatia,F
Quatin,M
Quatina,F
Quatisha,F
Quatravious,M
Quatrell,M
Quatrina,F
Quaveon,M
Quavion,M
Quavious,M
Quavis,M
Quavius,M
Quavon,M
Quavonte,M
Quawnisha,F
Quay,M
Quayara,F
Quayd,M
Quayde,M
Quayden,M
Quaydon,M
Quaydynn,M
Quayla,F
Quaylan,M
Quaylee,F
Quaylen,M
Quaylin,M
Quaylon,M
Quayon,M
Quaysean,M
Quayshaun,M
Quayshawn,M
Quayshon,M
Quayshun,M
Quayvon,M
Quazar,M
Quazi,M
Quba,F
Qubilah,F
Qudarius,M
Qudas,F
Quddus,M
Qudsia ,F
Qudsia-Ur,F
Qudsiyah ,F
Qudus ,M
Que,M
Que-tram,F
Queana,F
Queanna,F
Queara,F
Quedella,F
Queen,F
Queen-anne,F
Queena,F
Queenasia,F
Queency,F
Queene,F
Queenell,F
Queenester,F
Queenette,F
Queenie,F
Queenisha,F
Queennova,F
Queenslande,F
Queenstar,F
Queeny,F
Queeny-Dieu,F
Queenzy,F
Quelan,M
Quella,F
Quely,M
Quenah,F
Quenby,F
Quency,M
Quendarious,M
Quendarius,M
Queneisha,F
Quenelle,F
Quenesha,F
Queneshia,F
Quenetta,F
Quenette,F
Quenia,F
Quenie,F
Quenisha,F
Quenita,F
Quenna,F
Quennel,M
Quennell,M
Quennie,F
Quent,M
Quentarius,M
Quentasia,F
Quentavia,F
Quentavious,M
Quentavius,M
Quentel,M
Quentella,F
Quenten,M
Quentez,M
Quentie,F
Quentie-beth,F
Quentin,M
Quentina,F
Quentine,M
Quention,M
Quentisha,F
Quenton,M
Quentrell,M
Quentyn,M
Queren,F
Querida,F
Querino,M
Quero,M
Quesean,M
Quesha,F
Queshaun,M
Queshawn,M
Queshia,F
Queshon,M
Quess,M
Quessie,F
Quest,M
Questa,F
Queston,M
Quet,F
Queta,F
Quetana,F
Quetcy,F
Quetin,M
Quetta,F
Quetzal,Unisex
Quetzalcoatl,M
Quetzali,F
Quetzalli,F
Quetzally,F
Quetzaly,F
Quetzy,F
Quevin,M
Quevon,M
Queyonnee,F
Quhyun,M
Qui,M
Qui-dinh,M
Quian,Unisex
Quiana,F
Quianah,F
Quiandra,F
Quianly,M
Quianna,F
Quiara,F
Quida,F
Quidailah,F
Quidel,M
Quidje-bo,F
Quido,M
Quiel,M
Quiency,M
Quienten,M
Quientin,M
Quienton,M
Quiera,F
Quierra,F
Quiesha,F
Quila,F
Quill,M
Quilla,F
Quillam,M
Quillan,M
Quillar,M
Quilldyn,M
Quillem,M
Quillen,M
Quiller,M
Quillian,M
Quillie,Unisex
Quillin,M
Quillon,M
Quima,F
Quimbie,F
Quimma,F
Quimora,F
Quin,Unisex
Quin-Marie,F
Quin-Tanah,F
Quina,F
Quinaiha,F
Quinan,F
Quinasia,F
Quinaya,F
Quinby,M
Quince,M
Quincee,F
Quinceki,M
Quincella,F
Quincey,Unisex
Quinci,Unisex
Quincie,F
Quincy,Unisex
Quincy-Ann,F
Quindale,M
Quindara,F
Quindarious,M
Quindarius,M
Quindarrius,M
Quindell,M
Quinden,M
Quindilio,M
Quindiz,F
Quindon,M
Quindy,F
Quineen,F
Quineisha,F
Quineka,F
Quinell,M
Quinelle,F
Quinesha,F
Quineshia,F
Quinessa,F
Quinetta,F
Quinette,F
Quinisha,F
Quinishia,F
Quinita,F
Quiniya,F
Quiniyah,F
Quinlan,Unisex
Quinlee,F
Quinleigh,F
Quinlen,M
Quinley,F
Quinlin,M
Quinllan,M
Quinlon,F
Quinlyn,F
Quinlynn,F
Quinn,Unisex
Quinn-Anderson-Wallace,M
Quinn-Angus,M
Quinn-Leslie,F
Quinn-Lynn,F
Quinn-Marie,F
Quinn-Taylor,F
Quinn-Te,M
Quinna,F
Quinnat,F
Quinncy,Unisex
Quinndelyn,F
Quinne,F
Quinnel,M
Quinnell,M
Quinnesha,F
Quinneshia,F
Quinnetta,F
Quinnette,F
Quinnie,F
Quinnisha,F
Quinnita,F
Quinnlan,Unisex
Quinnlee,F
Quinnleigh,F
Quinnley,F
Quinnlin,M
Quinnly,F
Quinnlyn,F
Quinnlynn,F
QuinnLynn-Rae,F
Quinnshawn,M
Quinnten,M
Quinntin,M
Quinnton,M
Quinntyn,M
Quinny,Unisex
Quinsha,F
Quinshawn,M
Quinshay,F
Quinshon,M
Quinsten,M
Quinstin,M
Quinston,M
Quint,M
Quinta,Unisex
Quintae,M
Quintaisha,F
Quintan,M
Quintana,F
Quintanna,F
Quintara,F
Quintarious,M
Quintarius,M
Quintarus,M
Quintasha,F
Quintashia,F
Quintasia,F
Quintavia,F
Quintavion,M
Quintavious,M
Quintavis,M
Quintavius,M
Quintay,M
Quintaya,F
Quintcee,F
Quinte,M
Quintel,M
Quintell,M
Quintella,F
Quinten,M
Quintera,F
Quinteria,F
Quinterious,M
Quinterius,M
Quintero,M
Quinterra,F
Quinterria,F
Quinterrious,M
Quinterrius,M
Quintesa,F
Quintesha,F
Quintessa,F
Quintesza,F
Quintez,M
Quintia,F
Quintilia,F
Quintilio,M
Quintilla,F
Quintin,M
Quintina,F
Quintine,M
Quintinio,M
Quintinn,M
Quintino,M
Quintion,M
Quintisha,F
Quinto,M
Quinton,M
Quintonia,F
Quintonio,M
Quintoria,F
Quintrel,M
Quintrell,M
Quintus,M
Quintyn,M
Quintynn,M
Quintzy,M
Quinya,F
Quinzel,M
Quinzell,M
Quinzen,F
Quinzie,F
Quinzy,M
Quion,M
Quiona,F
Quionna,F
Quirah,F
Quiriat,F
Quirico,M
Quirina,F
Quirino,M
Quirt,M
Quisean,M
Quisha,F
Quishawn,M
Quissianna,F
Quistis,F
Quisto,M
Quita,F
Quitcy,M
Quitin,M
Quitman,M
Quiton,M
Quiyana,F
Qujuan,M
Qulaiya,F
Qulezop,M
Qumari,M
Qummar,M
Qunechra,F
Quneisha,F
Qunesha,F
Qunicy,M
Qunisha,F
Qunita,F
Qunnie,F
Quoc,M
Quoc-bao,M
Quoc-binh,M
Quoc-Hong,M
Quoc-hung,M
Quoc-huy,M
Quoc-Thang,M
Quoc-Thanh,M
Quoc-thinh,M
Quoc-trung,M
Quoc-Tuan,M
Quoc-Vi,M
Quoc-viet,M
Quochoan,M
Quocnam,M
Quoe,M
Quoltin,M
Quon,M
Quonisha,F
Quonna,F
Quono,M
Quontavious,M
Quontez,M
Quora,F
Quordelia,F
Quorlesha,F
Quorra,F
Quortney,F
Quovadis,F
Quraan,M
Quraish,F
Quralok,M
Quran,M
Qurat,F
Qurat-Ul-Ann,F
Quratulain ,F
Quratullane,F
Quron,M
Qurstine,F
Qusai,M
Qusay,M
Qushawn,M
Qutab,M
QuTnet,F
Quustyn,F
Quvondo,M
Quwan,M
Quwana,F
Quwanda,F
Quwanna,F
Quwayde,F
Quy,M
Quyanna,F
Quyanna-Marie,F
Quyen,Unisex
Quyin,M
Quyn,Unisex
Quyncie,F
Quynh,F
Quynh-Anh,F
Quynh-chi,F
Quynhanh,F
Quynhnhu,F
Quynlan,F
Quynlen,F
Quynn,F
Quynton,M
Quyron,M
Qwade,M
Qwaitlyn,F
Qwana,F
Qwanda,F
Qwandel,M
Qwanell,M
Qwanesha,F
Qwanisha,F
Qwayde,M
Qwen,M
Qwendolyn,F
Qwentin,M
Qwenton,M
Qwinn,F
Qwintin,M
Qwinton,M
Qwyn,F
Qwynisha,F
Qwynn,F
Qwynton,M
Qyinn,M
Qylen,M
Qynn,Unisex
Qyrin,M