R,M
R'bka,F
R-jay,M
R-Lynne,F
Ra,Unisex
Ra'ed,M
Ra'Ees ,M
Ra'Eesah ,F
Ra'Id ,M
Ra'jon,M
Ra'Nell ,M
Ra-Ed,M
Ra-sean,M
Ra·l,M
Raabia ,F
Raabiah ,F
Raabiya ,F
Raad,M
Raadaye,F
Raadhesh,M
Raadhiya ,F
Raadhiyah ,F
Raadiya ,F
Raadiyah ,F
Raaed,M
Raaem,M
Raafae,M
Raafat,M
Raafay,M
Raafe ,M
Raafi ,M
Raafy,M
Raaga,F
Raaghav,M
Raagi,F
Raagini,F
Raahat,M
Raahel,F
Raahi,F
Raahil,M
Raahim,M
Raahima ,F
Raahkul,M
Raahul,M
Raaid,M
Raaif,M
Raaina,F
Raaj ,M
Raajan ,M
Raajbir,F
Raajveer,M
Raajwinder,M
Raakel,F
Raakhi ,F
Raakin-Ahmed,M
Raam,M
Raamah,M
Raamashwath,M
Raameen ,F
Raamis,M
Raamiz,M
Raamkishore,M
Raamond,M
Raana,F
Raanan,M
Raania ,F
Raaniya ,F
Raanne,F
Raaqim,M
Raashan,M
Raashee,F
Raashi,F
Raashid,M
Raashida,F
Raasi,F
Raavi,F
Raavia,F
Raavida,M
Raavit,M
Raavya,F
Raavyn,F
Raaya,F
Raayan,M
Raazia ,F
Raaziq,M
Raaziya,F
Raazy,M
Rab ,M
Rabaa-Lamia,F
Rabaab,Unisex
Rabab,F
Rabah ,Unisex
Rabail ,F
Rabaka,F
Rabbi ,M
Rabbia ,F
Rabbie,M
Rabbinoor,M
Rabbirraa,M
Rabe,M
Rabea,Unisex
Rabeaca,F
Rabeah,Unisex
Rabeaha,F
Rabecca,F
Rabecka,F
Rabee,M
Rabeea ,F
Rabeeah ,F
Rabeeh,M
Rabeh,M
Rabei,M
Rabeih,M
Rabeka,F
Rabekah,F
Rabekka,F
Rabel,F
Rabendra,M
Rabert,M
Raberta,F
RabeT,F
Rabeya ,F
Rabha,F
Rabhmehr,F
Rabi,M
Rabia,F
Rabia-Derya,F
Rabiaa,Unisex
Rabiaan,F
Rabiabasri,F
Rabiae,M
Rabiah,F
Rabiat,F
Rabiatou ,F
Rabiatu,F
Rabie,M
Rabieaa,F
Rabieh,M
Rabih,M
Rabiha ,F
Rabihah,F
Rabina ,F
Rabinson,M
Rabira,M
Rabirra,M
Rabiullah,M
Rabiya,F
Rabiyah ,F
Rabiyh,F
Rabjit,M
Rabjot,M
Rableen,Unisex
Rabnawaz,M
Rabneet,F
Rabnoor,F
Rabon,M
Raboon,M
Rabreet,F
Rabun,M
Raburn,M
Raby,M
Rabya ,F
Race,M
Racel,F
Racelyn,F
Racen,M
Racene,F
Racer,M
Racey,Unisex
Racha,M
Rachab,F
Rachacia,F
Rachad,M
Rachae,F
Rachael,F
Rachael-amanda,F
Rachael-Anne,F
Rachael-kech,F
Rachael-lea,F
Rachael-lee,F
Rachael-liana,F
Rachael-Lynn,F
Rachael-Philea,F
Rachal,F
Rachale,F
Rachalle,F
Rachan,M
Rachana,F
Rachanjeet,F
Rachard,M
Rachaul,F
Rache,F
Racheal,F
Racheal-Ann,F
Racheal-Anne,F
Racheale,F
Rached,M
Rachee,F
Racheid,M
Rachel,F
Rachel-Alia,F
Rachel-Ann,F
Rachel-Anne,F
Rachel-jose,F
Rachel-Katherine,F
Rachel-Leah,F
Rachel-lee,F
Rachel-Louise ,F
Rachel-Lynn,F
Rachel-Lynne,F
Rachel-Mae,F
Rachel-margaret,F
Rachel-marie,F
Rachel-Mary,F
Rachel-robyn,F
Rachel-Storm,F
Rachela,F
Rachelana,F
Rachelann,F
Rachelanne,F
Rachele,F
Rachelia,F
Rachelina,F
Rachell,F
Rachella,F
Rachelle,F
Rachelle-Ann,F
Rachelle-Genevieve,F
Rachelle-Ruby,F
Rachelleann,F
Rachelleanne,F
Rachellie,F
Rachelmarie,F
Rachely,F
Rachelyn,F
Rachenda,F
Rachid,M
Rachiel,F
Rachiela,F
Rachil,F
Rachit,M
Rachita,F
Rachjany,F
Rachmiel,M
Rachna,F
Rachneet,F
Rachny,F
Rachon,F
Rachyl,F
Raci,F
Racie,F
Raciel,M
Racim ,M
Racin,M
Racina,F
Racine,F
Racinne,F
Racio,F
Rack,M
Rackel,F
Rackin,M
Rackinder,M
Rackwon,M
Racky-Absa,F
Racqual,F
Racquel,F
Racquell,F
Racquella,F
Racquelle,F
Racquena,F
Racy,F
Racyn,M
Rad,M
Rad-Cris,M
Rada,F
Radame,M
Radamel,M
Radames,M
Radan,M
Radarius,M
Radasin,F
Radaypuk,M
Radcliffe,M
Raddek,M
Radden,M
Raddex,M
Raddix,M
Raddy,M
Rade,M
Radean,F
Radeat,M
Radee,M
Radeen,M
Radegonda,F
Radek,M
Radelija,F
Radell,Unisex
Radelle,F
Raden,M
Radena,F
Radene,F
Radenko,M
Rader,M
Radex,M
Radeyah ,F
Radford,M
Radha,F
Radha-gopinath,F
Radha-ramana,M
Radhames,M
Radharani,F
Radhe,M
Radhey,M
Radhia ,F
Radhika,F
Radhiya ,F
Radi,M
Radia,F
Radiah,F
Radiance,F
Radiant,F
Radie,F
Radiel,M
Radih,M
Radik,M
Radika ,F
Radimar,M
Radin,M
Radine,F
Radisha-bata,M
Radison,M
Radivoje,M
Radiya,F
Radiyah ,F
Radlee,M
Radleigh,M
Radley,M
Radly,M
Radman ,M
Radmehr,M
Radmila,F
Radmir,M
Radnar,M
Radner,M
Rado,M
Radoika,F
Radomir,M
Radon,M
Radonna,F
Radosav,M
Radoslav,M
Radoslaw ,M
Radovan,M
Radrey,M
Radric,M
Radu,M
Radvin ,M
Radwa,F
Radwan,M
Radwin,M
Rady,Unisex
Radya,F
Radyah ,F
Radyn,M
Radzil,M
Rae,F
Rae'Anne,F
Rae'gan,F
Rae-Ann ,F
Rae-Anna,F
Rae-Anne ,F
Rae-Dawn,F
Rae-El,F
Rae-Ella,F
Rae-ellen,F
Rae-J,F
Rae-Lee,F
Rae-Leen,F
Rae-Lene,F
Rae-lesley,F
Rae-Lyn,F
Rae-lynda,F
Rae-lyne,F
Rae-Lynn,F
Rae-Lynne,F
Rae-marie,F
Rae-muree,F
Rae-ven,F
Raea,F
Raeah,F
Raeana,F
Raeanah,F
Raeanda,F
Raeane,F
Raeann,F
Raeann-Marie,F
Raeanna,F
Raeanne,F
Raeannon,F
Raeburn,M
Raeceen,F
Raechael,F
Raechal,F
Raechel,F
Raechell,F
Raechelle,F
Raecine,F
Raed,M
Raeda,F
Raedan,M
Raedawn,F
Raedean,F
Raedee,F
Raeden,Unisex
Raedence,M
Raedene,F
Raederle,F
Raedin,M
Raedon,Unisex
Raedun,F
Raedyn,Unisex
Raedynne,F
Raeed,M
Raeeda,F
Raeef ,M
Raeefa,F
Raeel,F
Raees,M
Raeesa ,F
Raeesah,F
Raeese ,M
Raef,M
Raefe ,Unisex
Raeff,M
Raeford,M
Raegan,F
Raegann,F
Raegen,F
Raegene,F
Raeghan,F
Raegin,F
Raegina,F
Raegine,F
Raegyn,F
Raehann,F
Raehanna,F
Raeharn,M
Raehlianna,F
Raeika,F
Raeis ,M
Raeisha,F
Raeja,F
Raejay,M
Raejean,F
Raejon,M
Raeka,F
Raekwan,M
Raekwon,M
Rael,Unisex
Raela,F
Raelah,F
Raelan,F
Raelana,F
Raeland,M
Raelannah,F
Raelea,F
Raelean,F
Raeleane,F
Raelee,F
Raeleen,F
RaeLeene,F
Raelei,F
Raeleigh,F
Raeleine,Unisex
Raelen,F
Raelena,F
Raelene,F
Raelene-Dawn,F
Raeley,F
Raeli,F
Raelie,F
Raeliegh,F
Raeliene,F
Raelin,F
Raelina,F
Raeline,F
Raelinn,F
Raelke,F
Raelle,F
Raellen,F
RaelTe,F
Raely,F
Raelyn,F
Raelynda,F
Raelyne,F
Raelynn,F
Raelynnda,F
Raelynne,F
Raelyssa,F
Raem ,M
Raemarie,F
Raeme,M
Raemen,M
Raemi,F
Raemie,F
Raemon,M
Raemona,F
Raemona-Saedi,F
Raemond,M
RaemT,M
Raemus,M
Raen,Unisex
Raena,F
Raena-Marie,F
Raenada,F
Raenae,F
Raenah,F
Raenan,M
Raene,F
Raenee,F
Raeneisha,F
Raenell,F
Raenelle,F
Raenen,F
Raener,F
Raenesha,F
Raenette,F
Raengel,F
Raenger,M
Raenika,F
Raenin,M
Raenisha,F
Raeniyah,F
Raenna,F
Raennah,F
Raennielle,F
Raeola,F
Raeona,F
Raeonna,F
Raeph ,M
Raeqa,F
Raequan,M
Raequawn,M
Raequel,F
Raequon,M
Raeqwan,M
Raeqwon,M
Raeschell,F
Raesean,M
Raesha,F
Raeshanda,F
Raeshaun,M
Raeshawn,Unisex
Raeshel,F
Raeshell,F
Raeshelle,F
Raeshf,F
Raeshon,M
Raeson,M
Raeton,F
Raetoni,F
Raetta,F
Raette,F
Raeva,F
Raevan,F
Raevel,M
Raeven,F
Raever,M
Raevin,F
Raevis,M
Raevn,M
Raevon,Unisex
Raevyn,F
Raevynn,F
Raevynne-Grace,F
Raewyn,F
Raey,M
Raeya,F
Raeyah,F
Raeyan,M
Raeyana,F
Raeyanna,F
Raeye,F
Raeyonna,F
Raezza,F
Raezzielle,F
Raf,M
Raf'a,F
Rafa,Unisex
Rafa-Abuelgasim,F
Rafaan ,M
Rafadl,Unisex
Rafadl-Ferran,M
Rafadlle,F
Rafael,M
Rafaela,F
Rafaela-Mae,F
Rafaele ,M
Rafaeli,M
Rafaelia,F
Rafaelita,F
Rafaella,F
Rafaelle,F
Rafaie,F
Rafail,M
Rafaila,F
Rafal,M
Rafan,M
Rafat,M
Rafay,M
Rafay-Ul-Haq,M
Rafayel,M
Rafe,M
Rafeal,M
Rafeala,F
Rafee,M
Rafeef,F
Rafeeh,M
Rafeek,M
Rafeeq,M
Rafeh ,M
Rafel,M
Rafela,F
Rafelita,F
Rafer,M
Raff ,M
Raffa,F
Raffael,M
Raffaela,F
Raffaela-ismena,F
Raffaele,M
Raffaele-vittorio,M
Raffaelina,F
Raffaelino,M
Raffaella,F
Raffaella-Giovanna,F
Raffaello,M
Raffaelo,M
Raffalee,M
Raffallo,M
Raffe ,M
Raffeal,M
Raffela,F
Raffelina,F
Rafferty,M
Raffey ,M
Raffi,M
Raffi-elle,F
Raffie,Unisex
Raffiel,M
Raffinee,F
Raffiq,M
Raffle,M
Raffy,M
Rafhael,M
Rafi,M
Rafia,F
Rafiaa,F
Rafiah ,F
Rafiat ,F
Rafic,M
Rafid,M
Rafida ,F
Rafiel,M
Rafielle,F
Rafif,F
Rafik,M
Rafiki,M
Rafiq,M
Rafiul ,M
Raford,M
Rafsan ,M
Rafter,M
Rafuel,M
Rafya,F
Ragab,M
Ragad,F
Ragan,Unisex
Ragash,F
Ragav,M
Ragavi ,F
Ragd,F
Rage,M
Rageena,F
Ragen,F
Ragena,F
Ragene,Unisex
Ragenia,F
Raghad,F
Raghav,M
Raghavi,F
Raghbir,M
Ragheed,M
Raghelina,F
Raghi,M
Raghib,M
Raghu,M
Raghul,M
Raghuwar,M
Ragib,M
Ragida,F
Ragin,Unisex
Ragina,F
Ragine,F
Ragini,F
Ragna,F
Ragnar,M
Ragnhild,F
Ragni,F
Raguel,F
Raguiatou,F
Ragul ,M
Ragur,M
Ragvi,F
Ragwant,M
Raha,F
Rahaan ,M
Rahab,F
Rahadokht,F
Rahaf,F
Rahail ,M
Rahal,M
Rahall,M
Raham,M
Rahama,F
Rahaman,M
Rahamatullah,M
Rahan ,M
Rahana ,F
Rahand ,M
Rahanna,F
Rahannah,F
Rahanuma,F
Rahao,M
Rahasia,F
Rahat,Unisex
Rahath ,M
Rahayma,F
Rahbia ,F
Rahbot,F
Rahcel,F
Rahcelle,F
Rahcy,M
Rahdel,M
Rahdy,F
Raheal,F
Raheam,M
Rahee,F
Raheeb ,M
Raheel,M
Raheela ,F
Raheelah,F
Raheem,M
Raheem-Tyronne,M
Raheema,F
Raheemah,F
Raheen,M
Raheena,F
Rahees ,M
Raheesa ,F
Raheim,M
Rahel,F
Rahela,F
Rahelaw,F
Rahem,M
Rahema ,F
Rahema-Nasreen,F
Raheman,M
Rahemat,F
Rahena ,F
Rahf,F
Rahi,Unisex
Rahib,M
Rahid ,M
Rahiem,M
Rahiima ,F
Rahil,M
Rahila,F
Rahillah,F
Rahim,M
Rahima,F
Rahimah ,F
Rahime,F
Rahimu,F
Rahin ,M
Rahina ,F
Rahini,F
Rahja,Unisex
Rahjae,F
Rahjon,M
Rahkeem,M
Rahkeen,M
Rahkia,F
Rahkim,M
Rahkya,F
Rahland,M
Rahm,M
Rahma,F
Rahmaa,F
Rahmaan,M
Rahmad,M
Rahmaddhia,M
Rahmah,F
Rahman,M
Rahmanudin,M
Rahmat ,Unisex
Rahmatulloh,M
Rahmaya,F
Rahme,F
Rahmeek,M
Rahmeen,M
Rahmeir,M
Rahmel,M
Rahmell,M
Rahmen,M
Rahmere,M
Rahmi,M
Rahmin,M
Rahmir,M
Rahmo,F
Rahmon,M
Rahmone ,M
Rahmund,M
Rahmya,F
Rahn,M
Rahna,F
Rahnasia,F
Rahnay,F
Rahne,F
Rahnee,F
Rahneisha,F
Rahni,F
Rahniya,F
Rahniyah,F
Rahnuma,F
Raho-Rayane,F
Rahool,M
Rahoul ,M
Rahquan,M
Rahre,M
Rahsaan,M
Rahsan,M
Rahsaun,M
Rahsean,M
Rahshad,M
Rahshan,M
Rahshawn,M
Rahsheed,M
Rahsheen,M
Rahshida,F
Rahshon,M
Rahson,M
Rahtha,M
Rahuf,F
Rahul,M
Rahwa,F
Rahzel,M
Rahzell-Messiah,M
Rai,Unisex
Rai-anne,F
Rai-lynn,F
Rai-Lynne,F
Raia,F
Raiah,F
Raian,M
Raiana,F
Raianna,F
Raianne,F
Raiatea-rose,F
Raiba,F
Raica,F
Raice,Unisex
Raichel,F
Raichelle,F
Raichle,M
Raid,M
Raida,F
Raidah ,F
Raidan,M
Raidel,M
Raiden,M
Raider,M
Raidon,M
Raidyn,Unisex
Raied,M
Raiella,F
Raielle,F
Raien,M
Raiens ,M
Raiesha,F
Raif,M
Raifa,F
Raifah,F
Raife,M
Raiford,M
Raigam,M
Raigan,F
Raigen,F
Raighan,F
Raighlyn,F
Raighn,F
Raighna,F
Raighne,M
Raigyn,F
Raiha ,F
Raihaan,M
Raihaanah,F
Raihan,M
Raihana,F
Raihanah,F
Raihanna,F
Raihna,F
Raiisha,F
Raija,F
Raijieli,F
Raijin,M
Raijon,M
Raika,Unisex
Raiki,M
Raikkonen,M
Raikos,M
Rail,M
Raila,F
Railean,F
Railee,F
Raileen,F
Raileigh,F
Railene,F
Railenne,F
Railey,F
Raili,F
Railton,M
Raily,Unisex
Railyn,F
Railynn,F
Railynne,F
Raima,F
Raimah ,F
Raiman,M
Raime,F
Raimee,F
Raimend,M
Raimey,F
Raimi,F
Raimo,M
Raimon,M
Raimona,F
Raimond,M
Raimonda,F
Raimondo,M
Raimonds ,M
Raimos,M
Raimund,M
Raimundas,M
Raimundo,M
Raimyel,M
Rain,Unisex
Raina,F
Raina-lea,F
Raina-Lee,F
Rainah,F
Rainasja,F
Rainbow,F
Rainbow-Marie,F
Raine,Unisex
Raine-Skyler,M
Raine-Te-Memeke,F
Rainee,F
Rainejewelle,F
Rainell,F
Rainelle,F
Rainelorne,M
Rainen,M
Rainer,M
Rainer-francis,M
Rainer-jason,M
Rainer-uwe,M
Raines,M
Rainessa,F
Rainette,F
Rainey,Unisex
Rainfeather,F
Rainhart,M
Raini,Unisex
Rainia-Zona,F
Rainie,F
Rainie-Rae,F
Rainier,M
Rainita,F
Rainley,F
Rainmund,M
Rainn,Unisex
Rainna,F
Rainnan,M
Rainne,F
Rainnie,F
Rainnier,M
Rainsey,M
Rainu,F
Rainy,F
Raioni,F
Raionna,F
Raiph,M
Raiqa,F
Raiquan,M
Raiquel,F
Rairdan,M
Rais,M
Raisa,F
Raisah,F
Raisan,M
Raisean,M
Raisha,F
Raishaun,M
Raishawn,M
Raishel,F
Raisi,M
Raissa,F
Raissen,M
Raistlan,M
Raistlin,M
Raisy ,F
Raitchel,F
Raith,M
Raiva,F
Raivan,F
Raiven,F
Raivo ,M
Raivyn,F
Raiya,F
Raiyaan ,M
Raiyah,F
Raiyan,M
Raiyana,F
Raiym,M
Raiyn,F
Raiyna,F
Raiyne,F
Raiyu,M
Raiyyan,M
Raiza,F
Raizalyn,F
Raizam,M
Raizel,F
Raizelle,F
Raizelyn,F
Raizen,M
Raizo,M
Raizy,F
Raj,M
Raj-gopal,M
Raja,Unisex
Raja-Bikarmajeet,M
Raja-Rehan,M
Rajaa,F
Rajab,M
Rajabu,M
Rajae,Unisex
Rajaee,M
Rajah,Unisex
Rajahn,M
Rajai,M
Rajalakshmi,F
Rajan,M
Rajana,F
Rajanae,F
Rajanbir,M
Rajandeep ,M
Rajane,F
Rajanee,F
Rajani,F
Rajanie,F
Rajanpreet,M
Rajanveer,M
Rajarajvinder,M
Rajarshi,M
Rajat,M
Rajatabha,M
Rajath,M
Rajaun,M
Rajavardhan,M
Rajbeer,Unisex
Rajbinder,M
Rajbir,M
Rajdeep,Unisex
Rajdeep-Kaur,F
Rajdi,F
Rajdip,M
Rajean,F
Rajeana,F
Rajee,M
Rajeen,F
Rajeeni,F
Rajeet,M
Rajeeta,F
Rajeev,M
Rajeeyah,F
Rajeh,M
Rajel,F
Rajen,M
Rajendra,M
Rajene,F
Rajesh,M
Rajesivan,F
Raji,M
Rajib ,M
Rajin,M
Rajina ,F
Rajinder,Unisex
Rajindra,M
Rajine,F
Rajinesh,M
Rajini,F
Rajisa,F
Rajish,M
Rajit,M
Rajita,F
Rajiv,M
Rajj,F
Rajja,M
Rajjeet,M
Rajjvir,F
Rajkamal,Unisex
Rajkamaldeep,M
Rajkamalpreetpal,M
Rajkanwal,M
Rajkaran,M
Rajkiran,F
Rajko,M
Rajkran,M
Rajkumar,M
Rajman,Unisex
Rajmeet,F
Rajmina ,F
Rajminder,F
Rajna ,F
Rajneek,F
Rajneel,M
Rajneesh,M
Rajneeshma,F
Rajneet ,F
Rajneev,M
Rajneil,M
Rajnesh,Unisex
Rajni,F
Rajniel,M
Rajninder,M
Rajnish,M
Rajohn,M
Rajon,M
Rajonna,F
Rajoo,M
Rajpal ,M
Rajpaul,M
Rajpavit,M
Rajpinder,F
Rajpreet ,Unisex
Rajprit,F
Rajraran,M
Raju,M
Rajuan,M
Rajuel,M
Rajul,M
Rajun ,M
Rajvarinder,M
Rajve,F
Rajvee,F
Rajveen,F
Rajveer,M
Rajver,M
Rajvi,F
Rajvinder ,Unisex
Rajvir,M
Rajwa,F
Rajwant,F
Rajwindar,F
Rajwinder ,Unisex
Rajwindra,M
Rajzon,M
Raka,F
Rakai,M
Rakaia,M
Rakan,M
Rakari,M
Rakaya,F
Rakayden,M
Rakayla,F
Rakda,F
Rakeb,F
Rakee,M
Rakeeb ,M
Rakeem,M
Rakeen,M
Rakeia,F
Rakeim,M
Rakeisha,F
Rakel,F
Rakell,F
Rakelle,F
Rakem,M
Rakeria,F
Rakesh,M
Rakesha,F
Rakeshia,F
Rakeshni,F
Rakeya,F
Rakhbeer,M
Rakhee,F
Rakheem,M
Rakhi,F
Rakhia,F
Raki,M
Rakia,F
Rakiah,F
Rakib,M
Rakibe,F
Rakibur ,M
Rakiem,M
Rakiesha,F
Rakim,M
Rakin,M
Rakindra,F
Rakinul,M
Rakira,F
Rakisha,F
Rakita,F
Rakitha,M
Rakiya,F
Rakiyah,F
Rako,M
Raksh,M
Raksha,F
Rakshan,M
Rakshana,F
Rakshikaa,F
Rakshitha,F
Rakshya,F
Raksmey,Unisex
Rakul,M
Rakulan ,M
Rakwan,M
Rakwon,M
Rakya,F
Rakyah,F
Rakye,M
Rakyia,F
Rakyla,F
Ral,M
Ralaina,F
Ralaine,F
Ralana,F
Raland,M
Ralanda,F
Ralee,F
Raleen,F
Raleene,F
Raleigh,Unisex
Raleigh-paige,F
Raleke,F
Ralen,M
Ralena,F
Ralene,F
Raley,F
Ralf,M
Ralf-peter,M
Ralfie ,M
Ralfred,M
Ralfs ,M
Rali,M
Raliat ,F
Raliegh,M
Raliek,M
Ralik,M
Ralinda,F
Ralique,M
Ralisha,F
Ralitsa ,F
Raliyah,F
Ralland,M
Rallie,M
Ralls,M
Rally,M
Ralna,F
Ralon,M
Ralonda,F
Ralph,M
Ralph-jason,M
Ralph-Julien,M
Ralph-werner,M
Ralpha,F
Ralphael,M
Ralphe,M
Ralpheal,M
Ralphel,M
Ralphell,M
Ralphie,M
Ralphine,F
Ralphy,M
Ralston,M
Raluca ,F
Ralyn,F
Ralynn,F
Ram,M
Rama,Unisex
Ramaar,M
Ramada,F
Ramadaan,M
Ramadan,M
Ramadhani,M
Ramae ,M
Ramah,F
Ramaina,F
Ramaj,M
Ramajana,F
Ramakrishna,M
Ramakrishnan,M
Ramal,M
Ramamjot,F
Raman,Unisex
Raman-Deep,F
Ramana ,Unisex
Ramanan,M
Ramanayake,F
Ramanbir,M
Ramanda,F
Ramandeep,Unisex
Ramandip,F
Ramando,M
Ramaneek,F
Ramani,F
Ramanit,F
Ramanjeet,F
Ramanjit,Unisex
Ramanjot,Unisex
Ramanmeet,F
Ramanpreet ,F
Ramanveer,M
Ramanvir,F
Ramanya,F
Ramar,M
Ramari,M
Ramario,M
Ramarion,M
Ramarni ,M
Ramaro,M
Ramata,F
Ramatou,F
Ramatoulaye,F
Ramatoulie,F
Ramatu,F
Ramatulai ,F
Ramaya,F
Ramayah,F
Ramazan,M
Rambawi,M
Rambert,M
Rambo,M
Ramces,M
Ramcung,M
Ramdip,Unisex
Ramdy,M
Rame,M
Ramea,F
Rameara,F
Ramee,Unisex
Rameek,M
Rameel,M
Rameen,Unisex
Rameena,F
Rameer,M
Rameesa ,F
Rameesah ,F
Rameesha ,F
Rameet,Unisex
Rameez,M
Rameeza ,F
Rameezah,F
Rameir,M
Rameiro,M
Rameisha,F
Rameka,F
Ramel,M
Ramell,M
Ramelle,Unisex
Ramello,M
Ramelo,M
Ramen,M
Ramere,M
Ramero,M
Rameses,M
Ramesh,M
Ramesha,F
Rameshpaul,M
Ramesia,F
Ramesses,M
Rameth,M
Ramey,Unisex
Ramez,M
Rami,M
Rami-Ismat,M
Ramia,F
Ramiah,F
Ramie,Unisex
Ramiel,M
Ramiele,F
Ramielle,F
Ramien-Joshua,M
Ramier,M
Ramih,F
Ramik,M
Ramika,F
Ramil,M
Ramila ,F
Ramin,M
Ramina,F
Raminder,Unisex
Raminpreet,F
Raminta ,F
Ramir,M
Ramira,F
Ramire,M
Ramirez,M
Ramiro,M
Ramis,M
Ramisa,F
Ramish,M
Ramisha,F
Ramit,M
Ramita,F
Ramius,M
Ramiya,F
Ramiyah,F
Ramiz,M
Ramiz-mustafa,M
Ramiza,F
Ramjeet,M
Ramjot,F
Ramla,F
Ramlah,F
Ramleen,F
Ramlian,M
Ramma,F
Rammah,M
Rammandeep,F
Rammond,M
Rammy,M
Ramndeep,M
Ramneek ,F
Ramneet ,F
Ramnel,M
Ramnik ,Unisex
Ramniq,F
Ramo,M
Ramoan,M
Ramoen,M
Ramola,F
Ramon,M
Ramona,F
Ramona-jane,F
Ramona-yasmin,F
Ramoncita,F
Ramond,M
Ramonda,F
Ramondo,M
Ramone,M
Ramonia,F
Ramonica,F
Ramonita,F
Ramont,M
Ramonte,M
Ramoon,M
Ramos,M
Rampage,M
Rampreet,M
Ramsay,Unisex
Ramsees,M
Ramsen,M
Ramses,M
Ramsey,Unisex
Ramsha,F
Ramshah ,F
Ramsi,F
Ramsie,F
Ramsin,M
Ramson,M
Ramsses,M
Ramsukh,M
Ramsy,M
Ramtin ,M
Ramunas,M
Ramune,F
Ramute,F
Ramutis,M
Ramy,M
Ramya,F
Ramyah,F
Ramyar ,M
Ramyia,F
Ramyiah,F
Ramyn,M
Ramyrah,F
Ramza,F
Ramzan ,M
Ramze,M
Ramzee,Unisex
Ramzes,M
Ramzey,M
Ramzi,M
Ramzie,Unisex
Ramzy,M
Ran,M
Rana,F
Ranaa,F
Ranada,F
Ranae,F
Ranah,F
Ranahi,M
Ranai,F
Ranaiman,M
Ranaiya,F
Ranajah,F
Ranak,M
Ranald,M
Ranalden,M
Ranaldo,M
Ranard,M
Ranarda,F
Ranardo,M
Ranas,F
Ranasia,F
Ranata,F
Ranay,F
Ranaya,F
Ranayah,F
Ranaye,F
Ranbeer,M
Ranbir,M
Ranbo,M
Rance,M
Rancel,M
Rances,M
Rancher,M
Ranco,M
Rand,M
Randa,F
Randah,F
Randahl,M
Randal,M
Randale,M
Randalee,F
Randalin,F
Randall,M
Randall-Lee,M
Randalle,F
Randalph,M
Randalyn,F
Randalynn,F
Randann,M
Randarius,M
Randay,F
Randda,F
Rande,Unisex
Randea,F
Randean,F
Randee,F
Randee-Lynn,F
Randeen,F
Randeep,Unisex
Randeisha,F
Randel,M
Randell,M
Randelle,F
Randen,M
Randena,F
Randene,F
Randesha,F
Randey,M
Randhir,M
Randi,F
Randi-ann,F
Randi-Anne,F
Randi-Dawn,F
Randi-Elaine,F
Randi-Jade,F
Randi-Jo,F
Randi-Lea,F
Randi-Lee,F
Randi-Linn,F
Randi-Lou,F
Randi-Lyn,F
Randi-Lynn,F
Randi-Mae,F
Randi-Marie,F
Randianne,F
Randice,F
Randie,Unisex
Randie-Jo,F
Randiel,M
Randil,M
Randilee,F
Randilyn,F
Randilynn,F
Randilynne,F
Randin,M
Randina,F
Randine,F
Randip,F
Randirae,F
Randis,M
Randisha,F
Randle,M
Randll,M
Randloph,M
Randlynna-Rose,F
Rando,M
Randol,M
Randolf,M
Randolfo,M
Randoll,M
Randolph,M
Randolyn,F
Random,M
Randon,M
Randona,F
Randoph,M
Randsen,M
Randus,F
Randy,M
Randy-Alexander,M
Randy-Ian,M
Randy-Roland,M
Randye,F
Randyl,Unisex
Randyn,M
Rane,Unisex
Ranea,F
Ranecia,F
Raneda,F
Ranee,F
Raneel,M
Raneem,F
Raneen,F
Raneesha,F
Raneet,F
Raneisha,F
Ranek,M
Raneka,F
Ranel,M
Ranell,Unisex
Ranelle,F
Ranelyn,F
Ranen,M
Raner,M
Ranesha,F
Raneshia,F
Ranessa,F
Ranetta,F
Ranette,F
Raney,Unisex
Ranezmae,F
Ranezmay,F
Ranfateh,M
Ranferi,M
Ranford,M
Rang,M
Range,M
Rangel,M
Rangelo,M
Ranger,M
Rangi,Unisex
Rangi-ora,M
Rangimarie,F
Ranginui,M
Rangitopeora,F
Rangler,M
Ranhjodh,M
Rani,F
Rani-ann,F
Rani-may,F
Rani-yvette,F
Rania,F
Rania-RenTe,F
Raniah,F
Ranica,F
Ranice,F
Ranidel,M
Ranie,F
Raniel,M
Raniela,F
Ranielle,F
Ranier,M
Ranieri,M
Raniero,M
Raniesha,F
Ranii,F
Ranijah,F
Ranika,F
Ranil,M
Ranim,F
Ranime,F
Ranin,M
Ranindu,M
Ranine,F
Ranipal,F
Raniqua,F
Ranique,F
Ranisa,F
Ranisha,F
Ranita,F
Ranithu,M
Raniya,F
Raniyah,F
Raniyha,F
Ranjan,M
Ranjana,F
Ranjani,F
Ranjanpreet,M
Ranjeet,M
Ranjeeta,F
Ranjeeva,M
Ranjene,F
Ranjha,M
Ranjinder,M
Ranjit,M
Ranjoat,Unisex
Ranjodh ,M
Ranjot ,M
Ranjotvir,M
Ranjpreet,M
Ranka,F
Rankin,M
Ranko,M
Ranlee,M
Ranley,M
Ranmeet,F
Rann,Unisex
Ranna,F
Rannah,F
Rannal,M
Rannan,M
Rannane,F
Ranndie,F
Ranndy,M
Rannee,F
Ranni,F
Rannie,Unisex
Rannjodh,Unisex
Rannna,F
Ranno,M
Rannoch,M
Rannon,M
Rannvijay,M
Ranny,M
Ranoda,F
Ranold,M
Ranon,M
Ranota,F
Ranpartap,M
Ranranbir,M
Ransel,M
Ransen,M
Ransford,M
Ransher,M
Ranslee,M
Ransley,Unisex
Ransom,M
Ransome,M
Ranson,M
Ransym,M
Ranta,F
Rantaav,M
Rantaj,M
Ranteg-Singh,M
Rantej,M
Ranuga,M
Ranuka,F
Ranukshi,F
Ranulaka,M
Ranulfo,M
Ranulph ,M
Ranumi,F
Ranveen,F
Ranveer,M
Ranvijay,M
Ranvinder,M
Ranvir,M
Ranvirr,M
Ranwa,F
Rany,Unisex
Ranya,F
Ranyah,F
Ranyia,F
Ranyiah,F
Ranyla,F
Ranylah,F
Ranyodh,M
Ranzel,M
Ranzell,F
Ranzino,M
Ranzy,M
Rao ,M
Raoni,F
Raonich,M
Raoof,M
Raouf ,M
Raouf-Khaled,M
Raoul,M
Rapeewan,F
Raph,M
Rapha,M
Raphadl,M
Raphadlla,F
Raphadlle,F
Raphael,M
Raphael-philippe,M
Raphaela,F
Raphaele,F
Raphaella,F
Raphaelle,F
Raphe,M
Rapheal,M
Rapheala,F
Raphel,M
Raphela,F
Raphiel,M
Raphy,M
Rapinder,Unisex
Rapunzel,F
Raqeeb,M
Raqib,M
Raqiba,F
Raqiya,F
Raquael,F
Raqual,F
Raquala,F
Raquan,M
Raquane,M
Raquawn,M
Raqueal,F
Raquel,F
Raquela,F
Raquele,F
Raquelin,F
Raquelita,F
Raquell,F
Raquelle,F
Raquelynn,F
Raquez,M
Raquia,F
Raquisha,F
Raquita,F
Raquon,M
RaquTl,F
Raqwan,M
Raqwon,M
Rara,Unisex
Rares ,M
Rari,F
Rarity,F
Rarltyn,M
Rarnee,F
Raryn,M
Ras,M
Rasa,F
Rasaan,M
Rasamjot,F
Rasan,M
Rasandeep,M
Rasanpreet,F
Rasaun,M
Rascal,M
Raschad,M
Raschel,F
Raschell,F
Raschella,F
Raschelle,F
Rascoe,M
Rasdon,M
Rasean,M
Rasee,F
Raseel,F
Raseem,M
Raseen,F
Rasela-Pierina,F
Rasella,F
Rasha,F
Rashaa,F
Rashaad,M
Rashaan,M
Rashad,M
Rashada,F
Rashadd,M
Rashade,M
Rashae,F
Rashael,F
Rashall,M
Rashamel,M
Rashan,M
Rashana,F
Rashand,M
Rashanda,F
Rashandra,F
Rashane ,M
Rashanique,F
Rashann,M
Rashanna,F
Rashanti,F
Rashara,F
Rashard,M
Rasharn ,M
Rasharni,F
Rashaud,M
Rashaun,M
Rashauna,F
Rashaunda,F
Rashaundra,F
Rashawd,M
Rashawn,Unisex
Rashawna,F
Rashawnda,F
Rashawnt,M
Rashay,F
Rashaya,F
Rashayla,F
Rashe,M
Rashea,F
Rasheal,F
Rashean,M
Rasheba,F
Rashed,M
Rasheda,F
Rashee,M
Rasheed,M
Rasheeda,F
Rasheedah,F
Rasheedat,F
Rasheeka,F
Rasheel,M
Rasheem,M
Rasheema,F
Rasheen,M
Rasheen-Roy,M
Rasheena,F
Rasheeta,F
Rasheid,M
Rasheida,F
Rasheika,F
Rasheim,M
Rasheka,F
Rashel,F
Rashele,F
Rashell,F
Rashelle,F
Rashem,M
Rashema,F
Rashena,F
Rashene,M
Rasheta,F
Rashetta,F
Rashi,Unisex
Rashia,F
Rashid,M
Rashida,F
Rashidah,F
Rashidat,F
Rashide,F
Rashidi,M
Rashied,M
Rashieda,F
Rashieka,F
Rashiem,M
Rashik,M
Rashika,F
Rashim,M
Rashima,F
Rashina,F
Rashine,M
Rashita,F
Rashiya,F
Rashiyah,F
Rashleen,F
Rashleigh,M
Rashley,M
Rashliegh,M
Rashma ,F
Rashmee,F
Rashmeet,F
Rashmi,F
Rashmika,F
Rashmin,F
Rashnpreet,F
Rashod,M
Rashodd,M
Rashon,M
Rashon-micheal,M
Rashona,F
Rashonda,F
Rashondra,F
Rashone,Unisex
Rashonna,F
Rashpal,M
Rashun,M
Rashunda,F
Rashundra,F
Rashvinder,M
Rashya,F
Rashyia,F
Rasia,F
Rasica,F
Rasie,F
Rasika,F
Rasim,M
Rasina,F
Rasith,M
Rasiyah,F
Rasleen,F
Rasma,F
Rasmey,F
Rasmey-nicholas,M
Rasmin,F
Rasmine,F
Rasmiya,F
Rasmus,M
Rasna ,F
Rasnam,F
Rasnampreet,F
Rasnik,F
Rasnoor,M
Rason,M
Rasool,M
Raspreet,F
Rasreet,F
Rass,M
Rassal,M
Rassan,M
Rassie,Unisex
Rasslene,M
Rasta,M
Rastagar,M
Rasti,F
Rastin,M
Rastislav ,M
Rastko,M
Rastus,M
Rasty ,M
Rastys,M
Rasul,M
Rasul-Aman,M
Rasun,M
Rasute,F
Raswinder,F
Rasyll,M
Rata'a,F
Ratama,M
Ratan,Unisex
Ratana,M
Ratanak,M
Ratandeep,M
Ratanjot,F
RaTann,F
Ratanpratap,M
Ratanvir,M
Rataq,F
Ratasha,F
Ratayah,F
Ratchanont,M
Ratchel,F
Ratchelle,F
Rateb,M
Rateel,F
Ratesha,F
Rath,F
Ratha,Unisex
Rathan,M
Rathana,Unisex
Rathanak,M
Rathaney,F
Rathany,F
Rathasar,M
Rathi,F
Rathia,F
Rathik,M
Rathnayake,M
Rathtana,F
Rathwan,M
Rati,F
Ratiba,F
Ratik,M
Ratika,F
Ratimir,M
Ratinder,Unisex
Ratisha,F
Ratka,F
Ratko,M
Ratna,Unisex
Ratomir,M
Ratonya,F
Rattan,M
Rattana,Unisex
Rattanak,M
Rattandeep,M
Rattaninder,F
Rattanvir,M
Ratthana,M
Rattyya,F
Ratu ,M
Ratul,M
Ratzy,F
Rauann,F
Rauchelle,F
Raudah,F
Raudel,M
Rauf,M
Rauha,F
Rauhan,M
Rauid,M
Rauida,F
Raukura,F
Raul,M
Raul-xavier,M
Raulie,M
Raulin,M
Rauljr,M
Raumaan ,M
Raumi,M
Raumund,M
Raun,M
Raunak,M
Raunakjot,F
Raunaq,M
Raunav,M
Raunda,F
Raunel,M
Rauni,M
Raunie,F
Raunik,M
Raunuk,M
Raunya,F
Rauri,Unisex
Raurri,M
Raury,M
Rausard,M
Raushan,M
Raushana,F
Raushanah,F
Raushaun,M
Rauwan,F
Rava,F
Rava-Shanai,F
Ravae,F
Ravaite,M
Ravan,F
Ravandeep,M
Ravanna,F
Ravanna-Raine,F
Ravanne,F
Ravanvir,M
Ravard,M
Ravasya,F
Ravaughn,M
Ravdeep ,Unisex
Ravdip,M
Rave,Unisex
Ravea,F
Ravee,M
Raveea,F
Raveen,F
Raveen-Kaur,F
Raveena,F
Ravel ,M
Ravella,F
Ravelle,M
Raven,F
Raven-Anne,F
Raven-Dawn,F
Raven-Leigh,F
Raven-rose,F
Raven-Sky,F
Ravena,F
Ravene,F
Raveneet,F
Ravenel,F
Ravenell,F
Ravenlee,M
Ravenna,F
Ravennah,F
Ravenne,F
Ravensimone,F
Ravensymone,F
Ravessa,F
Ravi,M
Ravia,F
Ravid,Unisex
Ravideep,M
Ravien,F
Ravijot,M
Ravikash,M
Ravin,Unisex
Ravina,F
Ravind,M
Ravinder,Unisex
Ravinderpaul,M
Ravindi,F
Ravindra,M
Ravindran,M
Ravindu,M
Ravine,F
Ravineel,M
Ravinesh,M
Ravion,Unisex
Raviraj,F
Ravis,M
Ravisher,M
Raviv,M
Ravjeet,M
Ravjodh,M
Ravjot ,Unisex
Ravleen,F
Ravndeep,F
Ravneat,M
Ravneek,F
Ravneet,F
Ravneil,M
Ravninder,M
Ravnit,F
Ravnoor,Unisex
Ravon,Unisex
Ravonda,F
Ravonne,F
Ravonte,M
Ravpreet,Unisex
Ravraj,M
Ravreet ,F
Ravrit,M
Ravroop,M
Ravtaaj,M
Ravtej,M
Ravtejveer,M
Ravy,Unisex
Ravya,F
Ravyn,F
Ravynn,F
Ravza ,F
Rawa,Unisex
Rawa-maryam,F
Rawaa,F
Rawaad,M
Rawaan ,F
Rawad,M
Rawaha,F
Rawahn,F
Rawai,M
Rawaiat,F
Rawan,F
Rawan-Abraheem,F
Rawana,F
Rawand ,Unisex
Rawanne,F
Rawaz ,M
Rawda,F
Rawdah ,F
Rawdha ,F
Rawdon ,M
Rawdyn,M
Rawea,F
Rawen ,M
Raweya,F
Rawhida,F
Rawi,M
Rawia ,F
Rawiri,M
Rawiria,F
Rawiwan,F
Rawiya,F
Rawla,M
Rawland,M
Rawle,M
Rawleigh,M
Rawley,M
Rawlie,M
Rawlin,M
Rawlings,M
Rawlins,M
Rawly,M
Rawn,M
Rawnaque,M
Rawnd,F
Rawni,F
Rawnie,F
Rawson,M
Rawtha,M
Rawya,F
Rawya-Omar,F
Raxon,M
Raxton,M
Ray,M
Ray-Al,M
Ray-Anna,F
Ray-anne,F
Ray-lee,F
Ray-Lynn,F
Ray-Lynne,F
Ray-vin,F
Ray-Von,M
Raya,F
Raya-Mae ,F
Raya-Sun,F
Rayaaheen,F
Rayaan,Unisex
Rayad,M
Rayah,F
Rayahna,F
Rayal,Unisex
Rayan,Unisex
Rayan-Abd,F
Rayana,F
Rayanah,F
Rayandra,F
Rayane,M
Rayann,F
Rayanna,F
Rayannah,F
Rayannan,F
Rayanne,F
Rayansh,M
Rayanthony,M
Rayauna,F
Raybert,M
Raybon,M
Rayborn,M
Rayburn,M
Rayce,M
Raycen,M
Raychael,F
Raychael-Leigh,F
Raycheal,F
Raychel,F
Raychele,F
Raychell,F
Raychelle,F
Raycin,M
Raycina,F
Raycine,F
Rayda,F
Raydae,F
Raydan,M
Raydean,Unisex
Raydel,M
Raydell,M
Raydelle,F
Rayden,M
Raydene,F
Rayder,M
Raydin,M
Raydn,Unisex
Raydon,M
Raydon-Lee,M
Raydrick,M
Rayduan,M
Raydyn,M
Raye,Unisex
Raye-Lynn,F
Raye-Marie,F
Raye-Vaughn,M
Rayea,F
Rayeann,F
Rayeanna,F
Rayed,M
Rayeed,M
Rayeena,F
Rayees ,M
Rayegan,F
Rayehaneh,F
Rayel,F
Rayelee,F
Rayeleen,F
Rayelene,Unisex
Rayelin,M
Rayell,F
Rayella,F
Rayelle,F
Rayelyn,F
Rayelynn,F
Rayeme,M
Rayen,Unisex
Rayena,F
Rayene,F
Rayenne,F
Rayes,M
Rayesa,F
Rayetta,F
Rayette,F
Rayfe,M
Rayff,M
Rayfield,M
Rayford,M
Rayfus,M
Raygan,F
Raygen,F
Raygene,F
Raygina,F
Raygine,F
Rayha,F
Rayhaab,F
Rayhaan,M
Rayhab,Unisex
Rayhan,M
Rayhana,F
Rayhanah ,F
Rayhanna,F
Rayhna,F
Rayhon,M
Rayhona,F
Rayian,Unisex
Rayin,M
Rayion,M
Rayiona,F
Rayirth,M
Rayisha,F
Rayissa,F
Rayjanae,F
Rayjay,M
Rayjean,F
Rayjohn,M
Rayjon,M
Rayjonathan,M
Raykel,F
Raykelle,F
Rayko,M
Raykwan,M
Raykwon,M
Rayla,F
Raylah,F
Raylan,M
Rayland,M
Rayle,F
Raylea,F
Rayleah,F
Raylean,F
Raylee,F
Raylee-antoinette,F
Rayleen,F
Rayleena,F
Rayleene,F
Raylei,F
Rayleigh,F
Raylein,F
Raylen,Unisex
Raylena,F
Raylend,M
Raylene,F
Raylenea,F
Raylenn,F
Raylenne,F
Rayley,F
Rayli,Unisex
Raylie,F
Rayliegh,F
Raylin,Unisex
Raylina,F
Raylinn,F
Rayllene,F
Raylnn,F
Raylon,M
Rayly,F
Raylyn,F
Raylynda,F
Raylynn,F
Raylynne,F
Rayma,F
Raymah,F
Rayman,M
Raymand,M
Raymandeep,M
Raymanpreet,M
Raymar,M
Raymarc,M
Raymarion,M
Raymark,M
Raymart,M
Rayme,Unisex
Raymee,F
Raymeir,M
Raymel,M
Raymell,Unisex
Raymelle,F
Raymen,M
Raymend,M
Raymer,M
Raymere,M
Raymesha,F
Raymi,Unisex
Raymiah,F
Raymie,Unisex
Raymier,M
Raymir,M
Raymod,M
Raymon,M
Raymona,F
Raymond,M
Raymond-Gerardo,M
Raymond-Laurent,M
Raymond-Mahmoud,M
Raymonda,F
Raymonde,F
Raymondo,M
Raymone,M
Raymoni,F
Raymonn,M
Raymont,M
Raymonte,M
Raymound,M
Raymun,M
Raymund,M
Raymunda,F
Raymundas,M
Raymundo,M
Raymunt,M
Rayn,Unisex
Rayna,F
Rayna-Lynn,F
Rayna-Rose,F
Raynae,F
Raynah,F
Raynal,M
Raynald,M
Raynaldo,M
Raynan,M
Raynard,M
Raynardo,M
Raynathan,M
Raynav,M
Raynaya,F
Raynbo,F
Rayne,Unisex
Rayne-Amanda,F
Rayne-Anne,F
Rayne-Joy,F
Rayne-lee,F
Rayne-Lynn,F
Raynebow-Roze,F
Raynee,F
Rayneel,M
Rayneelle,M
Rayneet,M
Rayneil,M
Rayneisha,F
Raynel,Unisex
Raynell,Unisex
Raynelle,F
Raynen,M
Rayner,M
Raynes,M
Raynesh,M
Raynesha,F
Rayneshia,F
Raynetta,F
Raynette,F
Rayney,F
Rayni,F
Raynia,F
Rayniah,F
Raynie,F
Rayniel,M
Raynier,M
Raynika,F
Raynil,M
Raynique,F
Raynisha,F
Raynita,F
Rayniya,F
Rayniyah,F
Raynna,F
Raynne,F
Rayno,M
Raynol,M
Raynold,M
Raynon,M
Raynor,M
Raynour,F
Rayo,M
Rayola,F
Rayon,M
Rayona,F
Rayonah,F
Rayonda,F
Rayonia,F
Rayonna,F
Rayowynn,F
Rayquan,M
Rayquann,M
Rayquon,M
Rayqwan,M
Rayqwon,M
Raysa,F
Raysean,M
Raysen,M
Raysha,F
Rayshaan,M
Rayshad,M
Rayshan,M
Rayshantai,F
Rayshard,M
Rayshaud,M
Rayshaun,M
Rayshawn,M
Rayshawna,F
Rayshawnda,F
Rayshel,F
Rayshell,F
Rayshelle,F
Rayshen,F
Rayshod,M
Rayshon,M
Rayshonda,F
Rayshone,M
Rayshun,M
Rayson,M
Rayssa,F
Rayth,M
Raytheon,M
Rayton,M
Rayva,F
Rayvan,F
Rayvaughn,M
Rayven,F
Rayven-Lee,F
Rayven-Sumonay,F
Rayveon,M
Rayver,M
Rayvin,F
Rayvion,M
Rayvn,F
Rayvon,M
Rayvone,M
Rayvonn,M
Rayvyn,F
Raywin,M
Raywood,M
Rayya,F
Rayyaan,M
Rayyah ,F
Rayyan,M
Rayyana ,F
Rayyanah,F
Rayyane,F
Rayyanuddin,M
Rayyen,M
Rayz,M
Rayza,F
Rayzilee,F
Raz,Unisex
Raza,M
Raza-E-Abbas,M
Razaan ,F
Razaele,M
Razalee,M
Razali,M
Razan,F
Razane ,F
Razanne ,F
Razaq,M
Razaria,F
Razariah,F
Razaz,F
Razdeep,M
Razeen,M
Razeena ,F
Razeenah ,F
Razel,F
Razene,F
Razhane,F
Razi,M
Razia,F
Raziah,F
Raziel,M
Raziela,F
Raziella-Veronika,F
Razielle,F
Razik ,M
Razika ,F
Razin,M
Razina ,F
Raziq,M
Raziya,F
Raziyah,F
Razmig,M
Razna ,F
Razvan ,M
Razwan ,M
Razwana ,F
Razz,M
Razzi,Unisex
Razzia,F
Rb,M
Rbecca,F
Rbilemo,F
Rc,M
Rchel,F
Rchier,M
Rchnapreet,F
Rd,M
Re ,M
Re'Kai ,M
Re'nee,F
Re'nna,F
Re-anna,F
Re-Anne,F
Re-nee,F
Rea,F
Rea-ann,F
Rea-Anna,F
Rea-Anne,F
Rea-Jean,F
Rea-Lee,F
Reace,Unisex
Reachel,F
Reachelle,F
Read,M
Reada,F
Readawn,M
Reade,M
Readie,F
Readus,M
Reaf ,M
Reaford,M
Reagan,Unisex
Reagan-Marie,F
Reagane,F
Reagann,F
Reaganne,F
Reagar,M
Reagen,Unisex
Reaghan,F
Reagin,F
Reagon,Unisex
Reagyn,F
Reah,F
Reahab,F
Reahanna,F
Reahanne,F
Reahem,F
Reahman,F
Reahna,F
Reaiah,F
Reainha,F
Reakash,F
Reaksmey,M
Reakwon,M
Real,M
Reale,Unisex
Realebuga,F
Realeen,F
Realene,F
Reality,F
Realle,F
Realyn,F
Realynn,F
Ream,F
Reama,F
Reamer,M
Reamonn,M
Rean,Unisex
Rean-Grace,F
Reana,F
Reanae,M
Reanda,F
Reane,F
Reanee,F
Reaner,F
Reanetta,F
ReAnhna,F
Reanjelica,F
Reann,F
Reanna,F
Reanna-Fiona,F
Reanna-sky,F
Reannah,F
Reannan,F
Reanne,F
Reannen,F
Reannett,F
Reannin,F
Reannon,F
Reanon,F
Rearm,M
Rearna,F
Rearne,F
Rearnna,F
Rease,Unisex
Reaseiy,M
Reashana,F
Reashing,F
Reasia,F
Reason,Unisex
Reata,F
Reath,F
Reatha,F
Reathel,F
Reather,F
Reathrey,F
Reatta,F
Reauna,F
Reave ,Unisex
Reaven,F
Reaver,F
Reaves,M
Reavis,M
Reawyn,F
Reay-anne,F
Reayanne,F
Reaylene,F
Reaz,M
Reba,F
Reba-Jean,F
Reba-Jeane,F
RebaAnn,F
Rebacca,F
Rebacca-Lynn,F
Rebakah,F
Rebba,F
Rebbacka,F
Rebbeca,F
Rebbecca,F
Rebbecka,F
Rebbeckah,F
Rebbeka,F
Rebbekah ,F
Rebbekka,F
Rebbekkah,F
Rebbie,F
Rebby,F
Rebca,F
Rebcca,F
Rebe,F
Rebeca,F
Rebeca-louise,F
Rebecaa,F
Rebecah,F
Rebecc,F
Rebecca,F
Rebecca-ann,F
Rebecca-Anne,F
Rebecca-Ephrem,F
Rebecca-George,F
Rebecca-Jade ,F
Rebecca-Jane,F
Rebecca-jayne,F
Rebecca-jean,F
Rebecca-Joye,F
Rebecca-lee,F
Rebecca-lily,F
Rebecca-Lou,F
Rebecca-Louise ,F
Rebecca-lyn,F
Rebecca-Lynn,F
Rebecca-Mae,F
Rebecca-May ,F
Rebecca-Rae,F
Rebecca-Rhobobae,F
Rebecca-Rose ,F
Rebecca-skye,F
Rebecca-stacey,F
Rebecca-sue,F
Rebeccaann,F
Rebeccaanne,F
Rebeccah,F
Rebeccajo,F
Rebeccalynn,F
Rebeccfa,M
Rebechah,F
Rebecia,F
Rebecka,F
Rebecka-jade,F
Rebeckah,F
Rebeckah-dawn,F
Rebecker,F
Rebein,M
Rebeka,F
Rebeka-Lynn,F
Rebekah,F
Rebekah-Ann,F
Rebekah-Anne,F
Rebekah-grace,F
Rebekah-Raianne,F
Rebekan,F
Rebekeh,F
Rebekha,F
Rebekka,F
Rebekka-Lynn,F
Rebekka-Rae,F
Rebekka-Rose,F
Rebekka-Shai,F
Rebekkah,F
Rebekya,F
Rebel,Unisex
Rebel-Mae,F
Rebella,F
Rebelle,F
Rebend,M
Reber,F
Rebert,M
Reberta,F
Rebertha,F
Rebeschini,M
Rebetta,F
Rebeyka,F
Rebha,F
Rebia,F
Rebie,F
Rebka,F
Reble,F
Rebort,M
Rebwar ,M
Reby,F
Rebyl,Unisex
Rec,M
Reca,F
Recalena,F
Recardo,M
Recco,M
Rece,M
Rececca,F
Recep ,M
Rechael,F
Rechard,M
Reche,M
Rechel,F
Rechele,F
Rechell,F
Rechelle,F
Rechetta,F
Rechino,M
Rechy,F
Rechyane,F
Recia,F
Recie,F
Recien,M
Recil,M
Recina,F
Reco,M
Record,M
Rector,M
Red,M
Reda,Unisex
Redar,M
Redas ,M
Redd,M
Redden,M
Reddick,M
Redding,M
Reddington,M
Reddy,M
Redeait,F
Redear,M
Redeate,F
Redeatte,F
Redecca,F
Redekop,M
Redell,Unisex
Redena,F
Redenta,F
Rederick,M
Redford,M
Redge,M
Redgie,M
Redginald,M
Redha ,Unisex
Redia,F
Rediat,Unisex
Rediate,Unisex
Redick,M
Rediet,F
Redik,M
Redina,F
Redinald,M
Redith,F
Redley ,M
Redluis,M
Redman,M
Redmon,M
Redmond,M
Redon ,M
Redonda,F
Redonna,F
Redouane ,M
Redrick,M
Redstone,F
Redus,M
Redvers ,M
Redwan,M
Ree,F
Reeah,F
Reeakoe,F
Reeam,F
Reean ,M
Reeana,F
Reeann,F
Reeanna,F
Reeannon,F
Reeaz,M
Reeba,F
Reebal,M
Reeca,F
Reece,M
Reece-john,M
Reech,M
Reecha,F
Reecie,F
Reeco,M
Reecze,M
Reed,M
Reeda,F
Reedan,F
Reede,Unisex
Reeden,M
Reeder,M
Reedie,Unisex
Reedus,M
Reedwan,M
Reedy,M
Reef,M
Reefe ,M
Reegan,Unisex
Reegen,Unisex
Reeghan,F
Reegin,Unisex
Reegor,M
Reegyn,M
Reeha ,F
Reehab,F
Reeham ,F
Reehan ,M
Reeif,M
Reej,F
Reeka,F
Reel,F
Reelan,M
Reem,F
Reema,F
Reemah,F
Reeman,F
Reemas,F
Reemey,F
Reemi,F
Reen,M
Reena,F
Reenata,F
Reene,F
Reenee,F
Reenelle,M
Reenhard,M
Reeni,F
Reenie,F
Reenie-ann,F
Reephkat,M
Rees,M
Reesa,F
Reese,Unisex
Reeselyn,F
Reeselynn,F
Reesha,F
Reeshabh,M
Reesheda,F
Reeshemah,F
Reeshma,F
Reesie,F
Reet,F
Reeta,F
Reetak,M
Reetal,F
Reetam,M
Reeth,M
Reetha,F
Reeti,F
Reetika,F
Reetinder,Unisex
Reetu,F
Reetvinder,F
Reeva,F
Reeve,Unisex
Reeven,M
Reever,M
Reeves,M
Reevr,M
Reewa,F
Reewad,M
Reeya,F
Reeyad-Roy,M
Reeyah ,F
Reeyan,M
Reeyana,F
Reez,M
Refa,F
Refael,M
Refah,M
Refan,F
Refik,M
Refoel,M
Reford,M
Refugia,F
Refugio,Unisex
Refujia,F
Refujio,M
Reg,M
Regae,F
Regal,M
Regan,Unisex
Regan-jane,F
Regan-joanne,F
Regana,F
Reganate,F
Regann,F
Reganne,F
Rege,M
Regean,M
Regeana,F
Regeena,F
Regeina,F
Regen,Unisex
Regen-Rejeanne,F
Regena,F
Regenal,M
Regenald,M
Regene,F
Regenia,F
Regenna,F
Regent,M
Regesh,M
Regetta,F
Reggae,F
Reggan,F
Reggi ,Unisex
Reggie,M
Reggie-Lee ,M
Reggie-Ray ,M
Reggin,M
Reggina,F
Regginae,F
Regginal,M
Regginald,M
Reggy,M
Reghaen,F
Reghan,F
Regi,M
Regie,M
Regin,Unisex
Regina,F
Reginae,F
Reginal,M
Reginald,M
Reginaldo,M
Reginamarie,F
Regine,F
Regine-Dawn,F
Reginea,F
Reginia,F
Reginique,F
Reginna,F
Regino,M
Reginold,M
Regional,M
Regionald,M
Regis,M
Regis-James,M
Regla,F
Reglynn,F
Regna,F
Regnal,M
Regnald,M
Regnauld,M
Regneet,F
Regnia,F
Regniald,M
Regnil,M
Regnold,M
Regory,M
Regulo,M
Regyna,F
Regzana,F
Reha,F
Rehaab,F
Rehaam,F
Rehaan,M
Rehab,F
Reham,F
Rehama,F
Rehan,M
Rehana,F
Rehann,Unisex
Rehanna,F
Rehannah ,F
Rehannon,F
Rehanuddin,M
Rehap-Allislame,F
Rehat,Unisex
Rehatdeep,F
Rehatnoor,F
Rehatpreet,F
Rehbecca,F
Rehdina,F
Reheb,F
Reheem ,M
Rehema,F
Reheth,M
Rehgan,F
Rehian,F
Rehima,F
Rehma,F
Rehmaan ,M
Rehman,M
Rehmat,Unisex
Rehmy,M
Rehn,Unisex
Rehna,F
Rehnaz,F
Rehnuma ,F
Rehoboam,M
Rehoboth ,Unisex
Rehwa,F
Rehys,M
Rei,Unisex
Reia,F
Reial,F
Reian ,M
Reiana,F
Reianna,F
Reice,M
Reichel,Unisex
Reichelle,F
Reichen,M
Reicher,M
Reico,M
Reid,M
Reida,F
Reidar,M
Reidd,M
Reide,Unisex
Reideer,M
Reiden,M
Reider,M
Reidun,F
Reidwin,M
Reif,M
Reife,Unisex
Reigan,Unisex
Reigann,F
Reigen ,Unisex
Reiger,M
Reigh,F
Reigh-Ann,F
Reigha,F
Reigha-lynn,F
Reighan,F
Reighann,F
Reighanna,F
Reighley,F
Reighlyn,F
Reighlynn,F
Reighn,F
Reighna,F
Reighynn,F
Reign,Unisex
Reigna,F
Reignela,F
Reigner,F
Reihana,M
Reihen,M
Reihnhard,M
Reijan,M
Reik,M
Reika,F
Reikaya,F
Reiken,M
Reiker,M
Reiko,F
Reil,M
Reilan,M
Reilee,F
Reileigh,F
Reiley,Unisex
Reili,Unisex
Reill,F
Reille,F
Reillee,F
Reilley,Unisex
Reilli,F
Reilly,Unisex
Reillyn,F
Reily,Unisex
Reilyn,F
Reilynn,F
Reim,F
Reima,Unisex
Reimar,M
Reimark,M
Reimon,M
Reimond,M
Reimonda,F
Reims,F
Reimundo,M
Rein,Unisex
Reina,F
Reina-Mangua,F
Reinald,M
Reinalda,F
Reinaldo,M
Reinaliz,F
Reinard,M
Reinardo,M
Reinbow,F
Reine,F
Reine-Liana,F
Reinen,M
Reiner,M
Reinette,F
Reinhard,M
Reinhardt,M
Reinhart,M
Reinhilda,F
Reinhold,M
Reinholdt,M
Reinier,M
Reinis ,M
Reinita,F
Reinn,M
Reinna,F
Reinne,M
Reino,M
Reinold,M
Reint,M
Reiny,F
Reio,M
Reion,M
Reionna,F
Reis,Unisex
Reisa,F
Reise,Unisex
Reisel ,F
Reisha,F
Reishi,F
Reisin,F
Reison,M
Reiss,M
Reisy ,F
Reit,F
Reita,F
Reitag,F
Reiter,M
Reith,F
Reitha,F
Reiva ,F
Reive,M
Reiwana,F
Reiya,F
Reiza,F
Reizel,F
Reizo,M
Reizy,F
Reja,F
Rejanae,F
Rejane,F
Rejean,M
Rejeana,F
Rejeania,F
Rejeanne,F
Rejehanne,F
Rejena,F
Rejetta,F
Reji,M
Rejina,F
Rejine,F
Rejino,M
Rejish,M
Rejoice,F
Rejon,M
Rejoyce,F
Rejus ,M
Rejwan ,M
Rejwana ,F
Reka,F
Rekahn,M
Rekai ,M
Rekan ,M
Rekar ,M
Rekayla,F
Rekeisha,F
Rekem,M
Rekesha,F
Rekha,F
Rekia,F
Rekiah,F
Rekike,M
Rekina,F
Rekisha,F
Rekita,F
Rekiya,F
Rekiyah,F
Rekker,M
Reklon,M
Reko,M
Rela,F
Relaile,F
Relanda,F
Relando,M
Relda,F
Reldon,M
Relena,F
Relene,F
Relford,M
Relia,F
Relic,M
Relicia,F
Relina,F
Relinda,F
Relis,M
Relissa,F
Relja,M
Rell,Unisex
Rella,F
Rellik,M
Relm,F
Relma,F
Relonda,F
Relynn,F
Rem,M
Rema,F
Rema-Khaled,F
Rema-Lynne,F
Remae ,F
Remah,Unisex
Remai ,M
Remal,Unisex
Reman ,Unisex
Remara,F
Remario ,M
Remarni ,M
Remas,F
Remass,F
Remay ,M
Remaya ,F
Remayah ,F
Remaz ,F
Rember,M
Rembert,M
Remberto,M
Rembrandt,M
Remco,M
Reme,Unisex
Remedi,F
Remedios,F
Remedy,F
Remee,F
Remeington,M
Remek,M
Remeka,F
Remel,Unisex
Remelda,F
Remelio,M
Remell,Unisex
Remendez,M
Remer,M
Remey,Unisex
Remi,Unisex
Remi-Leigh ,F
Remi-Mae ,F
Remi-Marie,F
Remi-Rose ,F
Remia,F
Remiah,Unisex
Remianne,F
Remick,M
Remidey,F
Remie,F
Remiel,M
Remigia,F
Remigio,M
Remigius,M
Remigiusz ,M
Remii,F
Remijio,M
Remika,F
Remiko,F
Remilda,F
Remilekun ,F
Remilynn,F
Remington,Unisex
Remingtyn,F
Remini,F
Reminisce,F
Remirez ,M
Remissa,F
Remiyah,F
Remko,M
Remley,F
Remme,F
Remmel,M
Remmi,F
Remmie,F
Remmington,Unisex
Remmy,Unisex
Remneek,F
Remo,M
Remolo,M
Remon,M
Remona,F
Remond,M
Remonda,F
Remone,M
Remonia,F
Remonica,F
Remsen,M
Remus,M
Remy,Unisex
Remy-Georgette,F
Remy-Rose,F
Remya,F
Remzi,M
Remziye,F
Ren,Unisex
Ren'E,Unisex
Ren'ee,F
Rena,F
Rena-Lee,F
Rena-luisa,F
Renaa,F
Renad,F
Renada,F
Renade,F
Renado,M
Renae,F
Renaee,F
Renaeyah ,F
Renah,F
Renai,F
Renaild,M
Renaissance,F
Renaiya ,F
Renal,Unisex
Renald,M
Renalda,F
Renaldas ,M
Renalde,F
Renaldo,M
Renalene,F
Renalle,F
Renalyn,F
Renan,M
Renane,F
Renard,M
Renarda,F
Renardo,M
Renars ,M
Renarta,F
Renas ,Unisex
Renasha,F
Renasia,F
Renat,M
Renata,F
Renata-Anna,F
Renatah,Unisex
Renate,F
Renatha,F
Renato,M
Renatta,F
Renaud,M
Renauda,F
Renauld,M
Renauldo,M
Renault,M
Renauta,F
Renaux,M
Renay,F
Renaya,F
Renayah ,F
Renaye,F
Renayee,F
Renaz,F
Renbir,F
Rency,F
Renda,F
Rendahl,M
Rendall,M
Rende,F
Rendell,M
Rendene,F
Render,M
Rendi,F
Rendijs ,M
Rendina,F
Rendon,M
Rendy,Unisex
Rene,Unisex
Rene',Unisex
Rene'E,F
Rene-christopher,M
Rene-Keanu,M
Rene-paul,M
Rene-tonia,F
Renea,F
Reneasha,F
Reneau,M
Reneay,F
Reneby,F
Renecia,F
Reneda,F
Renee,F
Renee-anne,F
Renee-grace,F
Renee-jade,F
Renee-Jewels,F
Renee-marie,F
Renee-sherie,F
Reneece ,F
Reneesha,F
Reneeta,F
ReneF,Unisex
Renegade,M
Reneice,F
Reneigh,F
Reneil,M
Reneisha,F
Reneka,F
Renekah,F
Renel,Unisex
Renelda,F
Renell,Unisex
Renella,F
Renelle,F
Rener,F
Renerick,M
Renesa,F
Renesh ,M
Renesha,F
Reneshia,F
Renesmae,F
Renesmay,F
Renesme,F
Renesmee,F
Renessa,F
ReneT,F
Reneta,F
Renetha,F
Renetia,F
Renetta,F
Renette,F
Reney,Unisex
Reneya ,F
Renezamay,F
Renezmae,F
Renezmai ,F
Renezmay,F
Renezme,F
Renezmee,F
RenF,F
RenFe,F
RenFle,F
Renford,M
Renfred,M
Renfrew,M
Renfrey,M
Reng,M
Rengin ,F
Reni,F
Renia,F
Reniah,F
Renica,F
Renice,F
Renick,M
Renida,F
Renie,F
Reniece,F
Reniel,M
Renier,M
Reniesha,F
Renika,F
Renin,M
Renina,F
Reniqua,F
Renis ,M
Renise,F
Renisha,F
Renita,F
Renitha,F
Renitia,F
Renito,M
Renitta,F
Reniya,F
Reniyah,F
Renji,M
Renko,M
Renlan,F
Renlee,F
Renleigh,F
Renley,Unisex
Renlie,F
Renly,Unisex
Renmar,M
Renn,Unisex
Renna,F
Rennae,F
Rennaer,F
Rennah,F
Rennan,M
Rennard,M
Rennata,F
Rennay,F
Renne,F
Rennee,F
Rennei,F
Rennek,M
Rennel ,M
Rennelle,F
Renner,M
Rennet,F
Rennetta,F
Rennette,F
Renni,F
Rennick,M
Rennie,Unisex
Rennielle,F
Rennis,M
Rennison,Unisex
Renno,M
Rennox,M
Renny,M
Reno,M
Reno-anne,F
Renoda,F
Renold,M
Renona,F
Renorda,F
Renota,F
Renotta,F
Rens,M
Rense,F
Renshan,M
Renso,M
Renß,F
RenT,Unisex
RenTe,F
Rento,M
Renton,M
RenTsme,F
Renu,F
Renuka,F
Renwick,M
Renxuan,M
Reny,Unisex
Renya,F
Renyah,F
Renz,M
Renza,M
Renzah,F
Renze,M
Renzejr,M
Renzell,M
Renzelle,F
Renzhi,M
Renzie,M
Renzo,M
Renzzo,M
Reo,M
Reola,F
Reon,M
Reona,F
Reonaldo,M
Reoni,F
Reonna,F
Reparata,F
Rephael,M
Repindeep,M
Reppard,M
Requan,M
Requel,F
Requita,F
Rereloluwa ,Unisex
Resa,F
Resam,F
Resean,M
Reseda,F
Resha,F
Reshad,M
Reshae,F
Reshaelee,F
Reshahn,M
Reshal,F
Resham,F
Reshampreet,M
Reshan,M
Reshana,F
Reshanda,F
Reshard,M
Resharna,F
Reshaud,M
Reshaun,M
Reshauna,F
Reshaunda,F
Reshav,M
Reshawn,M
Reshawna,F
Reshawnda,F
Reshay,F
Reshe,M
Reshea,F
Resheda,F
Resheena,F
Resheka,F
Reshell,F
Reshelle,F
Reshia,F
Reshika,F
Reshma,F
Reshme,F
Reshmi,F
Reshmika,F
Reshod,M
Reshon,Unisex
Reshonda,F
Reshunda,F
Resia,F
Resid,M
Resida,F
Resma ,F
Ressa,F
Ressie,F
Restar,M
Restie,M
Restitudine,F
Reston,M
Resty,M
Resul ,M
Reta,F
Retaaj ,F
Retaal ,F
Retag,F
Retage,F
Retaj,F
Retal,F
Reteah,F
Retell,M
Retem,M
Retha,F
Rethabisitsoe,M
Rethal,F
Rethea,F
Rethel,F
Rether,F
Rethia,F
Rethon,M
Rethwan,M
Retia,F
Retief,M
Retillia,F
Retina,F
Retisha,F
Reto,M
Retonia,F
Retonya,F
Rett,M
Retta,F
Rettie,F
Reuban ,M
Reuben,M
Reuben-James ,M
Reubena,F
Reubeni,M
Reubhan,M
Reubin,M
Reubin-Ambroise,M
Reubyn ,M
Reuel,M
Reuel-Divine,M
Reujaiden,M
Reus,M
Reut,F
Reuvan,M
Reuven,M
Rev,M
Reva,F
Revaan,M
Revae,F
Revaeh,F
Revan,M
Revanth,M
Revathi,F
Revati,F
Reve,Unisex
Revea,F
Reveca,F
Revecca,F
Revee,F
Reveilla,F
Reveille,F
Reveka,F
Revel,M
Revel-jamez,M
Revelation,M
Revell,M
Revella,F
Revellane,F
Revelle,Unisex
Reven,Unisex
Revena,F
Revenelle,F
Rever,F
Revere,M
Revered,M
Reverie,F
Revestin,F
Reveya,F
Revi,M
Revia,F
Revice,M
Revie,F
Revin,M
Revina,F
Revis,M
Revon,Unisex
Revonda,F
Revraj,M
RevTe,F
Revy,F
Revyn,Unisex
Rewa,F
Rewada,F
Rewai,M
Rewan ,M
Rewar,F
Rewaz,M
Reweis,M
Rewi,M
Rewina,F
Rex,M
Rexall,M
Rexalynn,F
Rexann,F
Rexanna,F
Rexanne,F
Rexene,F
Rexer,M
Rexford,M
Rexhep ,M
Rexie,Unisex
Rexiesh,M
Rexina,F
Rexine,F
Rexley,Unisex
Rexleye,F
Rexon,M
Rexson,M
Rexstin,M
Rexter-Kyle,M
Rexther,M
Rexton,M
Rexx,M
Rexy,M
Rey,M
Reya,F
Reya-Dawn,F
Reya-Lynn,F
Reyaan,M
Reyaansh,M
Reyad,M
Reyad-Shamdean,M
Reyah,F
Reyam,F
Reyan,Unisex
Reyana,F
Reyann,F
Reyanna,F
Reyanne,F
Reyansh,M
Reyburn,M
Reyce,Unisex
Reyd,M
Reydan,M
Reydavid,M
Reydean,F
Reyden,M
Reydon,M
Reyelle,F
Reyes,Unisex
Reyez,M
Reygan,F
Reygon,M
Reyha,F
Reyhan,Unisex
Reyhana,F
Reyhanna,F
Reyhen,M
Reyhn,M
Reyjanah,F
Reyka,F
Reyko,F
Reylan,M
Reyland,M
Reylee,F
Reyleigh,F
Reylen,F
Reylene,F
Reyli,M
Reyliene,F
Reylin,Unisex
Reyly,M
Reylynn,F
Reyman,M
Reymark,M
Reymi,Unisex
Reymon,M
Reymond,M
Reymundo,M
Reyn,M
Reyna,F
Reyna-Leigh,F
Reyna-Nancy,F
Reynagh,F
Reynah,F
Reynaii,F
Reynald,M
Reynalda,F
Reynaldo,M
Reynaliz,F
Reynan,F
Reynante,F
Reynard,M
Reynardo,M
Reynaud,M
Reyne,F
Reynel,M
Reynelda,F
Reynell,F
Reynelle,F
Reynen,M
Reyner,M
Reyniel,M
Reynier,M
Reynol,M
Reynold,M
Reynoldo,M
Reynolds,M
Reyo ,M
Reyon,M
Reyona,F
Reyonna,F
Reyoula,F
Reysan,M
Reyse,Unisex
Reyshawn,M
Reyshin,F
Reyshum,F
Reythe,F
Reyvan,F
Reyven,Unisex
Reyvin,M
Reyvon,F
Reyyan,Unisex
Reyzell,M
Reza,M
Rezad,M
Rezam,M
Rezan,Unisex
Rezdyn,M
Reziero,M
Rezika,F
Reznor,M
Rezon,M
Rezwan ,M
Rezwana ,F
Rfain,M
RFal,M
RFna,F
Rhad,M
Rhada,F
Rhadene,F
Rhae,F
Rhae-Lyn,F
Rhaea,F
Rhaeannon,F
Rhaegan,F
Rhael,F
Rhaelene,F
Rhaelyn,F
Rhaelynn,F
Rhaena,F
Rhaffael,M
Rhaheem,M
Rhaid,M
Rhaigne,F
Rhain ,M
Rhaine,F
Rhaiya,F
Rhakeem,M
Rhakia,F
Rhalena,F
Rhalynne,F
Rhamel,M
Rhamiah,F
Rhamir,M
Rhamona,F
Rhamrick,M
Rhana,F
Rhanada,F
Rhanda,F
Rhandi,F
Rhandy,M
Rhane,Unisex
Rhanee,F
Rhaneela,F
Rhani,F
Rhania,F
Rhanion,F
Rhaniya,F
Rhaniyah,F
Rhapsody,F
Rhasaan,M
Rhashad,M
Rhashawn,M
Rhasheen,M
Rhaun,F
Rhauri,M
Rhaven,F
Rhavyn,F
Rhawnie,F
Rhay-Lyn,F
Rhaya,F
Rhayelle,F
Rhayl,M
Rhaylee,M
Rhayna,F
Rhayne,F
Rhaynel,F
Rhayney-Day,F
Rhayv,M
Rhayver,M
Rhayza,F
Rhb,F
Rhe,F
Rhea,F
Rhea-ann,F
Rhea-Anna,F
Rhea-Lee,F
Rhea-Lynn,F
Rheaann,F
Rheace,M
Rheagan,F
Rheagyn,F
Rheaian,F
Rheal,M
Rhealle,F
Rhealyn,F
Rhealynn,F
Rhean ,Unisex
Rheana,F
Rheanan,F
Rheanie,F
Rheann,F
Rheanna,F
Rheannan ,F
Rheanne,F
Rheannon,F
Rheanon,F
Rhearna,F
Rhease,M
Rheata,F
Rheba,F
Rhebb,M
Rheda,F
Rhede,M
Rhedyn,F
Rhee,F
Rhee'Ann,F
Rheece,M
Rhees,M
Rheese,Unisex
Rheeta,F
Rheeya,F
Rhegan,F
Rhei,M
Rheia,F
Rheian,F
Rheianna,F
Rheid,F
Rheif,M
Rheigen-Anne,F
Rhein,M
Rheka,F
Rhekia,F
Rhelcy,F
Rhelda,F
Rhelle,F
Rhelma,F
Rhema,F
Rhemi,Unisex
Rhemy,Unisex
Rhen,Unisex
Rhena,F
Rhenda,F
Rhendala,F
Rhenee,F
RheneT,F
Rhenin,M
Rhenleigh,F
Rhenolda,F
Rhenz,M
Rheo,Unisex
Rheon ,Unisex
Rheona,F
Rhesa,F
Rhet,M
Rheta,F
Rhetha,F
Rhett,M
Rhett-Leigh,M
Rhetta,F
Rhettger,M
Rheuben,M
Rheva,F
Rhey,M
Rhey-Anne,F
Rheya,F
Rheyanna,F
Rheyanne,F
Rheydyn,F
Rheyna,F
Rheyza,F
Rheyzen,F
Rhia,F
Rhiad ,M
Rhiadenn,M
Rhiain ,F
Rhian,F
Rhiana,F
Rhiana-Nicole,F
Rhianah,F
Rhianan ,F
Rhiandra,F
Rhiane,F
Rhianedd ,F
Rhiann,F
Rhianna,F
Rhianna-jade,F
Rhianna-jay,F
Rhianna-jo,F
Rhianna-lee,F
Rhianna-Lynn,F
Rhianna-Mae ,F
Rhiannah,F
Rhiannan,F
Rhianne,F
Rhiannen,F
Rhiannon,F
Rhiannon-jane,F
Rhiannon-Lee,F
Rhiannon-marie,F
Rhiannon-Sara,F
Rhianon,F
Rhianwen ,F
Rhianydd ,F
Rhianyn,F
Rhiara,F
Rhiarn,F
Rhiarna ,F
Rhiauna,F
Rhico,M
Rhidian ,M
Rhiece,F
Rhieden,M
Rhiegan,F
Rhiel,M
Rhiellen,F
Rhien ,Unisex
Rhienna,F
Rhienne,F
Rhiess,M
Rhievin,F
Rhikia,F
Rhilee,F
Rhileigh,F
Rhiley,Unisex
Rhilyn,F
Rhilynn,F
Rhimzey,M
Rhin,M
Rhina,F
Rhinda,F
Rhine,M
Rhinikea,F
Rhinnon,F
Rhion,M
Rhionna,F
Rhiott,F
Rhishi,M
Rhitik ,M
Rhitvik,M
Rhiya,F
Rhiyan,Unisex
Rhiyana,F
Rhiyanna,F
Rhiyell,F
Rhiyon,M
Rhjay,M
Rhnea,F
Rho,M
Rhoads,M
Rhoan,M
Rhoanna,F
Rhoanne ,F
Rhoanynn,F
Rhochelle,F
Rhoda,F
Rhodae,F
Rhodas,F
Rhodayna,F
Rhode,F
Rhodell,M
Rhodella,F
Rhodelyn,F
Rhoden,M
Rhodena,F
Rhoderick,M
Rhodes,M
Rhodesia,F
Rhodia,F
Rhodie,F
Rhodielyn,F
Rhodina,F
Rhodney,M
Rhodonna,F
Rhodora,F
Rhodri ,M
Rhodric,M
Rhody,M
Rhoen,M
Rhoena,F
Rhogan,F
Rhoman,M
Rhome,M
Rhon,M
Rhona,F
Rhonald,M
Rhonan,M
Rhond,F
Rhonda,F
Rhonda-Lee,F
Rhonda-Lynn,F
Rhonda-Ngo,F
Rhondalyn,F
Rhondda,F
Rhondel,F
Rhondelle,Unisex
Rhondi,F
Rhondia,F
Rhondra,F
Rhone,M
Rhoneil,F
Rhonel,M
Rhonelle,F
Rhonesha,F
Rhoni,F
Rhonia,F
Rhonin,M
Rhonisha,F
Rhonit,M
Rhonna,F
Rhonni,F
Rhonnie,M
Rhonwen ,F
Rhonwyn,F
Rhory,M
Rhosheen,F
Rhoslyn,F
Rhoswen ,F
Rhosyn ,F
Rhovin,M
Rhowena,F
Rhownen,M
Rhowyn,F
Rhoxanne,F
Rhoyell,M
RhTanna,F
RhTo,M
Rhuah,F
Rhubab,F
Rhuben,M
Rhubi,F
Rhubyn,M
Rhucha,F
Rhudine,F
Rhun ,M
Rhune,M
Rhunette,F
Rhurl,F
Rhy ,M
Rhy-Ell,M
Rhya,F
Rhya-camilla,F
Rhyan,Unisex
Rhyana,F
Rhyanah,F
Rhyane,F
Rhyann,F
Rhyanna,F
Rhyannah,F
Rhyanne,F
Rhyannin,F
Rhyannon,F
Rhyanon,F
Rhyason,M
Rhyatt,M
Rhyatta,F
Rhyce ,M
Rhychelle,F
Rhyd,Unisex
Rhyda,Unisex
Rhydan,M
Rhydar,M
Rhyddian,M
Rhyden,M
Rhyder,M
Rhydhm,M
Rhydian,M
Rhye,M
Rhyeleigh,M
Rhyell,M
Rhyelle,F
Rhyen,Unisex
Rhyenn,F
Rhyes,M
Rhyett,M
Rhygin,M
Rhyia,F
Rhyiden,M
Rhyilan,M
Rhyin,F
Rhyis,M
Rhyjenn,F
Rhykel,M
Rhyker,M
Rhyl,Unisex
Rhyla,F
Rhylah-Anne,F
Rhylan,Unisex
Rhyland,M
Rhylanna,F
Rhyle,M
Rhylea,F
Rhyleagh,F
Rhylee,Unisex
Rhylei,F
Rhyleigh,F
Rhylen,Unisex
Rhyler,M
Rhyley,Unisex
Rhyli,F
Rhylie,F
Rhyliegh,F
Rhylin,Unisex
Rhylinn,F
Rhyll,F
Rhyllis,F
Rhyllyn,F
Rhyln,M
Rhylo,F
Rhylon,M
Rhyly,M
Rhylynn,F
Rhyne,M
Rhynie,F
Rhynn,F
Rhyon,Unisex
Rhyot,M
Rhyott,M
Rhys,M
Rhys-James ,M
Rhyse,Unisex
Rhysika,F
Rhyson,M
Rhyss ,M
Rhythm,Unisex
Rhyum,M
Rhyver,F
Rhyz ,M
Rhyzelle,F
Rhyzza,F
Ri,M
Ria,F
Ria-grace,F
Ria-Marie,F
Ria-May ,F
Ria-Rose,F
Riaan,M
Riad,M
Riad-Nam,M
Riadeep ,F
Riah,F
Riahanna,F
Riahannon,F
Riahn,Unisex
Riahna,F
Riahnna,F
Riaim,M
Riain ,M
Riak,Unisex
Rial,M
Rialanna,F
Rialey,F
Riali,F
Rialyn,F
Riamy,M
Rian,Unisex
Rian-Steven,M
Riana,F
Riana-rose,F
Rianah,F
Rianan,F
Riane,F
Riane-Rochelle,F
Riang,F
Rianhna,F
Riani,F
Rianka,F
Riann,F
Rianna,F
Rianna-Rae,F
Riannah,F
Riannahn,F
Riannan ,F
Rianne,F
Riannon,F
Rianon,F
Riansh,M
Rianshi,F
Riarna ,F
Riarne,F
Riarnna,F
Riarsyn,F
Riashna,F
Riata,F
Riath,M
Riawati,F
Riayn,F
Riaz,M
Riaz-david,M
Ribaj,M
Ribal,Unisex
Ribaldo,M
Ribayh,F
Ribben,M
Ribhi,M
Ribka,F
Ribnga,M
Ribo,M
Ribqah ,F
Ric,M
Ric-Jay,M
Rica,F
Rica-Joy,F
Ricado,M
Ricaela,F
Ricahrd,M
Ricard,M
Ricarda,F
Ricardas ,M
Ricardo,M
Ricardoh,M
Ricardos,M
Ricards ,M
Ricari,M
Ricaria,F
Ricaydon,M
Ricayha,F
Ricayla,F
Ricca,F
Riccah,F
Riccard,M
Riccardo,M
Ricce,M
Ricci,Unisex
Ricci-lee,F
Ricco,M
Rice,M
Rice-Marie,F
Ricel,F
Ricgel,M
Rich,M
Richa,F
Richaad,M
Richad,M
Richae,F
Richael,F
Richalene,F
Richaline,F
Richan,M
Richana,F
Richand,M
Richanda,F
Richann,F
Richanne,F
Richar,M
Richara,F
Richard,M
Richard-Alexander,M
Richard-craig,M
Richard-Daniel,M
Richard-John,M
Richard-Joseph,M
Richard-mark,M
Richard-ray,M
Richarda,F
Richardas,M
Richardd,M
Richardean,F
Richardine,F
Richardjames,M
Richardo,M
Richards,M
Richardson,M
Richaud,M
Richdeep,M
Riche,F
Richeena,F
Richel,F
Richeldis,F
Richele,F
Richell,F
Richella,F
Richella-lea,F
Richelle,F
Richelle-Lynn,F
Richenda,F
Richenda-Dee,F
Richene,F
Richer,M
Richerd,M
Richesh,M
Richetta,F
Richette,F
Richey,M
Richi,M
Richia,F
Richie,M
Richie-Lee ,M
Richie-pat,M
Richina,F
Richlyn,F
Richman,M
Richmark,M
Richmon,M
Richmond,M
Richon,M
Richrd,M
Richshene,F
Richter,M
Richy,M
Richyl,F
Rici,F
Ricia,F
Rick,M
Rick-William,M
Ricka,F
Rickal,Unisex
Rickard,M
Rickardo,M
Rickaya,F
Rickayla,F
Rickcalem,M
Rickdeep,M
Ricke,M
Rickea,F
Rickee,F
Rickeem,M
Rickeeta,F
Rickeisha,F
Rickel,F
Rickell,F
Rickelle,F
Rickenjit,M
Rickesh ,M
Rickesha,F
Rickeshia,F
Ricketa,F
Ricketta,F
Rickey,M
Rickeya,F
Rickford,M
Ricki,Unisex
Ricki-Ann,F
Ricki-anne,F
Ricki-Lee,F
Ricki-Lynn,F
Ricki-Lynne,F
Ricki-Ray,M
Rickia,F
Rickiah,F
Rickida,F
Rickie,M
Rickie-Lee,Unisex
Rickie-Lynn,F
Rickie-Mae,F
Rickiesha,F
Rickii,Unisex
Rickilee,F
Rickilynn,F
Rickina,F
Rickinder,M
Rickira,F
Rickisha,F
Rickista,M
Rickita,F
Rickiya,F
Rickiyah,F
Rickki,F
Ricklinta,F
Rickman,M
Rickmeet,M
Rickneal,M
Rickneet,M
Ricko,M
Ricks,M
Rickson,M
Rickul,M
Rickveer,M
Rickwinder,M
Ricky,M
Ricky-Clint,M
Ricky-james,M
Ricky-jaye,F
Ricky-Joe,M
Ricky-john,M
Ricky-Junior ,M
Ricky-karl,M
Ricky-Lee ,M
Ricky-pat,M
Ricky-Rolando,M
Rickya,F
Rickyah,F
Rickye,M
Rickyia,F
Rickylee ,M
Rickyy,M
Rico,M
Ricoh,M
Ricole,F
Ricquan,M
Ricquel,F
Ricquelle,M
Ricquie,F
Ricquita,F
Rictavious,M
Rictor,M
Rictoria,F
Ricy,M
Rida,F
Ridaa ,F
Ridae,F
Ridah,F
Ridam,M
Ridas ,M
Ridda,F
Riddhi,F
Riddhima,F
Riddic,M
Riddick,M
Riddik,M
Riddley,M
Rider,M
Ridge,M
Ridgely,M
Ridger,M
Ridgeway,M
Ridgley,M
Ridgway,Unisex
Ridha,Unisex
Ridhaa,M
Ridhaan,M
Ridham ,Unisex
Ridhay,M
Ridhey,M
Ridhi,F
Ridhika,F
Ridhima,F
Ridho,M
Ridhwaan ,M
Ridhwan,M
Ridi,F
Ridima,F
Ridlee,F
Ridleigh,F
Ridley,Unisex
Ridley-Zayne,M
Ridly,M
Ridwaan,M
Ridwan,M
Ridwana ,F
Ridwanah ,F
Rie,F
Riealla,F
Rieanna,F
Rieanne,F
Riece,Unisex
Riechelle,F
Ried,M
Riedyn,F
Rieesa,F
Riegan ,M
Rieger,M
Riehen-Rae,F
Riek,M
Riek-Tungtiil,M
Rieka,F
Rieker,M
Rieki,F
Riekyn,F
Riel,Unisex
Riele,F
Rielee,F
Rieleigh,F
Rielen,M
Rieley,Unisex
Rielha,F
Riell,F
Riella,F
Rielle,F
Rielley,Unisex
Rielly,Unisex
Rielly-jack,M
Riely,Unisex
Rielyn,F
Rielynd,M
Rielynn,F
Rien,Unisex
Riena,F
Riendieu,M
Rieneke,F
Rienhold,M
Rienk,M
Rienna,F
Rienne,F
Rienus,M
Rier,M
Ries,M
Riesa,F
Riese,Unisex
Riesha,F
Riess,M
Rieta,F
Rieth,M
Rietta,F
Riey,M
Rifa,F
Rifaat,M
Rifah ,F
Rifahie,M
Rifat,Unisex
Rifaya,F
Riff,M
Rifka,F
Rifki ,F
Rifky,F
RiFl,F
Rifqi,M
Riga,F
Rigas,M
Rigbe,F
Rigby,Unisex
Rigden,M
Rigdon,M
Rigel,M
Rigg,M
Riggen,M
Riggin,M
Riggins,M
Riggs,M
Righley,F
Righteous,M
Rigil,M
Rigin,M
Rigina,F
Riginoula,F
Rigley,Unisex
Rigmor,F
Rigo,M
Rigoberto,M
Rigon,M
Rigoverto,M
Rigsby,M
Rigsel,M
Rigten,M
Rigzin,M
Riha,F
Rihaam ,F
Rihaan,M
Rihaana ,F
Rihab,F
Rihak,F
Riham,F
Rihan,Unisex
Rihana,F
Rihanah,F
Rihanat ,F
Rihann ,F
Rihanna,F
Rihanna-Mai ,F
Rihannah,F
Rihannan,F
Rihanne ,F
Rihannon ,F
Rihansh,M
Rihard,M
Rihards ,M
Rihcard,M
Rihesh,M
Riho,F
Rihonna,F
Riian,F
Riika,F
Riilee,F
Riina,F
Riiny,M
Riis,M
Riisa,F
Riise ,M
Rija,F
Rijad,M
Rijah,F
Rijameka,F
Rijan,F
Rijel,M
Rijh,M
Rijja,F
Rijker,M
Rijon,M
Rijonagh,F
Rijul,M
Rik,M
Rika,F
Rikaard,M
Rikai ,M
Rikako,F
Rikanna,F
Rikarda,F
Rikardo,M
Rikaya ,F
Rikayah,F
Rikayla,F
Rikea,F
Rikee,F
Rikeeli,F
Rikeisha,F
Rikell,F
Rikelme,M
Riken,M
Riker,M
Rikesh,M
Rikesha,F
Riketa,F
Rikhia,F
Rikhil,M
Riki,Unisex
Riki-ann,F
Riki-Lea,F
Riki-Lee,F
Rikia,F
Rikiah,F
Rikiesha,F
Rikihana,F
Rikilee,F
Rikin,M
Rikina,F
Rikinder,M
Rikio,M
Rikisha,F
Rikishi,Unisex
Rikita,F
Rikiya,F
Rikiyah,F
Rikk,M
Rikka,F
Rikkal,F
Rikkaye,F
Rikke,F
Rikkee,M
Rikkeen,F
Rikki,F
Rikki-ann,F
Rikki-Jae,F
Rikki-jane,F
Rikki-jayne,F
Rikki-Jo,F
Rikki-lea,F
Rikki-Lee,F
Rikki-Leigh,F
Rikki-Lyn,F
Rikki-Lynn,F
Rikki-Lynne,F
Rikki-maree,F
Rikki-may,F
Rikki-Michelle,F
Rikki-sherrie,F
Rikkia,F
Rikkie,Unisex
Rikkii-lee,F
Rikkilee,F
Rikkilynn,F
Rikkita,Unisex
Rikku,F
Rikky,M
Riko,Unisex
Riku,M
Rikul,F
Rikuo,M
Rikus,M
Rikuto,M
Rikveer,M
Riky,M
Rikya,F
Rikyah,F
Rilah,F
Rilan,M
Riland,M
Rilanie,F
Rilay,M
Rilayna,F
Rilda,F
Rile,M
Rilea,F
Rileah,F
Rilee,Unisex
Rilei,F
Rileigh,F
Rilen,M
Rilena,F
Rilene,F
Riley,Unisex
Riley- ,M
Riley-Alan,M
Riley-Ann,F
Riley-Anne,F
Riley-Dean ,M
Riley-J ,M
Riley-Jack ,M
Riley-Jae ,M
Riley-Jai ,M
Riley-James ,M
Riley-Jane,F
Riley-Jay ,M
Riley-Joe ,M
Riley-John ,M
Riley-joshua,M
Riley-Lee ,M
Riley-Mason ,M
Riley-May,F
Riley-Patrick,M
Riley-Paul ,M
Riley-Ray ,M
Riley-Reign,F
Riley-Scott ,M
Riley-Thomas ,M
Riley-wayne,M
Rileyann,F
Rileyanne,F
Rileyn,F
Rili,F
Rilie,F
Riliegh,F
Rilind ,M
Riliyana,F
Rilka,F
Rilla,F
Rille,F
Riller,M
Rilley,Unisex
Rillia,F
Rillian,M
Rillie,F
Rilma,F
Rilo,M
Riloh,F
Rilon,M
Rilpuou,M
Rilwan,M
Rily,Unisex
Rily-mae,F
Rilya,F
Rilyan,M
Rilyn,Unisex
Rilyne,F
Rilynn,F
Rilynne,F
Rim,F
Rima,F
Rimah ,F
Riman,F
Rimantas,M
Rimas,Unisex
Rimaz,F
Rime,F
Rimeet,M
Rimi,F
Rimia,F
Rimian,M
Riminder,M
Rimini ,F
Rimino,M
Rimjeet,F
Rimjhim,F
Rimmel ,M
Rimneet,F
Rimo,M
Rimon ,M
Rimonda,F
Rimonn,M
Rimpal,F
Rimple,F
Rimsha,F
Rimshah ,F
Rimute,F
Rimya,F
Rin,F
Rina,F
Rina-enza,F
Rina-maria,F
Rinaaz,F
Rinad,F
Rinael,F
Rinah,F
Rinald,M
Rinaldo,M
Rinalds ,M
Rinane,F
Rinata,F
Rinda,F
Rinde,F
Rindhem,F
Rindi,F
Rindy,F
Rinedi,M
Rineem,F
Rineet,M
Rinehart,M
Rinelle,F
Rinesa,F
Rinesh,M
Rinesha,F
Rinette,F
Ring,M
Ringo,M
Rini,F
Rinijhini,F
Rinishaa,F
Riniya,F
Riniyah,F
Rinka,F
Rinkpaul,F
Rinku,F
Rinky,F
Rinley,F
Rinna,F
Rinnah,F
Rinneah,F
Rinni-maree,F
Rinnie,Unisex
Rino,M
Rinoa,F
Rinold,M
Rinor,M
Rinora,F
Rinske,F
Rinta,M
Rintaro,M
Rinya,F
Rinyah,F
Rinzi,M
Rinzin,F
Rio,Unisex
Rio-Belle,F
Rio-James ,M
Rioghnach,F
Riograce,F
Rioja ,F
Riolando,M
Riomark,M
Rion,Unisex
Riona,F
Rionah,F
Rionee,F
Rionel,M
Rionn,F
Rionna,F
Riordan,M
Riordon,M
Rios,M
Riot,Unisex
Riota,M
Riott,M
Rioux,M
Rip,M
Ripa ,F
Ripal,M
Ripan,M
Ripandeep,Unisex
Ripanjit,M
Ripanreet,F
Ripcimia,F
Ripeka,F
Ripendeep,F
Ripken,M
Ripkin,M
Riplea,F
Riplee,F
Ripley,Unisex
Riponjot,M
Rippol,F
Ripsi,F
Ripuri,M
Rique,F
Riquel,F
Riquelme,M
Riquelmer,M
Riqui,F
Rirana,F
Risa,F
Risako,F
Risalat,M
Risasi,M
Rischel,F
Rise,F
Rish ,M
Risha,F
Rishaan,M
Rishaant,M
Rishab,M
Rishabh,M
Rishad,M
Rishae,F
Rishal ,M
Rishan,M
Rishana ,F
Rishanda,F
Rishane,M
Rishanna,F
Rishanne,F
Rishanth ,M
Rishantjit,M
Rishard,M
Risharn ,M
Rishaun,M
Rishav,M
Rishawn,M
Rishay ,M
Rishaz,M
Risheel,M
Rishelle,F
Rishenda,F
Risheyla,F
Rishi,M
Rishik,M
Rishika,F
Rishikesh,M
Rishikkesh,M
Rishil,M
Rishima,F
Rishin,M
Rishipal,M
Rishit,M
Rishita,F
Rishith,M
Rishitha,F
Rishiv,M
Rishiwar,M
Rishma,Unisex
Risho,M
Rishon,M
Rishona,F
Rishov,M
Rishpreet,F
Rishrash,M
Rishveer,M
Rishvik,M
Rishwant,M
Rising,M
Rismina,F
Rismma,F
Rissa,F
Rissard,M
Rissie,F
Rista,F
Ristan,M
Risten,F
Ristin,F
Ristina,F
Risting,F
Risto,M
Riston,M
Riszard,M
Rita,F
Rita-adriana,F
Rita-ann,F
Rita-anna-maria,F
Rita-Anne,F
Rita-bessie,Unisex
Rita-Jeanne,F
Rita-Kelly,F
Rita-Marie,F
Ritaann,F
Ritage,F
Ritaj,F
Ritaj-Taqyya,F
Rital,F
Ritalina,F
Ritamae,F
Ritamaree,F
Ritamarie,F
Ritanna,F
Ritashna,F
Ritaya,F
Ritch,M
Ritchard,M
Ritchel,M
Ritchell,F
Ritchelle,M
Ritchey,M
Ritchie,M
Ritchie-lee,F
Ritchy,M
Ritesh,M
Rith,M
Ritha,F
Rithan,M
Rithanya,F
Rithcie,M
Rithi,F
Rithian,M
Rithik,M
Rithika,F
Rithin,M
Rithira,M
Rithish ,M
Rithu,F
Rithvik,M
Rithvika,F
Rithwik,M
Rithy,M
Rithyabun,M
Rithyka,F
Rithyvitou,M
Riti,F
Ritik,M
Ritika,F
Ritish,M
Ritisha,F
Ritney,F
Rito,M
Ritocheta,F
Ritrisha,F
Ritsa,F
Ritson,M
Ritsuko,F
Ritta,F
Rittal,F
Rittany,F
Ritter,M
Ritthy,F
Ritthysak,M
Ritti,F
Rittie,F
Rittney,F
Ritu,F
Ritvik,M
Ritvika,F
Ritwan,F
Ritwik,M
Ritz,F
Ritzy,F
Riuka,F
Riun,M
Riva,F
Rivaan,M
Rivadi,M
Rivah ,Unisex
Rivah-rose,F
Rival,M
Rivaldo,M
Rivan,M
Rivana,F
Riveigh,F
Riven,Unisex
River,Unisex
River-Dawn,F
River-lee,M
River-Leigh,F
River-Mae ,F
Rivera,Unisex
Riverine,F
Riverlea,F
Riverlyn,F
Riverlynn,F
Rivers,Unisex
Rives,M
Rivia,F
Rivian,F
Riviera,F
Rivin,M
Rivini,F
Rivka,F
Rivkah,F
Rivky,F
Rivua,M
Rivva,M
Rivva-zo,F
Rivver,Unisex
Rivya,F
Rivyn,M
Riwa,F
Riwaida,F
Rix,M
Rixford,M
Rixie,F
Rixon,M
Rixton,M
Riya,F
Riyaa,F
Riyaad ,M
Riyaadh ,M
Riyaan,Unisex
Riyaaz ,M
Riyad,M
Riyad-Ul,M
Riyadh,M
Riyadhul ,M
Riyadul ,M
Riyah,F
Riyam,F
Riyami,M
Riyan,Unisex
Riyana,F
Riyanika,F
Riyann,F
Riyann-Grace,F
Riyanna,F
Riyanne,F
Riyansh,M
Riyanshi,F
Riyaq,F
Riyash,M
Riyaz,M
Riye,F
Riyen ,M
Riylan,M
Riylee,F
Riyo,F
Riyon,M
Riyona,F
Riyonna,F
Riyzel,M
Riza,Unisex
Rizael,F
Rizaiah,M
Rizal,M
Rizalyn,F
Rizalynn,F
Rizan,M
Rizdale,M
Rizel,F
Rizelle,F
Rizk,M
Rizlea,F
Rizos,M
Rizpah,F
Rizvi,M
Rizwaan ,M
Rizwan,M
Rizwana ,F
Rizwanah,F
Rizwanali,M
Rizyda,F
Rizyna,F
Rizza,F
Rizzabelle,F
Rizzah,F
Rizzo,M
Rj,M
Rjay,M
Rjneet,F
Rkaelyn,F
Rkan,M
Rl,M
Rmani,Unisex
Rmon,M
Rmoni,F
Rmonie,F
Rmontay,M
Ro,F
Ro'a,F
Ro'cael,F
Ro'i,M
Ro-anna,F
Roa ,F
Roaa,F
Roachel,F
Roady,M
Roah,F
Roahl,M
Roaj,M
Roald,M
Roam,M
Roamin,M
Roan,M
Roana,F
Roanan,M
Roandy,M
Roane,M
Roanin,M
Roanld,M
Roann,F
Roanna,F
Roanne,F
Roanne-Mae,F
Roanyk,M
Roarie,F
Roaring,M
Roark,M
Roarke,M
Roary,M
Rob,M
Rob-Roy,M
Roba,Unisex
Robabah,F
Robah,M
Robale,M
Roban,F
Robann,F
Robart,M
Robashar,M
Robat ,M
Robb,M
Robbe,Unisex
Robbee,M
Robbeka,F
Robben,Unisex
Robbern,F
Robbert,M
Robberto,M
Robbey,M
Robbi,Unisex
Robbi-Ann,F
Robbi-Lee,F
Robbie,Unisex
Robbie-Lee ,M
Robbie-William,M
Robbin,Unisex
Robbinette,F
Robbins,M
Robbinson,M
Robbon,M
Robby,M
Robbye,F
Robbylee,M
Robbyn,F
Robbynne,F
Robe,Unisex
Robeah,F
Robearr,M
Robecca,F
Robeel,M
Robeena,F
Robeert,M
Robel,M
Robelene,F
Robell,M
Roben,Unisex
Robena,F
Robenia,F
Robenson,M
Rober,M
Robera,M
Robere,M
Roberick,M
Roberlie,F
Robern,M
Roberre,M
Roberrt,M
Roberson,M
Robert,M
Robert-Anthony,M
Robert-charles,M
Robert-Elie,M
Robert-hagen,M
Robert-James,M
Robert-John,M
Robert-Jonathan,M
Robert-Joseph,M
Robert-Lee ,M
Robert-Marinko,M
Robert-Matthew,M
Robert-Paul,M
Robert-Roger-Stamatis,M
Robert-Steven,M
Robert-Vaughn,M
Robert-Walter,M
Roberta,F
Roberta-Lynn,F
Roberta-Raye,F
Roberta-Sue,F
Robertanthony,M
Robertas ,M
Robertcharles,M
Roberte,M
Roberth,M
Robertha,F
Roberti,M
Robertia,F
Robertina,F
Robertine,F
Robertino,M
Robertjames,M
Robertjohn,M
Robertjr,M
Robertlee,M
Robertmichael,M
Roberto,M
Roberto-Carlos,M
Roberto-giuseppe,M
Roberto-marco,M
Roberto-paolo,M
Robertocarlos,M
Roberts,M
Roberts-John,M
Robertson,M
Robertt,M
Robertta,F
Robertta-Jean,F
Robertto,M
Robertus,M
Robet,M
Robeto,M
Robette,F
Robey,M
Robhei,F
Robi,Unisex
Robi-Daniel,M
Robi-Lea,F
Robia,F
Robica,F
Robie,Unisex
Robielene-Anne,F
Robier,M
Robiero,M
Robih,M
Robin,Unisex
Robin-Johannes,M
Robin-Lee,M
Robin-leigh,M
Robin-Lela,F
Robina,F
Robinann,F
Robindeep,M
Robinder,Unisex
Robine,F
Robinetta,F
Robinette,F
Robinho,M
Robinique,F
Robinjot,M
Robinlee,M
Robinn,F
Robinna,F
Robinne,F
Robinpal,M
Robinpreet,Unisex
Robins,M
Robinson,M
Robinvir,M
Robiul ,M
Robiya,F
Roble,M
Robleh ,M
Robley,M
Roblyn,F
Robney,M
Robran,M
Robret,M
Robrick,M
Robroy,M
Robrt,M
Robsan,M
Robsen,M
Robson,M
Robt,M
Roburt,M
Roburta,F
Robwyn,F
Roby,M
Robym,F
Robyn,F
Robyn-anne,F
Robyn-Geet,F
Robyn-Jayne,F
Robyn-joy,F
Robyn-Lee,F
Robyn-Lyn,F
Robyn-Lynn,F
Robyn-Mae,F
Robyn-Marie,F
Robyn-melissa,F
Robyn-Yve,F
Robyna,F
Robyne,F
Robynmarie,F
Robynn,F
Robynne,F
Roc,M
Roca,M
Rocama,M
Rocan,M
Rocana,F
Rocanda,F
Roccantonio,M
Rocchina,F
Rocci,M
Rocco,M
Rocco-Lee ,M
Roccoantonio,M
Roccwell,M
Rocelia,F
Rocelin,F
Rocelle,F
Rocelyn,F
Rocfo,F
Roch,M
Roch-John,M
Rochael,F
Rochan,Unisex
Rochana ,F
Rochanda,F
Rochanne,F
Rochard,M
Rocharna,F
Rochayne,F
Rochdi,M
Roche,Unisex
Rochea,M
Rocheal,F
Rochel,F
Rochele,F
Rochell,F
Rochella,F
Rochelle,F
Rochelle-ann,F
Rochelle-Dawn,F
Rochelle-Jan,F
Rochelle-mai,F
Rochellee,F
Rochelly,F
Rochely,F
Rochenda,F
Rochester,M
Rochina,F
Rochon,Unisex
RochT,M
Rochus,M
Rochyn,F
Rocia,F
Rocie,M
Rocina,F
Rocio,F
Rocita,F
Rock,M
Rock-anthony,M
Rockaelle,F
Rockdon,M
Rocke,M
Rockeem,M
Rockell,F
Rockelle,F
Rocker,M
Rocket,Unisex
Rockey,M
Rockford,M
Rocki,M
Rockie,M
Rocklan,M
Rockland,M
Rockley,Unisex
Rocklin,M
Rocklund,M
Rocklyn,Unisex
Rocklynn,F
Rockne,M
Rockney,M
Rocko,M
Rockson,M
Rockston,M
Rockstyn,M
Rockwell,M
Rocky,M
Rocky-Gabriel,M
Rocky-Ryan,M
Roclin,M
Roclyn,Unisex
Roco ,M
Rocque,M
Rocquel,F
Rocquell,F
RocRock,F
Rocsi,F
Rocy,M
Roczen,M
Rod,M
Roda,F
Rodab-Idrissi,F
Rodah,M
Rodaina,F
Rodaisha,F
Rodale,M
Rodan,M
Rodanthi,F
Rodarius,M
Rodas,F
Rodayna,F
Rodbod,M
Rodd,M
Roddell,M
Rodden,M
Rodderick,M
Roddey,M
Roddick,M
Roddie,M
Roddin,M
Roddinna,F
Roddney,M
Roddrick,M
Roddy,M
Rode,M
Rodeen,M
Rodel,M
Rodela ,F
Rodelaire,M
Rodeleana,F
Rodell,M
Rodella,F
Roden,M
Rodena,F
Rodenna,F
Rodeny,M
Roderic,M
Roderica,F
Roderich,M
Roderick,M
Rodericka,F
Rodericus,M
Roderiquez,M
Roderrick,M
Rodert,M
Rodessa,F
Rodey,M
Rodeyn,M
Rodge,M
Rodger,M
Rodger-leonard-karel,M
Rodgerick,M
Rodgers,M
Rodgil,M
Rodha,F
Rodi ,M
Rodia,F
Rodiat,F
Rodick,M
Rodie,Unisex
Rodiel,M
Rodin,M
Rodina,F
Rodion,M
Rodjanae,F
Rodley,M
Rodman,M
Rodmichael,M
Rodna,F
Rodne,M
Rodnecia,F
Rodnee,M
Rodneisha,F
Rodneka,F
Rodner,M
Rodnesha,F
Rodneshia,F
Rodnesia,F
Rodney,M
Rodneysha,F
Rodni,M
Rodnie,M
Rodnika,F
Rodnina,F
Rodnisha,F
Rodny,M
Rodoklia,F
Rodolfo,M
Rodolfo-julio,M
Rodolph,M
Rodolphe,M
Rodolpho,M
Rodonna,F
Rodre,M
Rodrecus,M
Rodregus,M
Rodrekus,M
Rodremil,M
Rodrianna,F
Rodric,M
Rodrica,F
Rodricas,M
Rodrick,M
Rodricka,F
Rodrickus,M
Rodrico,M
Rodricus,M
Rodrigo,M
Rodrigo-Andres,M
Rodrigue,M
Rodrigue-Nicolau,M
Rodrigues,M
Rodriguez,M
Rodrigus,M
Rodrika,F
Rodrion,M
Rodrique,M
Rodriques,M
Rodriquez,M
Rodson,M
Rodvelt,M
Rodvern,M
Rodvie,M
Rodwan,M
Rodwell,M
Rodwin,M
Rody,M
Roe,Unisex
Roe-Lene,F
Roeadriel,M
Roeberta,F
Roebi,F
Roechelle,F
Roee,M
Roegan,F
Roegen,M
Roehl,M
Roehm,F
Roel,M
Roeland,M
Roelf,M
Roelien,F
Roelof,M
Roemello,M
Roen,M
Roena,F
Roenan,M
Roene,F
Roenell,M
Roenen,M
Roenia,F
Roenick,M
Roenin,M
Roenn,M
Roent,M
Roert,M
Roesha,F
Roeshelle,F
Roesia,F
Roetta,F
Roeun,M
Roewen,F
Roewyn,F
Roey,M
Rofela,F
Rofi,M
Rofia,F
Rofri,M
Rogan,M
Rogar,M
Rogdon,M
Rogel,M
Rogeli,M
Rogelia,F
Rogelio,M
Rogelito,M
Rogelle,F
Rogen,M
Rogena,F
Rogene,F
Rogenia,F
Roger,M
Roger-Ernest,M
Rogerick,M
Rogerio,M
Rogers,M
Roget,M
Roggie,M
Roghan,M
Roghia,F
Rogie,M
Rogina,F
Rogue,Unisex
Roh,F
Roha,F
Rohaam,M
Rohaan,M
Rohad,M
Rohail,M
Rohak,M
Roham,M
Rohan,M
Rohana,F
Rohandeep,M
Rohani,F
Rohanjit,M
Rohann,Unisex
Rohanna ,F
Rohanpreet,M
Rohat ,M
Rohayu,F
Rohdell,M
Rohdy,M
Rohee,F
Roheeda,F
Roheel ,M
Roheen,F
Rohen,M
Rohena,F
Rohey ,F
Rohid ,M
Rohie,F
Rohil,M
Rohima ,F
Rohin,M
Rohina ,F
Rohinesh,M
Rohini,F
Rohinish,M
Rohinton,M
Rohit,M
Rohith,M
Rohitpreet,M
Rohm,M
Rohma,F
Rohman,M
Rohn,M
Rohnan,M
Rohnda,F
Rohnder,F
Rohnie,M
Rohnish,M
Rohnyn,M
Rohrik,M
Rohry,M
Rohsaan,F
Rohul,M
Rohun,M
Roi,Unisex
Roiann,F
Roianne,F
Roick,M
Roiden,M
Roie,F
Roihit,M
Roina,F
Roine,F
Roise,F
Roiseen,F
Roisena,F
Roishene,F
Roisin,F
Roisin-ruby,F
Roiza,F
Roizen,M
Roizy,F
Roj ,M
Roja,F
Rojan,Unisex
Rojbin ,F
Rojda ,F
Roje,M
Rojean,F
Rojeen,F
Rojelio,M
Rojerozab,M
Rojevahn,F
Rojhat ,M
Rojhay,M
Rojhiane,M
Rojin ,F
Rojina,F
Rojine,F
Rojmelin,F
Rojun,M
Rojus ,M
Rok,M
Roka,M
Rokaiya,F
Rokan,M
Rokas,M
Rokaya,F
Rokayle,F
Rokeem,M
Rokeisha,F
Rokelle,F
Rokesha,F
Rokeshia,F
Rokeya,F
Rokhaya,F
Rokheya,F
Rokhini,F
Rokia,F
Rokiatou,F
Rokisha,F
Rokiya,F
Rokko,M
Roko,M
Roksana,F
Roksandra,F
Rokus,M
Roky,M
Rokya,F
Rola,F
Rola-Abdul,F
Rolah,F
Rolaine,F
Rolan,M
Roland,M
Rolanda,F
Rolandas,M
Rolande,F
Rolando,M
Rolands,M
Rolann,F
Rolanna,F
Rolayne,F
Roldan,M
Roleen,Unisex
Rolen,M
Rolena,F
Rolene,F
Roley,M
Roleyn,F
Rolf,M
Rolf-jurgen,M
Rolfe,M
Rolica,F
Rolie,M
Rolin,M
Rolinda,F
Roline,F
Rolinka,F
Rolisha,F
Rolken,M
Roll,M
Rolla,M
Rollan,M
Rolland,M
Rollanda,F
Rollande,F
Rollee,F
Rollen,M
Rollend,M
Rollene,F
Rolley,M
Rollie,M
Rollin,M
Rollins,M
Rollo,M
Rollon,M
Rolly,M
Rollyn,M
Rolman,M
Rolonda,F
Rolondo,M
Roloson,M
Rolph,M
Rolston,M
Rolton,M
Rolunda,F
Roly,M
Rolyn,M
Rolynd,M
Rolynn,F
Rom,M
Roma,F
Romaan,M
Romaana ,F
Romaeo ,M
Romahn ,M
Romai ,M
Romail,M
Romain,M
Romaine,Unisex
Romaio ,M
Romair,M
Romaisa,F
Romal,M
Romalda,F
Romaldo,M
Romale,M
Romali,F
Romalis,M
Roman,M
Roman-Boston,M
Roman-Ivan,M
Roman-Lee ,M
Roman-marek,M
Romana,F
Romanadveratrelunder,F
Romance,M
Romanda,F
Romande,M
Romando,M
Romane,Unisex
Romaneddy,M
Romanee,F
Romaney,F
Romani,Unisex
Romania,F
Romanie ,F
Romanii ,F
Romanina,F
Romanita,F
Romann ,M
Romanna,F
Romano,M
Romans ,M
Romantino,M
Romanus,M
Romany ,F
Romany-Rose ,F
Romao ,M
Romar,M
Romare,M
Romareo ,M
Romari,M
Romaric,M
Romarico,M
Romario,M
Romarion,M
Romarni ,M
Romarno ,M
Romaro,M
Romarr,M
Romart,M
Romas,M
Romasa,F
Romauldo,M
Romay,F
Romaya ,F
Romayne,F
Romaysa ,F
Romby,M
Romco,M
Rome,M
Romedal,F
Romee ,F
Romeena,F
Romeesa,F
Romeido,M
Romeio,M
Romeisha,F
Romeka,F
Romel,M
Romela,F
Romelda,F
Romelia,F
Romelio,M
Romell,M
Romella,F
Romelle,Unisex
Romello,M
Romellow,M
Romelo,M
Romen,M
Romeo,M
Romeo-vamour,M
Romer,M
Romere,M
Romero,M
Romesa ,F
Romesh ,M
Romesha,F
Romeshia,F
Romessa ,F
Rometta,F
Romey,Unisex
Romez,M
Romi,F
Romia,F
Romiah,F
Romie,Unisex
Romika,F
Romil,M
Romilda,F
Romile,M
Romillie ,F
Romilly,F
Romily ,F
Romin,M
Romina,F
Rominna,F
Romio,M
Romir,M
Romisa,F
Romit,M
Romita,F
Romiya,F
Romiyah,F
Romjay,M
Romka,F
Romla,F
Romlea,F
Romley,F
Rommel,M
Rommell,M
Rommi,F
Rommie,M
Rommy,Unisex
Romney,Unisex
Romola,F
Romolo,M
Romon,M
Romona,F
Romond,M
Romonda,F
Romondo,M
Romone,M
Romoney,F
Romonia,F
Romonica,F
Romono,M
Romßn,M
RomTo,M
Romuald,M
Romualdas,M
Romualdo,M
Romulo,M
Romulus,M
Romunda,F
Romus,M
Romy,F
Romy-kathleen,F
Romya,F
Romyn,M
Romzie,M
Ron,M
Rona,F
Rona-Marie,F
Ronaca,F
Ronada,F
Ronae,F
Ronaele,F
Ronai,F
Ronak,M
Ronakh,M
Ronakvir,M
Ronal,M
Ronald,M
Ronald-heinz,M
Ronalda,F
Ronaldas ,M
Ronaldinho,M
Ronaldino,M
Ronaldo,M
Ronalds,M
Ronaldus,M
Ronalee,F
Ronalei,F
Ronalene,F
Ronalie,F
Ronalyn,F
Ronan,M
Ronan-james,M
Ronando,M
Ronar ,M
Ronasia,F
Ronata,F
Ronatty,M
Ronav,M
Ronay ,F
Ronaya,F
Roncia,F
Roncie,F
Ronda,F
Rondaa,F
Rondah,F
Rondal,M
Rondald,M
Rondale,M
Rondall,M
Rondallyn,F
Rondalyn,F
Rondarious,M
Rondarius,M
Ronde,M
Rondee,F
Rondeep,M
Rondel,M
Rondell,M
Rondella,F
Rondelle,Unisex
Ronderick,M
Rondey,M
Rondez,M
Rondha,F
Rondi,F
Rondia,F
Rondie,Unisex
Rondle,M
Rondo,M
Rondol,M
Rondon,M
Rondre,M
Rondrick,M
Rondy,M
Rone,M
Ronea,F
Roneal,M
Ronece,F
Ronecia,F
Ronee,F
Roneel,M
Roneesh,M
Roneesha,F
Roneet,M
Roneeta,F
Roneika,F
Roneil,M
Roneisha,F
Roneka,F
Ronekia,F
Ronel,M
Ronela ,F
Ronelda,F
Ronell,Unisex
Ronella,F
Ronelle,Unisex
Ronelo,M
Ronen,M
Roneo,M
Ronesh,M
Ronesha,F
Roneshia,F
Ronesia,F
Ronessa,F
Ronetta,F
Ronette,F
Roneva,F
Roney,M
Rong,Unisex
Rongan,M
Rongel,M
Rongjia,F
Rongyan,F
Rongzhen,F
Roni,Unisex
Ronia,F
Roniah,F
Ronic,M
Ronica,F
Ronice,F
Ronicia,F
Ronick,M
Ronicka,F
Ronie,Unisex
Roniece,F
Roniel,M
Ronielle,F
Roniesha,F
Ronik ,M
Ronika,F
Roniksha,F
Ronil,M
Ronilyn,F
Ronin,M
Ronin-Axel,M
Ronin-Mae,F
Ronine,F
Roniqua,F
Ronique,F
Ronise,F
Ronish,M
Ronisha,F
Ronishia,F
Ronisue,F
Ronit,Unisex
Ronita,F
Ronith,M
Ronitra,M
Ronitta,F
Roniya,F
Roniyah,F
Ronja,F
Ronjaunee,F
Ronjit,M
Ronjohn,M
Ronjot,M
Ronke,F
Ronld,M
Ronlee,F
Ronlyn,F
Ronmar,M
Ronmatthew,M
Ronmel,M
Ronn,M
Ronna,F
Ronnae,F
Ronnah,F
Ronnal,M
Ronnald,M
Ronnalyn,F
Ronnan,M
Ronnasia,F
Ronnay,F
Ronnda,F
Ronne,Unisex
Ronnece,F
Ronnee,F
Ronneisha,F
Ronneka,F
Ronnel,M
Ronnell,M
Ronnella,F
Ronnelle,Unisex
Ronnen,M
Ronnesha,F
Ronneshia,F
Ronnet,F
Ronnett,F
Ronnetta,F
Ronnette,F
Ronney,M
Ronni,F
Ronni-Lynn,F
Ronni-Margaret,F
Ronnia,F
Ronnica,F
Ronnice,F
Ronnie,M
Ronnie-James ,M
Ronnie-Jay ,M
Ronnie-Junior ,M
Ronnie-Lee ,M
Ronnie-Leigh ,F
Ronnie-Lynn,F
Ronnie-May ,F
Ronnie-Ray ,M
Ronnie-Rose ,F
Ronniece,F
Ronniel,M
Ronniesha,F
Ronnika,F
Ronnisha,F
Ronnita,F
Ronniya,F
Ronny,M
Ronnye,Unisex
Ronold,M
Ronon,M
Ronordor,M
Ronreaco,M
Ronreco,M
Ronrico,M
Ronshay,F
Ronslee,F
Ronsley,Unisex
Ronson,M
Ronta,M
Rontae,M
Rontanth,F
Rontarius,M
Rontasia,F
Rontavia,F
Rontavious,M
Rontavis,M
Rontavius,M
Ronte,M
Rontez,M
Rontrell,M
Ronuk,M
Ronveer,M
Ronwaldo,M
Ronwin,F
Ronwyn,Unisex
Ronwyne,F
Rony,M
Ronya,F
Ronyae,F
Ronyn,M
Ronza,F
Ronzel,M
Ronzell,M
Rooaa,F
Roobah,F
Roobee,F
Roody,M
Rooha,F
Roohafza,F
Roohee,F
Roohi,F
Roohie,F
Roohshaan,M
Roohujjal,M
Roojh,M
Rook,M
Rooke,M
Rookie,M
Rookmyn,F
Rooks,M
Rooly,M
Roomana ,F
Roone,M
Rooney,Unisex
Roony,M
Roop ,Unisex
Roopa,F
Roopal,F
Roopalee,F
Roopali,F
Roopan,F
Roopanjeet,F
Roopbir,M
Roopinder,Unisex
Roopjeet,F
Roopjot,F
Roopkamal,F
Roopkiran,F
Rooprajan,M
Roos ,F
Rooseve,M
Roosevelt,M
Rooshil,M
Roosvelt,M
Roozbeh,M
Roozevelt,M
Ropafadzo ,F
Rope,M
Roper,M
Roqaia,F
Roqaiyah,F
Roqaya,F
Roqklynn,M
Roquan,M
Roque,M
Roquel,F
Roran,M
Rordon,M
Roree,F
Roreigh,F
Rorey,Unisex
Rori,F
Rori-Anne,F
Rori-Kate,F
Roric,M
Rorick,M
Rorie,F
Rorik,M
Rorke,M
Rorrick,M
Rorrie,F
Rorry,M
Rortha,F
Rory,Unisex
Rory-James ,M
Rory-Lee,M
Roryalice,F
Roryck,M
Ros,F
Ros-ario,M
Rosa,F
Rosa-alba,F
Rosa-lea,F
Rosa-Lee,F
Rosa-Leigh ,F
Rosa-letteria,F
Rosa-Lina,F
Rosa-lyn,F
Rosa-Lynn,F
Rosa-Lynne,F
Rosa-Maria,F
Rosaalba,F
Rosaangelica,F
Rosabel,F
Rosabell,F
Rosabella,F
Rosabelle,F
Rosaelena,F
Rosaelia,F
Rosaicela,F
Rosaida,F
Rosaire,M
Rosaisela,F
Rosal,F
Rosala,F
Rosalae,F
Rosaland,F
Rosalba,F
Rosale,F
Rosalea,F
Rosaleah,F
Rosalean,F
Rosalee,F
Rosaleen,F
Rosaleeta,F
Rosalei,F
Rosaleigh,F
Rosalena,F
Rosalene,F
Rosaleta,F
Rosaley,F
Rosali,F
Rosalia,F
Rosalie,F
Rosalie-anne,F
Rosalija,F
Rosalik,M
Rosalin,F
Rosalina,F
Rosalind,F
Rosalinda,F
Rosalinde,F
Rosaline,F
Rosaline-Ashley,F
Rosalino,M
Rosalio,M
Rosalisa,F
Rosalita,F
Rosaliya,F
Rosaliyah,F
Rosaliz,F
Rosalla,F
Rosalle,F
Rosalua,F
Rosalva,F
Rosaly,F
Rosalya,F
Rosalyn,F
Rosalyn-Marie,F
Rosalynd,F
Rosalynda,F
Rosalynde,F
Rosalyne,F
Rosalynn,F
Rosalynne,F
Rosalytia,F
Rosama,F
Rosamae,F
Rosamaria,F
Rosamarie,F
Rosamarina,F
Rosamary,F
Rosamay,F
Rosamelia,F
Rosamond,F
Rosamonde,F
Rosamund,F
Rosamunde,F
Rosan,F
Rosana,F
Rosanagh,F
Rosanda,F
Rosandra,F
Rosane,F
Rosanell,F
Rosangel,F
Rosangela,F
Rosangelica,F
Rosann,F
Rosanna,F
Rosanna-Lee,F
Rosannaanne,F
Rosannah ,F
Rosanne,F
Rosanni,F
Rosanny,F
Rosara,F
Rosareo,M
Rosaria,F
Rosarie,F
Rosario,Unisex
Rosary,F
Rosaslie,F
Rosathya,F
Rosaura,F
Rosavadee,F
Rosaya,F
Rosaysela,F
Rosbel,M
Rosca,F
Roschana,F
Roschell,F
Roschelle,F
Rosco,M
Roscoe,M
Rose,F
Rose-AimTe,F
Rose-Albert,F
Rose-Ann ,F
Rose-Anne ,F
Rose-claire,F
Rose-Eva,F
Rose-Ingrid,F
Rose-Julie,F
Rose-Lee,F
Rose-Leigh ,F
Rose-linh,F
Rose-Lynda,F
Rose-Lynn,F
Rose-maria,F
Rose-Marie ,F
Rose-Mary,F
Rose-oriana,F
Rosea,F
Rosea-Maria,F
Roseabella,F
Roseah,F
Rosealan,F
Rosealee,F
Rosealeigh,F
Rosealena,F
Rosealie,F
Rosealina,F
Rosealyn,F
Rosealynn,F
Rosealynne,F
Rosealyse,F
Rosean,Unisex
Roseana,F
Roseangela,F
Roseangeline,F
Roseann,F
Roseanna,F
Roseannah ,F
Roseanne,F
Roseavelt,M
Rosebell,F
Rosebella,F
Rosebelle,F
Rosebud,F
Rosecelindah,F
Rosechany,F
Rosedeep,F
Roseela,F
Roseellen,F
Roseinder,F
Rosejean,F
Rosel,F
Rosela,F
Roseland,F
Roselani,F
Roselanni,F
Roselea,F
Roselean,F
Roselee,F
Roseleen,F
Roseleena,F
Roseleigh,F
Roselena,F
Roselene,F
Roseley,F
RoselFne,F
Roseli,F
Roselia,F
Roselida,F
Roselie,F
Roselin,F
Roselina,F
Roselind,F
Roselinda,F
Roseline,F
Roselio,M
Rosell,Unisex
Rosella,F
Rosellar,F
Roselle,F
Rosellen,F
Rosellie,F
Rosellin,F
Roselma,F
Roselouise,F
Rosely,F
Roselyn,F
Roselyne,F
Roselynn,F
Roselynne,F
Rosemae,F
Rosemaire,F
Rosemanie,F
Rosemaree,F
Rosemari,F
Rosemaria,F
Rosemarie,F
Rosemarie-ann,F
Rosemarie-wilemina,F
Rosemariya,F
Rosemarry,F
Rosemary,F
Rosemary-ann,F
Rosemary-margorie,F
Rosemary-sussana,F
Rosemay,F
Rosemerciany,F
Rosemerrie,F
Rosemery,F
Rosemey,F
Rosemin ,F
Rosemithe,F
Rosemma,F
Rosemond,F
Rosena,F
Rosena-suzette,F
Rosenda,F
Rosendo,M
Rosene,F
Rosenell,F
Rosengela,F
Rosenia,F
Rosenna,F
Rosenwyn ,F
Roser,F
Roserline,F
Rosesenia,F
Rosetta,F
Rosetta-angela,F
Rosetta-jane,F
Rosetta-maria,F
Rosetta-rosmunda,F
Rosette,F
Rosetter,F
Rosettia,F
Roseveer,M
Rosevell,M
Rosevelt,M
Rosevinder,F
Rosewyn,F
Rosey,F
Rosezana,F
Rosezane,F
Rosezanna,F
Rosezell,F
Rosezella,F
Rosezena,F
Rosezetta,F
Rosezia,F
Rosezina,F
Rosh,M
Rosha,F
Roshaad,M
Roshaan ,M
Roshad,M
Roshae,F
Roshan,M
Roshan-lee,F
Roshana,F
Roshanak ,F
Roshanda,F
Roshandra,F
Roshane,M
Roshani,F
Roshanna,F
Roshanne,F
Roshant,M
Roshanta,F
Roshany,F
Roshard,M
Roshaud,M
Roshaun,Unisex
Roshaunda,F
Roshawn,Unisex
Roshawna,F
Roshawnda,F
Roshay,F
Roshdi,M
Roshea,F
Rosheda,F
Rosheen,F
Rosheena,F
Rosheka,F
Roshel,F
Roshell,F
Roshelle,F
Roshen ,M
Roshena,F
Roshida,F
Roshika,F
Roshika-Sharie,F
Roshimala,F
Roshin,F
Roshina,F
Roshini,F
Roshir,M
Roshney,F
Roshni,F
Roshod,M
Roshon,Unisex
Roshonda,F
Roshondra,F
Roshonna,F
Roshun,Unisex
Roshunda,F
Roshundra,F
Rosi,F
Rosia,F
Rosibel,F
Rosicela,F
Rosie,F
Rosie- ,F
Rosie-Ann ,F
Rosie-Anne ,F
Rosie-Belle ,F
Rosie-Beth ,F
Rosie-Grace ,F
Rosie-Izabella,F
Rosie-Jane ,F
Rosie-Lea ,F
Rosie-Lee ,F
Rosie-Leigh ,F
Rosie-Mae ,F
Rosie-Mai ,F
Rosie-Marie ,F
Rosie-May ,F
Rosie-Rae ,F
Rosielee,F
Rosieleigh ,F
Rosiemay,F
Rosier,M
Rosietta,F
Rosika,F
Rosiland,F
Rosilda,F
Rosile,F
Rosilee,F
Rosilie,F
Rosilin,F
Rosilind,F
Rosily,F
Rosilyn,F
Rosilynn,F
Rosin,F
Rosina,F
Rosine,F
Rosinella,F
Rosio,F
Rosisela,F
Rosita,F
Rositta,F
Rosivitta,F
Rosko ,M
Roslan,M
Rosland,F
Rosleen,F
Roslene,F
Roslie,F
Roslin,F
Roslind,F
Roslinn,F
Roslyn,F
Roslyn-ann,F
Roslyne,F
Roslynn,F
Roslynne,F
Rosmarie,F
Rosmary,F
Rosmeri,F
Rosmery,F
Rosmine,F
Rosmund,F
Rosney,F
Rosny,F
Rosolino,M
Rosolyn,F
Rosonda,F
Ross,M
Ross-byron,M
Ross-lyn,M
Ross-paul,M
Rossalind,F
Rossalyn,F
Rossalynd,F
Rossalynn,F
Rossamary-Grace,F
Rossamia,F
Rossana,F
Rossann,F
Rossanna,F
Rossanne,F
Rossano,M
Rossario,M
Rossbie-Merrel,F
Rossco,M
Rosse,F
Rosseena,F
Rosselin,F
Rossella,F
Rosselyn,F
Rossene,F
Rosser,M
Rosseta,F
Rossetta,F
Rossi,Unisex
Rossibell,F
Rossie,Unisex
Rossieanna,F
Rossilyn,F
Rossim,F
Rossita,F
Rossiter,M
Rosslan,M
Rosslee,F
Rossley,F
Rosslin,F
Rosslyn,F
Rosslynd,Unisex
Rosslyne,F
Rosslynn,F
Rosslynne,F
Rossman,M
Rossmary,F
Rosston,M
Rosstyn,M
Rosswell,M
Rossy,F
Rostam,M
Rostin,M
Rostislav,M
Rostom,M
Roston,M
Rostyn,M
Rostyslaw,M
Rosul,F
Rosvelt,M
Rosvita,F
Roswell,M
Roswin,Unisex
Roswita,F
Roswita-bernardina,F
Roswitha,F
Roswyn,F
Rosy,F
Rosylee,F
Rosylin,F
Rosyln,F
Rosylyn,F
Rosylynn,F
Rosyn,F
Rosyth,M
Roszalia,F
Roszella,F
Roszetta,F
Rotasha,F
Rotceh,F
Rote,F
Rotem,Unisex
Roth,M
Rotha,F
Rothana,Unisex
Rothanack,M
Rothanak,M
Rothay,F
Rothchakria,F
Rothko,M
Rothna,F
Rothwell,M
Rotimi,M
Rotisha,F
Rotolfo,M
Rotonda,F
Rotonia,F
Rotonya,F
Rotsy,F
Rottanak,M
Rotunda,F
Roua,F
Roualyn,M
Roub,M
Rouba,Unisex
Roubina,F
Roubini,F
Rouchelle,F
Roudayna,F
Roudolph,M
Roudy,M
Rouel,M
Rouen,Unisex
Roufida,F
Rougan,M
Rouge,Unisex
Rougui,F
Rouguiatou,F
Rouhana,M
Rouhee,F
Rouhya,F
Rouille,F
Roujay,M
Roujea,F
Roujhan,F
Roukaya,F
Roukya,F
Roul,M
Roula,F
Rouland,M
Rouldph,M
Roulette,F
Roulla,F
Roumaissa ,F
Roumbini,F
Roun,Unisex
Rounak,M
Roung,M
Rourk,M
Rourke,M
Rourt,M
Rousey,F
Roushan,F
Roushdi,M
Rousle,F
Rouslun,M
Rousseau,M
Rouwaide,F
Rouwayda,F
Roux,Unisex
Rouya,F
Rouyi,F
Rovanna,F
Rove,M
Roveen,M
Rovella,F
Rovena,F
Rovenia,F
Roverta,F
Roverto,M
Rovian,F
Rovic,M
Rovick,M
Rovid,M
Rovie,F
Rovilla,F
Rovin,M
Rovina,F
Rovind,M
Rovon,M
Row-anne,F
Rowa,F
Rowad,M
Rowada,F
Rowaid,M
Rowaida,F
Rowallan,M
Rowan,Unisex
Rowan-Rain,F
Rowana,F
Rowand,M
Rowane,F
Rowann,F
Rowanna,F
Rowanne ,F
Rowaun,M
Rowayda ,F
Rowaydh,F
Rowda ,F
Rowden,M
Rowdie,M
Rowdy,M
Rowe,M
Roweana,F
Rowee,F
Roweel,M
Roweena,F
Rowel,M
Rowela,F
Rowell,M
Rowen,Unisex
Rowen-Rose,F
Rowena,F
Rowene,F
Rowenia,F
Rowenna,F
Rowenne,F
Roweyah,F
Rowhan,M
Rowida,F
Rowie,F
Rowin,M
Rowkiya,F
Rowland,M
Rowley,M
Rowlland,M
Rowly,M
Rowman,M
Rownan,M
Rownell,M
Rownin,M
Rowrenia,F
Rowtha,F
Rowwel,M
Rowyn,Unisex
Rowyna,F
Rowyne,F
Rowynn,F
Rowynne,F
Rox,F
Rox-Ann,F
Rox-Anne,F
Roxa,F
Roxaan,F
Roxan,F
Roxana,F
Roxane,F
Roxani,F
Roxann,F
Roxanna,F
Roxanne,F
Roxanne-Bichtram,F
Roxanne-Julia,F
Roxarn,F
Roxas,M
Roxayne,F
Roxcy,F
Roxeann,F
Roxeanne,F
Roxee,F
Roxen,M
Roxena,F
Roxene,F
Roxette,F
Roxey,F
Roxi,F
Roxi-Leigh ,F
Roxianne,F
Roxie,F
Roxii,F
Roxine,F
Roxith,M
Roxley,M
Roxolana,F
Roxoliana,F
Roxsan,F
Roxsana,F
Roxsand,F
Roxsane,F
Roxsanne,F
Roxton,M
Roxxane,F
Roxxanne,F
Roxxena,F
Roxxi,F
Roxxie,F
Roxxy,F
Roxy,F
Roxy-Leigh ,F
Roxzen,M
Roy,M
Roy-avink,M
Roy-milad,M
Roya,F
Royace,M
Royal,M
Royal-mythias,M
Royale,Unisex
Royalene,F
Royalin,F
Royall,M
Royalle,F
Royalling,M
Royalpratap,M
Royaltee,F
Royalti,F
Royalty,Unisex
Royam,M
Royan,M
Royann,F
Royanna,F
Royanne,F
Royce,M
Roycelyn,F
Roycen,M
Royceston,M
Roychella,F
Royd,M
Royden,M
Roydin,M
Roydn,M
Roydon,M
Roye,Unisex
Royel,Unisex
Royelle,F
Royem ,M
Royer,M
Royesha,F
Royetta,F
Royette,M
Royinder,M
Roylana,F
Royle,M
Royleah,F
Roylee,M
Roylene,F
Roylin,M
Royline,F
Roylynn,F
Roylynne,F
Roynell,M
Roynesha,F
Royse,M
Royslea,F
Royson,M
Roysten,M
Royster,M
Royston,M
Royston-luke,M
Royzell,M
Roz,F
Roza,F
Roza-marie,F
Rozabella,F
Rozaiah,F
Rozalee,F
Rozali,F
Rozalia,F
Rozalie,F
Rozalin,F
Rozalind,F
Rozalyn,F
Rozalynn,F
Rozama,F
Rozan,F
Rozana,F
Rozanah,F
Rozanda,F
Rozann,F
Rozanna,F
Rozanne,F
Rozaria,F
Rozario,M
Rozay,Unisex
Roze,F
Rozeel,F
Rozeen,F
Rozeena ,F
Rozel,M
Rozelia,F
Rozelin ,F
Rozell,Unisex
Rozella,F
Rozelle,F
Rozellia,F
Rozelyn,F
Rozemarijn,F
Rozena,F
Rozene,F
Rozenia,F
Rozenne,F
Rozerin ,F
Rozeta,F
Rozetta,F
Rozette,F
Rozh ,M
Rozi ,F
Rozia,F
Rozie,F
Rozier,M
Rozilyn,F
Rozin,Unisex
Rozina,F
Rozine,F
Rozita,F
Roziya,F
Roziye,F
Rozlin,F
Rozlyn,F
Rozlynn,F
Rozmari,F
Rozmeen,F
Rozmeri,F
Rozmeriv,F
Rozmina,F
Rozney,F
Rozsanna,F
Rozsi,F
Rozy ,F
Rozza,F
Rozzamon,F
Rozzie,F
Rozzlyn,F
Rpbert,M
Rraevan,F
Rreanna,F
Rreon,F
Rrok,M
Rron ,M
RTal,M
RTal-Marc,M
RTalle,F
RTanne,F
RTjean,M
RTmi,M
RTmy,M
RTmy-Marie,F
RTnea,F
Ru,F
Ru-hsin,F
Ru-Yi,M
Rua,F
Rua-latika-madika-lee,F
Ruaa,F
Ruaana,F
Ruach,M
Ruadhan ,M
Ruadri,M
Ruah,F
Ruaia,F
Ruaidhri ,M
Ruairf,F
Ruairi,M
Ruairidh ,M
Rual,M
Ruan,M
Ruann,F
Ruaraidh ,M
Ruarf,M
Ruari,Unisex
Ruaridh ,M
Ruark,M
Ruaumoko,M
Ruawai,F
Ruay,M
Ruazel,M
Ruba,F
Rubaab ,F
Rubab,F
Rubah,F
Rubaiyat,M
Rubal,F
Ruban,M
Rubani,F
Rubayat,M
Rubaz,M
Rubbal,M
Rubben,M
Rubbie,F
Rubby,F
Rube,M
Rubeal,M
Rubecka,F
Rubee,F
Rubeen,Unisex
Rubeena ,F
Rubein,M
Rubel,M
Rubell,F
Rubelle,F
Ruben,M
Ruben-James ,M
Ruben-lee,M
Rubena,F
Rubenia,F
Rubens,M
Rubert,M
Ruberta,F
Ruberto,M
Rubey,F
Rubi,F
Rubi-Ann,F
Rubi-Cella,F
Rubi-jean,F
Rubi-joy,F
Rubi-Mae ,F
Rubi-Mai ,F
Rubi-marie,F
Rubi-rose,F
Rubi-sioux,F
Rubia,F
Rubiana,F
Rubianna,F
Rubiarna,F
Rubicela,F
Rubicelia,F
Rubie,F
Rubie-faith,F
Rubie-Leigh ,F
Rubie-Mae ,F
Rubie-Mai ,F
Rubie-May ,F
Rubie-Rose ,F
Rubiee,F
Rubiel,M
Rubin,M
Rubina,F
Rubinder ,Unisex
Rubine,M
Rubini,F
Rubio,M
Rubisela,F
Rubit,F
Rubith,F
Rubjot,F
Ruble,Unisex
Ruby,F
Ruby- ,F
Ruby-Ana,F
Ruby-anais,F
Ruby-Ann ,F
Ruby-Anna ,F
Ruby-Anne ,F
Ruby-Blu ,F
Ruby-Dee,F
Ruby-Ella ,F
Ruby-Ellen ,F
Ruby-ethel,F
Ruby-Faith ,F
Ruby-feather,F
Ruby-Grace ,F
Ruby-Jade ,F
Ruby-jae,F
Ruby-Jai ,F
Ruby-Jane ,F
Ruby-Jayne ,F
Ruby-Jean ,F
Ruby-Jo ,F
Ruby-June ,F
Ruby-kaye,F
Ruby-Lea ,F
Ruby-Lee ,F
Ruby-Lei ,F
Ruby-Leigh ,F
Ruby-Lilly ,F
Ruby-Lou ,F
Ruby-Louise ,F
Ruby-Mae ,F
Ruby-maee,F
Ruby-Mai ,F
Ruby-Marie ,F
Ruby-May ,F
Ruby-Monroe,F
Ruby-Rae ,F
Ruby-ray,F
Ruby-Rose ,F
Ruby-Sue ,F
Ruby-Summer ,F
Ruby-Tuesday ,F
Ruby-Violet ,F
Rubyann,F
Rubyanne,F
Rubye,F
Rubyjane,F
RubyJune,F
Rubylee,F
Rubyleigh ,F
Rubylou,F
Rubylynn,F
Rubymae,F
Rubymay ,F
Rubyn,M
Rubyrose,F
Rubystine,F
Ruca,F
Rucan,M
Rucha,F
Ruchali,F
Ruchama,F
Ruchel,F
Ruchelle,F
Ruchi,F
Ruchika,F
Ruchir,M
Ruchita,F
Ruchoma,F
Ruchy,F
Rucille,F
Rucira,F
Rucita,F
Rucker,M
Ruckus,M
Rudaina,F
Rudalph,M
Rudd,M
Ruddie,M
Ruddy,M
Ruddyard,M
Rudean,F
Rudee,F
Rudeen,F
Rudeford,M
Rudell,Unisex
Rudelle,F
Rudene,F
Rudey ,M
Rudhab,F
Rudhra,M
Rudhvi,M
Rudi,Unisex
Rudie,Unisex
Rudina ,F
Rudine,F
Rudis,M
Rudite,F
Rudloph,M
Rudo ,F
Rudolf,M
Rudolfo,M
Rudolph,M
Rudolphe,M
Rudolphina,F
Rudolpho,M
Rudolphus,M
Rudr,M
Rudra,M
Rudraksh,M
Rudrakshi,F
Rudransh,M
Rudraveer,M
Rudwan ,M
Rudy,M
Rudy-Ann,F
Rudy-John,M
Rudy-lee,M
Rudyard,M
Rue,Unisex
Rue-Lynn,F
Rueban ,M
Rueben,M
Ruebenn,M
Ruebin,M
Ruedi ,M
Ruegan,M
Rueger,M
Ruehl,M
Ruei,M
Ruekiyah,F
Ruel,M
Ruell,M
Ruella,F
Ruelle ,F
Ruena,F
Ruenell,F
Ruerar,F
Ruey,Unisex
Rufa,F
Rufaida ,F
Rufaidah ,F
Rufaro ,F
Rufas,M
Rufaydah ,F
Rufe,M
Rufeal-Kidane,M
Rufes,M
Ruff,M
Ruffin,M
Ruffus,M
Rufina,F
Rufino,M
Rufio,M
Rufiya,F
Ruford,M
Rufta,F
Rufus,M
Rugaia,F
Rugar,M
Rugayyah,F
Rugenia,F
Ruger,M
Ruggero,M
Ruggiero,M
Rugheieh,F
Rugiatu,F
Rugiero,M
Rugile ,F
Rugiramisangwa,M
Rugved,M
Ruhaan,M
Ruhaani,F
Ruhab ,Unisex
Ruhain,M
Ruhal ,M
Ruhama,F
Ruhamah,F
Ruhan,M
Ruhani,F
Ruhbi-lee,F
Ruhe ,F
Ruhee,F
Ruheen,F
Ruhel ,M
Ruhena ,F
Ruhi,F
Ruhika,F
Ruhin,Unisex
Ruhina ,F
Ruhita,F
Ruhiyyih,F
Ruhma ,F
Ruhpreet,F
Ruhshona,F
Ruhta,F
Ruhu'llah,M
Ruhul ,M
Ruhullah,M
Ruhundaka,M
Rui,M
Rui-xi,F
Rui-yan,F
Ruian,M
Ruibian,M
Ruidou,F
Ruie,F
Ruihang,M
Ruijie,F
Ruilin,Unisex
Ruiqi,F
Ruiqian,M
Ruiting,F
Ruixi,F
Ruiyan,F
Ruiyuan,M
Ruiyue,F
Ruiz,M
Ruizhe,M
Rujdip,F
Rujelyn,F
Rujina ,F
Rujira,F
Rujneet,F
Ruju,F
Rujul,M
Rujuta,F
Ruka,Unisex
Rukaiya ,F
Rukaiyah,F
Rukana,M
Rukash,F
Rukaya,F
Rukayah ,F
Rukayat,F
Rukayya ,F
Rukayyah ,F
Ruken ,F
Rukeya,F
Rukhma,F
Rukhsaar ,F
Rukhsana ,F
Rukhsar,F
Rukhshan,F
Rukia,F
Rukiya,F
Rukiye ,F
Rukkiyya,F
Rukmi,F
Rukmini,F
Ruksaar ,F
Ruksana ,F
Ruksar ,F
Rukshaar,F
Rukshana ,F
Rukundo,F
Rukxsanna,F
Rula,F
Rulah,F
Rulanne,F
Rulesh,M
Rulf,M
Rulianti,F
Rulla,F
Rulon,M
Ruly,F
Ruma ,F
Rumaan ,Unisex
Rumaana ,F
Rumaanah ,F
Rumah,F
Rumaisa,F
Rumaisah ,F
Rumaithah ,F
Rumaiza,F
Rumalda,F
Rumaldo,M
Ruman,Unisex
Rumana,F
Rumanah ,F
Rumandeep,F
Rumaya,F
Rumayo,M
Rumaysa,F
Rumaysaa ,F
Rumaysah,F
Rumbidzai ,F
Rumdeep,F
Rumeal,M
Rumeet,F
Rumeisa ,F
Rumel ,M
Rumell,F
Rumena ,F
Rumer,F
Rumesa ,F
Rumesh,M
Rumessa ,F
Rumeur,F
Rumeysa ,F
Rumi,Unisex
Rumiao,M
Rumina,F
Rumini,F
Rumman ,M
Rummanah ,F
Rummel,M
Rummy,M
Rumneek,F
Rumnik,F
Rumnique,F
Rumon,F
Rumonda,F
Rumone,M
Rumor,F
Rumour,F
Rumour-lilly,F
Rumsey,M
Rumsha ,F
Runa,F
Runako,Unisex
Runar,M
Runbo,M
Rund,F
Runda,F
Rundle,M
Rundy,M
Rune,M
Runell,F
Runelle,F
Runelyn,F
Runette,F
Rung,M
Runhua,F
Runi,M
Runnie,M
Running,M
Runor,M
Runpal,M
Runqi,F
Runveer,M
Runy,F
Ruo ,F
Ruoh-Yeng,F
Ruolin,F
Ruon,M
Ruoshuang,F
Ruoshui,F
Ruot,M
Ruoxi,F
Ruoxuan,F
Ruoyan,F
Ruozhuo,M
Rupa,F
Rupal,F
Rupali,F
Rupam,F
Rupangi,F
Rupanjit,F
Rupanuga,M
Rupdeep,F
Rupeena,F
Rupen,M
Rupert,M
Ruperta,F
Ruperto,M
Rupesh,M
Rupi,F
Rupin,M
Rupinder,F
Rupman,F
Rupneet,F
Ruppert,M
Rupreet,F
Rupsikha,F
Rupvinder,M
Ruqaia,F
Ruqaiya,F
Ruqaiyah,F
Ruqaiyya ,F
Ruqaiyyah ,F
Ruqaya,F
Ruqayah,F
Ruqayya,F
Ruqayyah,F
Ruqia ,F
Ruqiya,F
Ruqiyah ,F
Ruqqaya ,F
Ruqqayah ,F
Ruquaiyeh,F
Rural,M
Ruri,F
Rurik,M
Rury,M
Rus,Unisex
Rusafa,F
Rusana,F
Rusbel,M
Ruscelle,F
Rusel,M
Rusell,M
Ruselle,M
Rush,M
Rusha,F
Rushabh,M
Rushad,M
Rushan ,M
Rushane ,M
Rushank,M
Rushann,F
Rushaun ,M
Rushawn,M
Rushay,F
Rushda,F
Rushdeeyee,F
Rushdinah,F
Rushell,F
Rushelle,F
Rushi,M
Rushia,F
Rushie,F
Rushika,F
Rushil,M
Rushini,F
Rushley,M
Rushna ,F
Rushninder,F
Rushon,M
Rushpa,F
Rushton,M
Rushun,M
Rushvi,F
Rusiate,M
Rusjot,M
Ruskin,M
Ruslan,M
Ruslana,F
Rusmira,F
Rusna,F
Rusne ,F
Rusneet,F
Russ,M
Russchell,F
Russchelle,F
Russecetta,F
Russel,M
Russell,M
Russell-James ,M
Russella,F
Russelle,Unisex
Russet,F
Russhia,F
Russia,F
Russie,F
Russill,M
Russo,M
Russom,M
Russual,F
Russuel,M
Russul,M
Rustam,M
Rustan,M
Rusten,M
Rusti,F
Rustie,F
Rustin,M
Rustina,F
Ruston,M
Rusty,M
Rustyn,M
Ruszell,M
Rut,F
Ruta,F
Rute,F
Rutendo ,F
Rutger,M
Ruth,F
Ruth-Ann,F
Ruth-Anne,F
Ruth-Elizabeth,F
Ruth-emily,F
Ruth-Lin,F
Ruth-louise,F
Ruth-Marie,F
Rutha,F
Ruthalee,F
Ruthan,F
Ruthann,F
Ruthanna,F
Ruthanne,F
Ruthe,F
Ruthel,F
Ruthell,F
Ruthella,F
Ruthelle,F
Ruthellen,F
Ruthelma,F
Ruthena,F
Ruthene,F
Ruther,F
Rutherford,M
Ruthetta,F
Ruthey,F
Ruthford,M
Ruthi,F
Ruthia,F
Ruthie,F
Ruthine,F
Ruthlee,F
Ruthlene,F
Ruthmae,F
Ruthmarie,F
Ruthmary,F
Ruthvik,M
Ruthvika,F
Ruthy,F
Ruthye,F
Rutila,F
Rutilio,M
Rutledge,M
Rutta,F
Ruttana,M
Rutu,F
Ruturaj,M
Rutva,Unisex
Rutvi,F
Rutvik,M
Rutwik,M
Ruvae,F
Ruvani,F
Ruvarashe ,F
Ruveen,M
Ruvel,F
Ruvem,M
Ruven,M
Ruvi,F
Ruvim,M
Ruvimbo ,F
Ruvina,F
Ruwaida,F
Ruwaidah ,F
Ruwail,M
Ruwan ,M
Ruwayda,F
Ruwaydah ,F
Ruwayfi,M
Ruweda,F
Ruweyda,F
Ruxandra,F
Ruxin,M
Ruxton,M
Ruy,M
Ruya,F
Ruyee,F
Ruyi,Unisex
Ruyter,M
Ruza,F
Ruzain,M
Ruzan,Unisex
Ruzanna,F
Ruzdi,M
Ruzena ,F
Ruzenka,F
Ruzgar,M
Ruzhdi,M
Ruzica,F
Ruzina ,F
Ruzivo,Unisex
Rvnoor,F
Rwan,F
Rwanda,F
Rwot,M
Ry,M
Ry'ann,F
Ry-Ann,F
Ry-Anna,F
Ry-Anne,F
Ry-Lee,F
Ry-leigh,F
Rya,F
Ryaac,M
Ryaan,M
Ryabella,F
Ryack,M
Ryad,M
Ryah,F
Ryahn,M
Ryak,M
Ryal,M
Ryalee,F
Ryall,M
Ryam,M
Ryan,M
Ryan-Chase,M
Ryan-Corey,M
Ryan-david,M
Ryan-Han,M
Ryan-James ,M
Ryan-Jay,M
Ryan-Junior ,M
Ryan-Lee ,M
Ryan-Loren,M
Ryan-philip,M
Ryan-Wade,M
Ryana,F
Ryananthony,M
Ryanbir,M
Ryanchristian,M
Ryanchristopher,M
Ryanda,F
Ryandeep ,M
Ryandel,F
Ryane,F
Ryanella,F
Ryanjacob,M
Ryanjames,M
Ryanjay,M
Ryanjeet,M
Ryanjit,M
Ryanjoseph,M
Ryanlee,M
Ryanmatthew,M
Ryanmichael,M
Ryann,F
Ryann-Elizabeth,F
Ryann-Lee,F
Ryanna,F
Ryanna-Marie,F
Ryannah,F
Ryanne,F
Ryannon,F
Ryanpatrick,M
Ryanpaul,M
Ryansh,M
Ryant,M
Ryanveer ,M
Ryas,M
Ryasia,F
Ryat,M
Ryatt,M
Ryatte,M
Rybbon,F
Ryca,F
Rycardo,M
Ryce,Unisex
Rychard,M
Rychel,M
Rychele,F
Rychelle,F
Ryck,M
Ryckard,M
Rycken,M
Rycki,F
Rycy,F
Ryda,M
Rydae,M
Rydah,M
Rydan,M
Rydder,M
Rydel,Unisex
Rydell,M
Rydelle,M
Ryden,M
Ryder,M
Ryder-Dayne,F
Ryder-james,M
Rydge,M
Rydia,F
Rydice,M
Rydin,M
Rydley,M
Rydon,M
Rydyr,F
Rye,M
Rye-Lee,F
Ryean,Unisex
Ryeanna,F
Ryece,M
Ryeden,M
Ryedon,M
Ryeha,F
Ryeisha,F
Ryeit,M
Ryeker,M
Ryeko,M
Ryel,Unisex
Ryelan,M
Ryeland,M
Ryelee,Unisex
Ryeleen,F
Ryeleigh,F
Ryelen,M
Ryelend,M
Ryeler,M
Ryeley,Unisex
Ryeli,F
Ryelie,F
Ryelin,Unisex
Ryell ,M
Ryelle,F
Ryelli,F
Ryely,M
Ryelyn,F
Ryelynn,F
Ryemmer,M
Ryen,Unisex
Ryenn,F
Ryenne,F
Ryeoto,M
Ryer,M
Ryersen,M
Ryerson,M
Ryese,M
Ryesen,F
Ryesha,F
Ryett,M
Ryette,M
Ryeyaan,M
Rygaard,M
Rygel,M
Ryhab,F
Ryhan,M
Ryhana,F
Ryhanna,F
Ryheem,M
Ryheese,M
Ryheim,M
Ryhker,M
Ryhs ,M
Ryhus,M
Ryia,F
Ryiah,F
Ryian,Unisex
Ryianna,F
Ryic,M
Ryienne,F
Ryilee,F
Ryin,Unisex
Ryion,M
Ryiss,M
Ryissa,F
Ryithe,M
Ryjean,M
Ryjellica,F
Ryk,M
Ryka,F
Rykah,M
Rykan,M
Rykar,M
Ryke,M
Rykeem,M
Ryken,M
Ryker,M
Ryker-Leonard,M
Rykert,M
Ryki,F
Rykia,F
Rykiah,F
Rykin,M
Rykir,M
Rykkar,M
Rykker,M
Rykki,F
Rykkin,M
Ryklar,M
Rykley,M
Ryko,M
Rykr,M
Rykyn,F
Ryl,M
Ryla,F
Rylah,F
Rylaina,F
Rylan,Unisex
Rylan-Reid,M
Rylana,F
Ryland,M
Rylann,Unisex
Rylda,F
Ryle,Unisex
Rylea,F
Ryleah,F
Ryleann,F
Rylee,Unisex
Rylee-claire,F
Rylee-James ,M
Rylee-Jay ,M
Rylee-Jayne,F
Rylee-Jean,F
Rylee-Kris,M
Rylee-Lynn,F
Rylee-Marie,F
RyLee-Rose,F
Ryleeann,F
Ryleeanne,F
Rylei,F
Ryleigh,F
Ryleigh-baden,M
Ryleigh-Jayde,F
Ryleigh-Raye,F
Ryleighann,F
Rylen,Unisex
Rylence,F
Rylend,M
Rylene,F
Rylenn,F
Ryler,M
Ryley,Unisex
Ryley-James ,M
Ryley-Jay ,M
Ryley-Jaye,F
Ryli,F
Rylia,F
Rylie,F
Rylie-Ann,F
Rylie-Anne,F
Rylieann,F
Ryliee,F
Ryliegh,F
Ryliey,Unisex
Rylii,F
Rylin,Unisex
Rylind,M
Ryline,M
Rylinn,F
Ryll,F
Ryllah,F
Ryllan,M
Rylley,F
Ryllie,F
Rylly,M
Ryln,M
Rylon,M
Rylun,M
Rylund,M
Ryly,Unisex
Rylyn,Unisex
Rylynd,Unisex
Rylyne,F
Rylynn,F
Rylynne,F
Rym ,F
Ryma,F
Ryman,M
Rymel,Unisex
Ryn,Unisex
Ryna,Unisex
Rynad ,F
Rynae,F
Rynal,M
Rynald,M
Rynan,M
Rynav,M
Rynda,F
Ryndi,F
Ryne,M
Ryne-Erik,M
Ryneisha,F
Rynell,M
Rynelle,F
Rynesha,F
Rynette,F
Ryniah,F
Rynier,M
Rynik,M
Rynisha,F
Rynlee,F
Rynleigh,F
Rynn,F
Rynne,F
Rynnelle,F
Ryo,M
Ryoan,M
Ryohei,M
Ryoko,F
Ryoma,M
Ryon,M
Ryonen,F
Ryonna,F
Ryordan,M
Ryosuke,M
Ryot,M
Ryota,M
Ryotaro,M
Ryott,M
Ryou,M
Rypal,F
Rypienn,M
Rypley,F
Rypton,M
Ryqual,F
Ryrie,M
Rysa,F
Ryse,M
Rysen,M
Rysha,F
Ryshaun,M
Ryshawn,M
Ryshia,F
Ryshon,Unisex
Rysik,M
Rysiu,M
Ryskyn,M
Ryslin,F
Ryson,M
Ryssa,F
Rystal,F
Rysten,M
Ryston,M
Ryszard,M
Ryszard-michal,M
Rythm,M
Rythom,M
Ryton,M
Rytten,M
Ryu,M
Ryuhei,M
Ryuichi,M
Ryuichi-kane,M
Ryuji,M
Ryujin,M
Ryuk-Nicholas,M
Ryuki,M
Ryun,M
Ryunosuke,M
Ryus,M
Ryusei,M
Ryuu,M
Ryvah,F
Ryvan,M
Ryven,M
Ryver,Unisex
Ryves,M
Ryvin,M
Ryvre,M
Rywayda,F
Ryyan,M
Ryynn,F
Ryza,F
Ryzah,F
Ryzard,M
Ryzdyn,M
Ryze,M
Ryzel,F
Ryzelle,M
Ryzen,M
Ryzer,M
Ryzin,M
Ryzon,M
Rza,M