Uakamuinavi,F
Ualani,F
Uan,M
Uana,F
Uarda,F
Uasien,M
Uasora,F
Uba,F
Ubadah,M
Ubah,F
Ubaid,M
Ubaidah ,M
Ubaidullah,M
Ubald,M
Ubaldo,M
Ubanivrot,M
Ubanok,M
Ubay ,M
Ubayd ,M
Ubaydah ,M
Ubaydullah ,M
Ubayy,M
Uber,M
Uberto,M
Ubeyde,M
Ubhay ,M
Ubolwanna,F
Ubong,M
Ubong-Abasi,M
Ubonwan,F
Ucana,F
Ucef,M
Uchanma,F
Uche,M
Uchechi,F
Uchechukwu,Unisex
Uchechukwuka,M
Uchenna,Unisex
Uciel,M
Uda,F
Udai,M
Udaijit,M
Udaine,F
Udalamatta,M
Udall,M
Udamvir,M
Udana,F
Uday,M
Udaybir,M
Udayjot,M
Udaykunvar,M
Udaypartap,M
Udayraj,M
Udaysah ,F
Udayveer,M
Udayvir,M
Udbhav,M
Udelia,F
Udell,Unisex
Udella,F
Udesh,M
Udey,M
Udham ,M
Udhay,M
Udhaypartap,M
Udhayveer,M
Udheypal,M
Udheyveer,M
Udichi,F
Udit,M
Uditha,M
Udo,M
Udochi,F
Udochukwu,M
Udona,F
Udonis,M
Udonna,Unisex
Udora,F
Uduma,M
Uduochi,M
Udy,F
Uel,M
Uenuku,M
Uetuhena,M
Ufemia,F
Uforo-Abasi,F
Ufuk ,M
Ufuoma,F
Uganda,Unisex
Ugbad ,F
Ugene,M
Ugne,F
Ugnius ,M
Ugo,M
Ugochi,F
Ugochukwu,M
Ugolino,M
Ugonna,Unisex
Ugur ,M
Ugurcan ,M
Uha,F
Uhl,M
Uhura,F
Uhuru,Unisex
Ui'lliam,M
Uighur,M
Uilani,F
Uilliam,M
Uisce ,F
Uisdean,M
Uitualagi,M
Uja,M
Ujaala,F
Ujala,F
Ujama,F
Ujay,M
Ujena,F
Ujin,F
Ujjal,M
Ujjaldidar,M
Ujjalman,F
Ujjwal,M
Uju,F
Ukari,F
Uki,F
Ukiah,M
Uko,M
Ula,F
Uladimir,M
Ulah,F
Ulahnda,F
Ulan,M
Ulana,F
Uland,M
Ulanda,F
Ulang,F
Ulani,F
Ulas,M
Ulaya,F
Ulbrich,M
Uldean,F
Uldene,F
Ulderico,M
Uldine,F
Uldis,M
Uldon,M
Uldrine,F
Uleanya,F
Ules,M
Uless,M
Ulesses,M
Uleta,F
Ulfa,F
Uli,Unisex
Ulia,F
Ulian,M
Uliana,F
Uliania,F
Ulianna,F
Ulice,M
Ulices,M
Ulicia,F
Ulii,M
Uliniya,F
Ulis,M
Ulisa,F
Ulise,M
Ulises,M
Ulisess,M
Ulisis,M
Ulissa,F
Ulisses,M
Ulita,F
Ulizes,M
Uljana ,F
Ulku,F
Ulla,F
Ullanda,F
Ulli,F
Ullrich,M
Ullya,F
Ullysius,M
Ulma,F
Ulmer,M
Ulo,M
Ulonda,F
Ulpijana,F
Ulric,M
Ulrica,F
Ulrich,M
Ulrick,M
Ulrik,M
Ulrika,F
Ulrike,F
Ulshka,F
Ulta,F
Ultan ,M
Ulupano,M
Ulus,M
Ulva,F
Ulyana,F
Ulyess,M
Ulyesses,M
Ulys,M
Ulysee,M
Ulysees,M
Ulyses,M
Ulysess,M
Ulysis,M
Ulyss,M
Ulyssa,F
Ulysse,M
Ulyssee,M
Ulysses,M
Ulyssess,M
Ulyssia,F
Ulyssis,M
Um ,F
Uma,F
Umaad ,M
Umaamah ,F
Umaan ,M
Umadewi,F
Umah ,F
Umaim,F
Umaima,F
Umaimah ,F
Umair,M
Umair-Ben,M
Umaira,F
Umairah ,F
Umaiya ,F
Umaiyah ,F
Umaiyyah ,F
Umaiza,F
Umalbanaen,F
Umama,F
Umamah,F
Umandeep,F
Umang,M
Umanga,M
Umangat,F
Umanuol,M
Umar,M
Umar-Farooq ,M
Umara ,F
Umarah ,F
Umari,M
Umay ,F
Umaya,F
Umayah,F
Umayer ,M
Umayma,F
Umaymah ,F
Umaynah ,F
Umayr ,M
Umayrah ,F
Umayya ,F
Umayyah ,F
Umayza,F
Umbaldo,M
Umbar,M
Umber,F
Umbert,M
Umbertino,M
Umberto,M
Umberto-alberto,M
Umberto-gabriele,M
Umbur,F
Ume,F
Ume-Habiba ,F
Umed,M
Umeed,F
Umeka,F
Umeki,F
Umekia,F
Umeko,F
Umelkhair,F
Umeno,F
Umer,M
Umer-E-Khayam,M
Umera ,F
Umeran,F
Umesh,M
Umeyma,F
Umeyo,F
Umi,F
Umi-Bomani,M
Umika,F
Umile,M
Umima,F
Umit,M
Umita,F
Umm ,F
Umm-E-Habiba ,F
Umm-E-Hani ,F
Umma ,F
Ummaiyha,F
Ummamah,F
Ummar ,M
Ummat-Ul-Zahra,F
Ummay ,F
Ummayah ,F
Ummayyah ,F
Umme,F
Umme-Haani ,F
Umme-Habiba ,F
Umme-Habibah ,F
Umme-Hani ,F
Ummehaani ,F
Ummehani ,F
Ummi ,F
Ummu ,F
Ummul-banin,F
Ummulbaneen,F
Umnia,F
Umoja,M
Umor ,M
Umra,F
Umraa,F
Umrah ,F
Umran ,M
Umrao,M
Umu,F
Umulkhair,F
Umut,M
Umutcan ,M
Un,Unisex
Una,F
Unai ,M
Unais ,M
Unaisa ,F
Unaisah ,F
Unaisi,F
Unaiza,F
Unaizah,F
Unanmed,M
Unathi ,Unisex
Unays ,M
Unaysa ,F
Unaysah ,F
Unberto,M
Unborn,Unisex
Underwood,M
Undine,F
Undinea,F
Undra,Unisex
Undrae,M
Undray,M
Undre,M
Undrea,Unisex
Undria,F
Une,M
Uneata,F
Uneeda,F
Uneek,F
Uneka,F
Uness,M
Ung,M
Ungad,M
Ungku,F
Unia,F
Uniah,F
Unica,F
Unice,F
Unika,F
Unimashi,M
Union,M
Uniqua,F
Unique,F
Uniquea,F
Uniqueka,F
Uniquewa,F
Uniquia,F
Unita,F
Unitus-Judah,M
Unity,F
Universe,M
Uniya,F
Uniyah,F
Unjalee,F
Unjali,F
Unjelika,F
Unk,Unisex
Unknown,Unisex
Unkown,Unisex
Unna,F
Unnabh,M
Unnamalai,F
Unnames,F
Unnati ,F
Unnmaed,M
Unnund,M
Uno,M
Unotjari,M
Unseld,M
Unto,M
Unwoo,F
Unyetta,F
Unyque,F
Unzila,F
Uossef,M
Upali,M
Upasana ,F
Upasna,F
Updesh,M
Upesh,M
Upinder,F
Upjit,F
Upkaar,M
Uplove,M
Upma,F
Upneet,F
Upol,M
Uppkar,F
Uppnit,F
Upreet,F
Upshur,M
Upton,M
Upulitha,F
Uqbah ,M
Uquqtuq,M
Ura,Unisex
Uraiah,M
Uraina,F
Uraine,F
Ural,M
Urana,F
Urania,F
Uranus,F
Urav ,M
Urbain,M
Urban,M
Urbana,F
Urbane,M
Urbano,M
Urbin,M
Urecka,F
Ureeba ,F
Ureka,F
Uren,M
Urena,F
Urenna,F
Ures,M
Uretta,F
Urey,M
Urge,F
Urho,M
Urhonda,F
Uri,M
Uria,M
Uriah,M
Urian,M
Uriana,F
Urias,M
Urica,F
Urie,M
Uriel,M
Uriel-Daniel,M
Urielle,F
Uriey,M
Urijah,M
Urijha,M
Urika,F
Urim ,M
Urina,F
Uririnoghene,F
Urith,F
Uriyah,Unisex
Urja,F
Urji,F
Urlin,M
Urline,F
Urmandeep,M
Urmi,F
Urmila,F
Urniqua,F
Uronda,F
Urooba,F
Urooj,F
Uroosa,F
Uroosh,F
Uros,M
Urosh,M
Ursa,F
Ursala,F
Ursaline,F
Ursel,Unisex
Ursela,F
Ursella,F
Urshala,F
Urshula,F
Ursla,F
Ursuala,F
Ursula,F
Ursula-elizabeth,F
Ursula-kauxra,F
Ursule,F
Ursulee,F
Ursuline,F
Ursulla,F
Urszula,F
Urte ,F
Urtina,F
Uruk,M
Urvashi ,F
Urvi,F
Urvil,M
Urvin,M
Urwa,F
Urwah ,F
Uryah,M
Usaama ,M
Usaamah ,M
Usaid ,M
Usama,M
Usamah,M
Usana,F
Usayd,M
Usbaldo,M
Usef,M
Usha,F
Ushba ,F
Usher,M
Ushma,M
Ushna,F
Ushsahnee,M
Ushvinie,F
Ushwya,F
Usiel,M
Usiju,M
Usma ,F
Usmaan,M
Usmah,F
Usman,M
Usra,F
Ussama ,M
Ussi,F
Ustaat,M
Ustat,F
Ustin,M
Usvaldo,M
Uswa,F
Uswah ,F
Ut,F
Uta,F
Utaara,M
Utah,M
Utahana,F
Utahna,F
Utai,F
Utako,F
Utay,F
Ute,F
Utesin,M
Utha,F
Uther ,M
Uthmaan ,M
Uthman,M
Utibeabasi,M
Utica,F
Utika,F
Utin,M
Utinihtaow,M
Utkarsh,M
Utku ,M
Utopia,F
Utsav,M
Utseoritselaju,M
Uttam,M
Uttej,M
Utukufu,M
Uuno,M
Uva,F
Uvaldo,M
Uvan,M
Uver,M
Uvindu,M
Uvonka,F
Uvraj,M
Uwain,M
Uwais,M
Uwakmfon,M
Uwase-Ariella,F
Uways ,M
Uwe,M
Uweys,M
Uwimana,F
Uxia ,F
Uxsa,F
Uy,M
Uyen,F
Uyen-Nguye,F
Uyen-Phuong,F
Uygurhan-Talha,M
Uyi,Unisex
Uyiosa,M
Uyless,M
Uyohoini,M
Uyrell,M
Uzair,M
Uzay,M
Uzayr,M
Uzeir,M
Uzella,F
Uzezi ,F
Uziah,M
Uzias,M
Uziel,M
Uzma,F
Uzmaan,F
Uzmah,F
Uzo,F
Uzo-Nwaeze,M
Uzoamaka,F
Uzochi,F
Uzochukwu ,M
Uzoma,M
Uzuki,F
Uzuri,F
Uzziah,M
Uzziel,M