V,M
Va,M
Vaadi,M
Vaaldir,F
Vaan,M
Vaander,M
Vaani,F
Vaanika ,F
Vaanya,F
Vaarin,M
Vaaris,M
Vaasu,M
Vabin,M
Vacellie,M
Vachan,M
Vache,M
Vachel,M
Vachon,M
Vacie,F
Vacielle,F
Vacienne,F
Vaciliki,F
Vaclau,M
Vaclav,M
Vada,F
Vadah,F
Vadakis,M
Vadal,M
Vadania,F
Vadden,M
Vaddhana,M
Vadell,M
Vaden,M
Vader,Unisex
Vadhir,M
Vadi,F
Vadia,F
Vadie,F
Vadieh,F
Vadik,M
Vadim,M
Vadin,M
Vadir,M
Vadis,F
Vadna,F
Vadra,F
Vadys,F
Vae,F
Vaeda,F
Vaedra,F
Vaelan,M
Vaelin,F
Vaelon,M
Vaelyn,F
Vaenisha,F
Vaera,F
Vaetta,F
Vafa,M
Vagas,M
Vageesha,F
Vageli,Unisex
Vagelis,M
Vagellis,M
Vaghaun,M
Vaghel,M
Vagif,M
Vagios,M
Vagner,M
Vagshaini,F
Vahagn,M
Vahan,M
Vahe,M
Vahed,M
Vahel,M
Vahid,M
Vahik,M
Vahin,M
Vahini ,F
Vahn,M
Vahram,M
Vai,M
Vaia,F
Vaiben,M
Vaibhav,M
Vaibhavi,F
Vaida,F
Vaideep,F
Vaidehi,F
Vaiden,M
Vaidhehi,F
Vaidik,M
Vaidyn,M
Vaiga,F
Vaikunth,M
Vail,Unisex
Vaila,F
Vaile,Unisex
Vailea,F
Vailynn,F
Vaimoana,F
Vainavi,F
Vaines,M
Vaino,M
Vaiont,M
Vaios,M
Vair,Unisex
Vaira,F
Vaira-baiba,F
Vairah,F
Vairavan,M
Vairden,M
Vairlynn,F
Vairo,M
Vairon,M
Vaisega,M
Vaishali,F
Vaishnav,M
Vaishnavi,F
Vaishnevi,F
Vaishvi,F
Vaitea,F
Vaitiare,F
Vaiva,F
Vajahat,M
Vajeeha,F
Vakare ,F
Vakaris ,M
Vakesha,F
Vakeya,F
Vakila,F
Vakkas ,M
Val,Unisex
Val-Lynn,F
Val-Marie,F
Vala,F
Valada,F
Valaida,F
Valaire,F
Valance,M
Valancia,F
Valanda,F
Valandria,F
Valanka ,F
Valantina,F
Valaree,F
Valari,F
Valaria,F
Valaria-Lauren,F
Valarie,F
Valarmathi,F
Valary,F
Valasia,F
Valasios,M
Valaska,F
Valasta,F
Valaura,F
Valaysia,F
Valbona,F
Valborg,F
Valda,F
Valdean,Unisex
Valdemar,M
Valden,M
Valdene,F
Valder,M
Valdez,M
Valdi,Unisex
Valdimir,M
Valdina,F
Valdine,F
Valdir,M
Valdis,M
Valdis-alfons,M
Valdo,M
Valdon,M
Valdrin,M
Vale,Unisex
Valea,F
Valean,F
Valecia,F
Valeck-Vaughn,M
Valeda,F
Valeen,F
Valeene,F
Valeighya,F
Valeire,F
Valek,M
Valeka,F
Valen,Unisex
Valena,F
Valencia,F
Valencio,M
Valency,F
Valenda,F
Valene,F
Valenica,F
Valenna,F
Valens,Unisex
Valente,M
Valenteena,F
Valentia,F
Valentijn,M
Valentin,M
Valentina,F
Valentine,Unisex
Valentinna,F
Valentino,M
Valenty,M
Valentyna,F
Valenzio,M
Valera,F
Valere,F
Valeree,F
Valeri,F
Valeria,F
Valerian,M
Valeriana,F
Valeriano,M
Valerie,F
Valerie-ann,F
Valerie-Anne,F
Valerieann,F
Valerieanne,F
Valerija ,F
Valerine,F
Valerio,M
Valeriy,M
Valeriya,F
Valeriyan,M
Valery,F
Valerya,F
Valerye,F
Valesca,F
Valesea,F
Valesha,F
Valeshia,F
Valeshia-sheree,F
Valesia,F
Valeska,F
Valesta,F
Valeta,F
Valetina,F
Valetta,F
Valette,F
Valgene,M
Vali,Unisex
Valia,F
Valiana,F
Valiant,M
Valice,M
Valicia,F
Valicity,F
Valien,F
Valiene,F
Valier,Unisex
Valiere,F
Valija,F
Valin,M
Valina,F
Valina-Kae,F
Valincia,F
Valinda,F
Valine,F
Valintina,F
Valintine,M
Valire,F
Valiree,F
Valirie,F
Valisa,F
Valisha,F
Valisia,F
Valisity,F
Valissa,F
Valita,F
Valiyah,F
Valjean,F
Valkyrie,F
Valla,F
Vallah,F
Vallance,M
Vallardade,M
Vallarie,F
Vallary,F
Vallas,M
Valle,F
Vallee,Unisex
Valleena,F
Vallen,Unisex
Vallene,F
Valler,M
Valleri,F
Valleria,F
Vallerie,F
Vallery,F
Valletta,F
Valley,Unisex
Valleyciea,F
Valli,F
Vallie,F
Vallion,M
Vallis,F
Vallista,F
Vallon,Unisex
Vallorie,F
Vallory,F
Vally,F
Vallyn,F
Valma,F
Valmae,F
Valmai,F
Valmarie,F
Valmay,F
Valmir ,M
Valmond,M
Valmore,M
Valnesa,F
Valo,M
Valois,F
Valon,M
Valonda,F
Valontine,M
Valor,M
Valora,F
Valoree,F
Valori,F
Valoria,F
Valorie,F
Valoris,F
Valory,F
Valour,M
Valoy,F
Valoyce,F
Valray,M
Valrea,F
Valree,F
Valri,F
Valrida,F
Valrie,F
Valta,F
Valter,M
Valteri,M
Valters ,M
Valton,M
ValTria-Marie,F
ValTrie,F
Valtteri,M
Valy,F
Valya,F
Valycia,F
Valyn,F
Valyncia,F
Valynda,F
Valyne,F
Valynn,F
Valyntina,F
Valyre,F
Valyssa,F
Vamika,F
Vamsi,M
Vamuye,M
Van,M
Van-Buu,F
Van-hai,M
Van-hieu,M
Van-hong,F
Van-leon,M
Van-Tai,M
Van-Thu,F
Vana,F
Vanae,F
Vananda,F
Vananh,F
Vanasia,F
Vanassa,F
Vanay,F
Vanaya,F
Vanbawimang,M
Vanbiak,M
Vanburen,M
Vance,M
Vancel,M
Vanchita,F
Vancil,M
Vancy,F
Vanda,F
Vanda-lee,F
Vandalai,M
Vandalia,F
Vandam,M
Vandan,M
Vandana,F
Vandany,F
Vandara,M
Vandela,F
Vandelia,F
Vandell,M
Vandella,F
Vanden,M
Vander,M
Vanderbilt,M
Vanderlei,M
Vandetta,F
Vandhana,F
Vandhna,F
Vandi,F
Vanditha,F
Vandiver,M
Vandon,M
Vandora,F
Vandra,F
Vandrae,F
Vandrea,F
Vandred,M
Vandy,Unisex
Vandyn,M
Vane,M
Vanea,F
Vanecia,F
Vaneda,F
Vanee,F
Vaneesa,F
Vaneesha ,F
Vaneessa,F
Vaneet,F
Vaneeta,F
Vaneeza,F
Vaneigha,F
Vaneisha,F
Vanek,M
Vaneka,F
Vanella,F
Vanelle,F
Vanellope,F
Vanelly,F
Vanelope,F
Vanely,F
Vanesa,F
Vanesci,F
Vanesha,F
Vaneshia,F
Vanesia,F
Vaness,F
Vanessa,F
Vanessa-anne,F
Vanessa-Hope,F
Vanessa-jane,F
Vanessa-lee,F
Vanessa-Lynn,F
Vanessa-Lynne,F
Vanessa-mae,F
Vanessa-maria,F
Vanessa-Marie,F
Vanessa-Megan,F
Vanessa-Shakira,F
Vanessaanne,F
Vanessah,F
Vanessamarie,F
Vanesse,F
Vanessia,F
Vanesta,F
Vanester,F
Vaneta,F
Vanetta,F
Vanette,F
Vaneza,F
Vanezza,F
Vang,M
Vangamoh,M
Vangel,M
Vangela,F
Vangeli,M
Vangelina,F
Vangelio,F
Vangelis,M
Vangelitsa,F
Vangelli,M
Vangelos,M
Vangie,F
Vanguard,M
Vangy,F
Vani,F
Vania,F
Vaniah,F
Vanian,M
Vanica,F
Vanice,F
Vanicia,F
Vanida,F
Vanie,F
Vaniece,F
Vaniecia,F
Vaniena,F
Vanier,M
Vanies,F
Vanieshia,F
Vaniety,F
Vanij,M
Vanika,F
Vanilla,F
Vanille,F
Vaninder,Unisex
Vanio,M
Vanion,M
Vaniq,M
Vanir,M
Vanis,M
Vanisa,F
Vanise,F
Vanisha,F
Vanissa,F
Vanit,F
Vanita,F
Vanitha,F
Vanitie,F
Vanitpal,F
Vanity,F
Vaniya,F
Vaniyah,F
Vanja,Unisex
Vanja-aleksandar,M
Vanko,M
Vanlyda,F
Vann,M
Vanna,F
Vanna-Lynn,F
Vannah,F
Vannak,M
Vannan,F
Vannara,M
Vannarath,M
Vannary,F
Vannasinh,M
Vannata,F
Vannay,F
Vanndemier,M
Vanneda,F
Vanner,M
Vannesa,F
Vanness,Unisex
Vannessa,F
Vanneta,F
Vannetta,F
Vannette,F
Vannia,F
Vannida,F
Vannie,Unisex
Vannina,F
Vannsothana,M
Vannvoleak,F
Vanny,Unisex
Vannya,F
Vanor,M
Vanora,F
Vans,M
Vansasha,F
Vansh,M
Vanshaj,M
Vanshdeep,M
Vanshi ,F
Vanshika,F
Vanshmika,F
Vanshon,M
Vanshpartap,M
Vansiya,M
Vanson,M
Vansothavy,F
Vantanna,F
Vantasia,F
Vanteen,F
Vanthia,F
Vantrell,M
Vantrice,F
Vanus,M
Vany,F
Vanya,F
Vanyah,F
Vanyel,M
Vanyelle,F
Vanynka,F
Vanz,M
Vanze,M
Vara,F
Varad,M
Varah,F
Varalakshmi,F
Varali,F
Varandeep ,M
Varaprasath,M
Vard,M
Varda,F
Vardaan,M
Vardaanpreet,M
Vardaman,M
Vardan,M
Vardeep,M
Vardell,M
Varden,M
Vardhan,M
Vardhita,F
Vardie,M
Vareck,M
Varee,F
Vareesha,F
Varek,M
Varen,M
Varena,F
Varenya,F
Varetta,F
Varghese,M
Vari,F
Varia,F
Variah,F
Varian,M
Varick,M
Variddhi,M
Varie,F
Varik,M
Varin ,Unisex
Varina,F
Varinder ,Unisex
Varinderjit,M
Varinia,F
Varinka,F
Varino,M
Varion,M
Varis,M
Varish,M
Varisha ,F
Varishdeep,M
Varity,F
Varl,M
Varlen,M
Varna,F
Varnell,Unisex
Varner,M
Varney,M
Varneyta,F
Varnie,F
Varnika,F
Varnikka,F
Varnn,M
Varnoor,M
Varnum,M
Varo,M
Varon,M
Varonda,F
Varonica,F
Varqa,M
Varrie,F
Varro,M
Varsha,F
Varshaa ,F
Varshan ,M
Varshika,F
Varshini,F
Varshita,F
Varshitha,F
Vartan,M
Varun,M
Varunan,M
Varunika,F
Varunpreet,F
Varuttam,M
Varvara,F
Varvaroula,F
Varya ,F
Varyk,M
Vasa,M
Vasalisa,F
Vasanth,M
Vasanti,F
Vasco,M
Vasean,M
Vaseeliki,F
Vasel,M
Vash,M
Vash-Kelly,M
Vasha,F
Vashanti,F
Vashaun,M
Vashawn,M
Vashion,Unisex
Vashist,M
Vashni,F
Vashon,M
Vashonda,F
Vashone,M
Vashtee,F
Vashti,F
Vashtie,F
Vashty,F
Vasi,F
Vasia,F
Vasielikie,F
Vasil,M
Vasilaki,M
Vasilakis,M
Vasile,M
Vasilee,M
Vasilegee,F
Vasileia,F
Vasileios ,M
Vasileos,M
Vasiley,M
Vasili,M
Vasili-savvas,M
Vasilia,F
Vasilije,M
Vasilika,F
Vasilike,F
Vasiliki,F
Vasiliki-marie,F
Vasilikie,F
Vasilikoula,F
Vasiliky,F
Vasilios,M
Vasilios-basil,M
Vasiliou,M
Vasilious,M
Vasilis,M
Vasilisa,F
Vasilissa,F
Vasilius,M
Vasiliy,M
Vasilj,M
Vasille,M
Vasilli,M
Vasillia,F
Vasillie,M
Vasillijes,M
Vasilou,F
Vasily,M
Vasisht,M
Vasken,M
Vasko,M
Vaskor,M
Vaso,Unisex
Vasos,M
Vasoula,F
Vasoulla,F
Vass,M
Vassa,F
Vassaliki,F
Vassar,M
Vasseliki,F
Vassie,F
Vassil,M
Vassileah,F
Vassilena,F
Vassili,M
Vassilia,F
Vassilika,F
Vassilike,F
Vassiliki,F
Vassilikie,F
Vassiliky,F
Vassilios,M
Vassilis,M
Vassilisa,F
Vassillis,M
Vassily,M
Vasso,F
Vassos,M
Vassy,F
Vasta,F
Vasthi,F
Vasti,F
Vastie,F
Vastine,M
Vasu,M
Vasudev,M
Vasudha,F
Vasundhara,F
Vasundhra,F
Vasyl,M
Vasylios,M
Vasylyna,F
Vata,F
Vatalein,F
Vatasha,F
Vatche,M
Vateresio,M
Vathana,M
Vathani,F
Vathasin,M
Vatroslav,M
Vatsa,M
Vatsal,M
Vattana,M
Vattanveer,M
Vatthana,M
Vauda,F
Vaudie,F
Vaudine,F
Vaudis,F
Vaugh,M
Vaughan,M
Vaughn,M
Vaughna,F
Vaughne,M
Vaugn,M
Vauhn,M
Vaulten,M
Vaun,M
Vauna,F
Vaunda,F
Vaune,F
Vaunita,F
Vaunlea,F
Vaunlee,F
Vava,F
Vaven,M
Vawn,Unisex
Vay,F
Vaya,F
Vayah,F
Vayanka,M
Vayda,F
Vaydah,F
Vaydalee,F
Vayden,M
Vayen,M
Vayla,F
Vayle,F
Vayleah,F
Vaylen,M
Vaylene,F
Vayne,M
Vayron,M
Vayun ,M
Vazir,M
Ve,M
Vea,F
Veachel,M
Veaira,F
Veanna,F
Veanne,F
Veaon,M
Vear,F
Vearl,Unisex
Veasna,M
Veatrice,F
Vebha,F
Ved,M
Veda,F
Vedaant,M
Vedad,M
Vedal,F
Vedan,M
Vedang,M
Vedansh,M
Vedanshi,F
Vedant,M
Vedanta,M
Vedanth,M
Vedanti,F
Vedat,M
Vedder,M
Vedette,F
Vedh,M
Vedha,F
Vedhika,F
Vedia,F
Vedic,M
Vedika,F
Veditha,F
Vedkrishna,M
Vedra,F
Vedrana,F
Vedur,M
Vee,F
Vee-anne,F
Vee-Enna,F
Veeda,F
Veedhe,F
Veeha,F
Veejay,M
Veeksha,F
Veelo,M
Veen,F
Veena,F
Veenaporn,F
Veendapi,M
Veenesh,M
Veeonna,F
Veer,M
Veera,F
Veerah,F
Veeraj,M
Veeran ,M
Veeren,M
Veeresh,M
Veerfateh,M
Veerin,M
Veerinder,M
Veerjot,Unisex
Veerpartap ,M
Veersingh,M
Veesha,F
Veeta,F
Veeyan,F
Vega,Unisex
Vegas,Unisex
Vegas-Bean,F
Vegeta,M
Vegha,F
Vehbe,M
Vehin,F
Vehlyn,F
Vei-mei,F
Veia,F
Veida,F
Veidant,M
Veikko,M
Veira,F
Veisha,F
Veiss,F
Vejama,F
Vejas ,M
Vejay,M
Vejer,M
Vek,M
Vel,Unisex
Vela,F
Velah,F
Velan,M
Velana,F
Velanie,F
Velanika,F
Velarie,F
Velcie,F
Velda,F
Veldene,F
Veldia,F
Veldon,M
Velecia,F
Veleda,F
Velega,M
Veleka,F
Velen,F
Velena,F
Velencia,F
Velera,F
Veleria,F
Velerie,F
Veleska,F
Veleta,F
Veletta,F
Veli ,M
Velia,F
Velibor,M
Velica,F
Velice,F
Velicia,F
Velicity,F
Velika,F
Velimir,M
Velina,F
Velinda,F
Velinka,F
Velisa,F
Velisha,F
Velishia,F
Velissa,F
Velita,F
Velizar ,M
Veljko,M
Velkan,M
Velko,M
Vella,F
Velleda,F
Velletta,F
Vello,M
Vellocette,F
Velma,F
Velmar,Unisex
Velmarie,F
Velmer,Unisex
Velmo,F
Velmon,F
Velna,F
Velois,F
Veloneika,F
Velonika,F
Velora,F
Veloria,F
Veloudo,F
Velouria,F
Velsie,F
Velta,F
Veltha,F
Velton,M
Velva,F
Velveeta,F
Velvet,F
Velvett,F
Velvetta,F
Velvette,F
Velvia,F
Velvie,F
Velyzar,M
Vema,F
Vemados,M
Ven,M
Vena,F
Venancio,M
Venanzio,M
Venard,M
Venassa,F
Venavir,M
Venayah,F
Venba,F
Vence,M
Vencenso,M
Vencent,M
Vencenza,F
Venceslaus,M
Venceslav,M
Vencia,F
Vencie,F
Vencil,M
Vency,M
Venda,F
Vendeda,F
Vendela,F
Vendetta,F
Vendla,F
Vendula,F
Venece,F
Venecia,F
Veneda,F
Venedict,M
Venedim,M
Veneita,F
Veneka,F
Venellope,F
Venelope,F
Venera,F
Veneranda,F
Venerdina,F
Venere,F
Venerina,F
Venero,M
Venesa,F
Venese,F
Venesha,F
Veneshia,F
Venesia,F
Venessa,F
Venessia,F
Venesta,F
Veneta,F
Venetia,F
Venetta,F
Venette,F
Veney,F
Venezia,F
Veng,M
Veni,Unisex
Venia,F
Veniamin,M
Venica,F
Venice,F
Venicia,F
Venicio,M
Venida,F
Venie,F
Veniece,F
Venieta,F
Venigio,M
Venika,F
Venila,F
Venis,Unisex
Venisa,F
Venise,F
Venisha,F
Venishia,F
Venissa,F
Venita,F
Venitra,F
Venitta,F
Veniz,M
Venjiemin,M
Venjot,F
Venkat,M
Venkata ,M
Venkatesh,M
Venna,F
Vennela,F
Vennesa,F
Vennessa,F
Venneta,F
Vennetta,F
Vennie,F
Vennis,M
Vennisa,F
Vennisha,F
Venola,F
Venona,F
Venora,F
Venos,F
Venoy,M
Venson,M
Vent,M
Venton,M
Ventrell,M
Ventti,M
Ventura,Unisex
Venture,Unisex
Venturo,M
Venuja,M
Venus,F
Venusa,F
Venusha,M
Venuto,M
Venya,F
Venysa,F
Venyse,F
Venzie,M
Veo,Unisex
Veola,F
Veolia,F
Veon,M
Veona,F
Veonica,F
Veonka,F
Veora,F
Vera,F
Vera-angelike,F
Vera-joy,F
Vera-Lee,F
Vera-Leigh,F
Verabelle,F
Verage,M
Verah,F
Veral,Unisex
Verald,M
Veralee,F
Veralyn,F
Veralynn,F
Veramae,F
Veranda,F
Verania,F
Veranica,F
Veranika,F
Veranne,F
Verayna,F
Verba,F
Verbal,F
Verbena,F
Verbia,F
Verbie,F
Verble,Unisex
Verbon,M
Vercie,F
Verda,F
Verdah,F
Verdale,M
Verdan,M
Verdean,F
Verdeen,F
Verdel,Unisex
Verdell,Unisex
Verdella,F
Verdelle,F
Verden,M
Verdena,F
Verdene,F
Verdet,F
Verdha,F
Verdi,Unisex
Verdia,F
Verdie,F
Verdina,F
Verdine,F
Verdis,Unisex
Verdo,M
Verdon,M
Verdonna,F
Verdun,Unisex
Vere,M
Vereara,F
Vered,F
Vereda,F
Veree,F
Vereen,F
Vereena,F
Vereka,F
Verelle,F
Veren,F
Verena,F
Verenda,F
Verene,F
Verenice,F
Verenis,F
Verenise,F
Verenisse,F
Vereniz,F
Verenize,F
Veretta,F
Verga,F
Vergal,M
Vergara,F
Verge,M
Vergean,F
Vergel,M
Vergelio,M
Vergene,F
Vergia,F
Vergie,F
Vergil,M
Vergin,M
Vergina,F
Verginia,F
Vergnia,F
Veria,F
Verian,F
Verica,F
Veridiana,F
Veridis,F
Veridy,F
Verikatumba,M
Verike,M
Veril,Unisex
Verilea,F
Verilee,F
Verily-Marie,F
Verina,F
Verinda,F
Verinder,M
Verinica,F
Verino,M
Veris,F
Verita,F
Verite,F
Veritey,F
Verity,F
Verity-anne,F
Verity-Evangeline,F
Verity-jayne,F
Verity-Jean,F
Verity-lee,F
Veriuccia,F
Verjean,F
Verjinia,F
Verka,F
Verl,M
Verla,F
Verlain,F
Verlaine,F
Verlan,M
Verlana,F
Verland,M
Verlanda,F
Verlane,F
Verlayne,F
Verle,Unisex
Verlean,F
Verlee,F
Verleen,F
Verlen,Unisex
Verlena,F
Verlene,F
Verlet,F
Verletta,F
Verley,Unisex
Verlia,F
Verlie,F
Verlin,M
Verlina,F
Verlinda,F
Verline,F
Verlis,M
Verlisa,F
Verlla,F
Verlon,Unisex
Verly,F
Verlyn,Unisex
Verlynn,Unisex
Verma,F
Vermel,F
Vermell,F
Vermelle,F
Vermon,M
Vermonica,F
Vermont,Unisex
Vern,M
Vern-tsing,M
Verna,F
Vernabelle,F
Vernada,F
Vernadean,F
Vernadee,F
Vernadeen,F
Vernadette,F
Vernadine,F
Vernae,F
Vernal,Unisex
Vernalee,F
Vernall,M
Vernalle,F
Vernalyn,F
Vernamae,F
Vernan,M
Vernando,M
Vernard,M
Vernasia,F
Vernay,F
Verne,Unisex
Verneal,F
Vernease,F
Vernece,F
Vernecia,F
Verneda,F
Vernee,F
Verneeda,F
Verneet,F
Verneice,F
Verneil,F
Verneisha,F
Verneita,F
Vernel,Unisex
Vernelda,F
Vernell,Unisex
Vernella,F
Vernelle,F
Vernen,M
Verner,M
Verneranda,F
Vernes,M
Vernesa,F
Vernese,F
Vernesha,F
Verneshia,F
Vernessa,F
Vernessa-lagi,F
Vernessia,F
Vernest,M
Vernesta,F
Vernesteen,F
Vernestine,F
Vernet,Unisex
Verneta,F
Vernetha,F
Vernetia,F
Vernett,F
Vernetta,F
Vernette,F
Verney,M
Vernez,F
Vernia,F
Vernica,F
Vernice,F
Vernicia,F
Vernida,F
Vernie,Unisex
Verniece,F
Vernika,F
Verninia,F
Vernique,F
Vernis,Unisex
Vernisa,F
Vernise,F
Vernisha,F
Vernita,F
Vernitta,F
Verniya,F
Vernnon,M
Vernoica,F
Vernola,F
Vernon,M
Vernona,F
Vernonica,F
Vernor,M
Vernus,M
Vernvilay,M
Verny,M
Vernyse,F
Vero,Unisex
Veromine,M
Veron,M
Verona,F
Veroncia,F
Veronda,F
Verone,F
Veronekh,F
Veronfca,F
Veroni,F
Veronia,F
Veronic,F
Veronica,F
Veronica-Alexa,F
Veronica-anne,F
Veronica-josephine,F
Veronica-Lizeth,F
Veronica-Rose,F
Veronica-Sage,F
Veronice,F
Veronicia,F
Veronick,F
Veronicka,F
Veronika,F
Veronika-lee,F
Veronike,F
Veronikka,F
Veronique,F
Veronique-Jennifer,F
Veronnica,F
Veronyca,F
Veronyka,F
Verran,M
Verree,F
Verridy,F
Verron,M
Verrona,F
Verronica,F
Versa,F
Versace,M
Versal,F
Versavia,F
Versel,M
Versey,F
Vershaun,M
Vershawn,M
Vershon,M
Vershonda,F
Versia,F
Versie,F
Verta,F
Vertell,F
Vertia,F
Vertice,F
Vertie,F
Vertina,F
Vertis,Unisex
Vertle,M
Vertner,M
Verton,M
Vertus,M
Veruca,F
Verun,M
Verunduruka,M
Veruschka,F
Verva,F
Veryan,F
Veryann,F
Veryl,Unisex
Veryle,Unisex
Vesa,F
Vesace,F
Vesal,M
Vesam,M
Vesca,F
Veselin,M
Veselka,F
Vesenia,F
Veseth,M
Veshant,M
Veshawn,M
Vesile,F
Veska,F
Vesko,M
Vesma,F
Vesna,F
Vespa ,F
Vespe,F
Vesper,F
Vessica,F
Vessie,F
Vessilij,M
Vesta,F
Vestal,Unisex
Vestel,M
Vester,Unisex
Vestie,F
Vestina,F
Veston,M
Veta,F
Vetha,F
Vetjavi,M
Veto,M
Veton,M
Vetra,F
Vetrice,F
Vetta,F
Veujee,M
Veva,F
Vevangee,Unisex
Vevelyn,F
Veverly,F
Vevina,F
Veya,F
Veyah,F
Veyda,F
Veydyn,M
Veyonce,F
Veyron,M
Veysel,M
Vfalen,F
Vgiha,F
Vhakini,F
Vhari,F
Vhealyn,F
Vheda,F
Vhenyce,F
Vhinarenz,F
Vhladd,M
Vhonda,F
Vhoninecya,F
Vi,Unisex
Vi-An,F
Vi-anh,F
Vi-huynh,F
Vi-Ivy,F
Vi-Jay,M
Vi-nam,F
Vi-Van,F
Via,F
Viaan,M
Vialli ,M
Vian,Unisex
Viana,F
Vianah,F
Vianay,F
Vianca,F
Viance,F
Vianet,F
Vianeth,F
Vianetta,F
Vianette,F
Vianey,F
Viani,F
Vianje,M
Vianka,F
Viann,F
Vianna,F
Vianne,F
Vianney,F
Vianni,F
Vianny,F
Vianoula,F
Viany,F
Vianyoel,M
Vibeke,F
Vibha,F
Vibhas,M
Vibhav,M
Vibhu,M
Vibhuti ,F
Vibiana,F
Vibol,M
Viboll,M
Vic,M
Vica,F
Vicchi,M
Vicci,F
Vice,M
Vicent,M
Vicenta,F
Vicente,M
Vicenzina,F
Vicenzo,M
Vicey,F
Vicha,M
Vichara,F
Vicharadarlee,F
Vicheka,F
Vichelle,Unisex
Vichi,F
Vici,F
Vicie,F
Vicivite,F
Vick,M
Vicke,F
Vickee,F
Vicken,M
Vickesh,M
Vickey,F
Vickey-Rae,F
Vicki,F
Vicki-ann,F
Vicki-anne,F
Vicki-debra,F
Vicki-lea,F
Vicki-leanne,F
Vicki-Lee,F
Vicki-Leigh,F
Vicki-luz,F
Vicki-lynn,F
Vicki-lynne,F
Vicki-marie,F
Vicki-Pauline,F
Vicki-sue,F
Vicki-Vanessa,F
Vickiana,F
Vickiann,F
Vickianne,F
Vickie,F
Vickii,F
Vickilee,F
Vickilyn,F
Vickilynn,F
Vickine,F
Vickki,F
Vicknesh,M
Vicko,M
Vickpreet,F
Vickram,M
Vickramjit,M
Vickren,M
Vicktor,M
Vicktoria,F
Vicky,F
Vicky-ann,F
Vicky-Huynh,F
Vicky-jane,F
Vicky-lee,F
Vicky-marie,F
Vickyanne,F
Vickye,F
Viclyn,M
Vico,M
Vicotoria,F
Vicotria,F
Victal,M
Victer,M
Victini,F
Victoire,F
Victon,M
Victor,M
Victor-manuel,M
Victor-Manuelle,M
Victor-Thaeton,M
Victora,F
Victoralfonso,M
Victoralynn,F
Victordean,M
Victorea,F
Victorene,F
Victorhugo,M
Victori,F
Victoria,F
Victoria-ann,F
Victoria-Anne,F
Victoria-Autumn,F
Victoria-ChloT,F
Victoria-Diana,F
Victoria-Gabriella,F
Victoria-joy,F
Victoria-Louise ,F
Victoria-Lyn,F
Victoria-Lynn,F
Victoria-Marguerite,F
Victoria-Marie,F
Victoria-Paige,F
Victoria-Rosa,F
Victoria-Ryan,F
Victoriaann,F
Victoriah,F
Victorialynn,F
Victoriamarie,F
Victorian,F
Victoriana,F
Victorianna,F
Victoriano,M
Victoriarose,F
Victorie,F
Victorina,F
Victorine,F
Victorino,M
Victorio,M
Victorio-impero,M
Victorios,M
Victorious,Unisex
Victoriya,F
Victorjr,M
Victormanuel,M
Victorria,F
Victors,M
Victory,Unisex
Victorya,F
Victress,F
Victtoria,F
Victtorie,F
Vicy,F
Vid,M
Vida,F
Vidak,M
Vidal,M
Vidala,F
Vidale,M
Vidalia,F
Vidane,M
Vidano,M
Vidar,M
Vidas,M
Videan,M
Videl,Unisex
Videll,Unisex
Vidella,F
Videlle,F
Vidette,F
Vidhaan,M
Vidhan ,M
Vidhi,F
Vidhita,F
Vidhu,Unisex
Vidhun ,M
Vidhur,M
Vidhya,F
Vidia,F
Vidip,M
Vidisha,F
Vidit,M
Vidita,F
Vidmantas,M
Vido,M
Vidosava,F
Vidula,F
Viduni,F
Vidur,M
Vidushi,F
Vidya,F
Vidyut,M
Vidyuth,M
Vie,F
Vieanna,F
Vieda,F
Vieja,F
Viele,F
Vielka,F
Viella,F
Vielle,F
Vien,M
Vien-An,F
Viena,F
Vience,M
Viene,F
Vienminh,F
Vienna,F
Vienna-Lee,F
Vienna-Rose ,F
Vienne,F
Vieno,F
Vienz,F
Viera,F
Vieri,M
Vierka,F
Vierra,F
Viesha,F
Viesia,F
Viessha,F
Viesturs,M
Viet,M
Viet-anh,M
Viet-hoang,M
Viet-thuan,M
Viet-trinh,F
Viet-trung,M
Vietson,M
Vietta,F
Vietuyet,F
Vieva,F
Vieve,F
Vigan ,M
Viggo,M
Vighnesh,M
Vigilio,M
Viginia,F
Vignesh,M
Vigo,M
Viha,F
Vihaa,F
Vihaan,M
Vihaanreddy,M
Vihaansinh,M
Vihaas,M
Vihan,M
Vihana,F
Vihani,F
Vihara,F
Vihas,M
Vihnea,F
Vija,F
Vijata,F
Vijay,M
Vijaya,F
Vijayanthan,M
Vijaypal,M
Vijayta,F
Vijeko,M
Vijeta,F
Vijetra,M
Vijva,M
Vijval,M
Vika,F
Vikaas,M
Vikaash,M
Vikaram,M
Vikas,M
Vikash,M
Vikat,M
Vikes,M
Vikesh,M
Vikhyath,M
Viki,F
Vikie,F
Vikija,F
Vikita,F
Vikki,F
Vikki-ann,F
Vikki-anne,F
Vikki-dee-anne,F
Vikki-lee,F
Vikkie,F
Vikktoria,F
Vikky,F
Vikram,M
Vikramdeep,M
Vikramjeet,M
Vikramjit,M
Vikramvir,M
Vikrant,M
Vikranth,M
Vikrim,M
Vikrm,M
Vikrum,M
Vikruthi,F
Viktor,M
Viktor-Ivan,M
Viktoras ,M
Viktorea,F
Viktoria,F
Viktorija,F
Viktorious,M
Viktoriya,F
Viktors ,M
Viktors-bruno,M
Viktorya,F
Vikum,M
Viky,F
Vila,F
Vilas,M
Vilate,F
Vilay,M
Vilda,F
Vildan,Unisex
Vildana,F
Vilde,F
Vilena,F
Vilene,F
Viletta,F
Vilho,M
Vili,M
Vilia,F
Viliam ,M
Viliami,M
Viliamu,M
Vilija,F
Vilim,M
Vilinda,F
Vilinh,F
Vilis,M
Vilius ,M
Viljoen,M
Villa,F
Villa-E-Ali,M
Villads ,M
Villamor,M
Villard,M
Ville,M
Villie,F
Villis,M
Villo ,F
Vilma,F
Vilmarie,F
Vilmos,M
Vilnis,M
Vilossyn,F
Vilte ,F
VilTm,M
Vily,F
Vim,F
Vimaen,M
Vimal,M
Vimala,F
Vimansha,M
Vimbai ,F
Vimlen,M
Vimlesh,M
Vimy,F
Vimy-Jones,M
Vin,M
Vina,F
Vinae,F
Vinah,F
Vinai,M
Vinal,M
Vinamrr,M
Vinasa,F
Vinathi,F
Vinay,M
Vinaya,F
Vinayak,M
Vinayan,M
Vinayika,F
Vinaykumar ,M
Vincci,F
Vince,M
Vince-lee,M
Vincee,F
Vincel,M
Vincen,M
Vincene,F
Vincenne,M
Vincenso,M
Vincent,M
Vincent-Jason,M
Vincent-joseph,M
Vincent-Marcel,M
Vincent-Martin,M
Vincent-maurice,M
Vincent-Nghiem,M
Vincenta,F
Vincentas ,M
Vincente,M
Vincentia,F
Vincentina,F
Vincentine,F
Vincentmichael,M
Vincenya,F
Vincenz,M
Vincenza,F
Vincenza-Ernestina,F
Vincenza-Janke,F
Vincenzia,F
Vincenzina,F
Vincenzino,M
Vincenzio,M
Vincenzo,M
Vincenzo-giuseppe,M
Vincenzo-Michael,M
Vincenzzo,M
Vincetta,F
Vinchenzo,M
Vinci,Unisex
Vinci-xanthe,F
Vinciane,F
Vincie,F
Vincient,M
Vincienza,F
Vincil,M
Vincint,M
Vincio,M
Vinco,M
Vincsent,M
Vincy,F
Vinda,F
Vindar,M
Vinderpal,F
Vindetta,F
Vindhya,F
Vindi,F
Vindy,F
Vine,F
Vinecia,F
Vineel,M
Vineesha,F
Vineet,M
Vineeta,F
Vineeth,M
Vineetha,F
Vineisha,F
Vinell,F
Vinesh,M
Vinesha,F
Vinessa,F
Vineta,F
Vinetta,F
Vinette,F
Viney,F
Ving,F
Vingenza,F
Vingenzo,M
Vingezzo,M
Vingizo,M
Vinh,M
Vinh-huy,M
Vinh-nghi,F
Vinh-tu,M
Vinh-tuong,M
Vinhhy,M
Vinhminh,M
Vini,F
Vinia,F
Vinicio,M
Vinicius,M
Vinidim,M
Vinie,F
Vinisha,F
Vinisha-lyn,F
Vinit,M
Vinita,F
Vinje,F
Vinka,F
Vinkaran,F
Vinko,M
Vinly,M
Vinn,M
Vinna,F
Vinnara,M
Vinncent,M
Vinney ,M
Vinni,Unisex
Vinnia,F
Vinnidict,M
Vinnie,Unisex
Vinnie-Lee ,M
Vinny,M
Vinochan,M
Vinod,M
Vinodd,M
Vinodh,M
Vinola,F
Vinona,F
Vinoth,M
Vinpreet,F
Vinsent,M
Vinshie,F
Vinson,M
Vinson-chunlong,M
Vinston,M
Vint,M
Vintage,F
Vinton,M
Vintrell,M
Vinu,M
Vinudi ,F
Vinuk ,M
Vinuki ,F
Vinush ,M
Vinushan ,M
Vinwar,M
Vinware,M
Vinya,F
Vinyette,F
Vinz,M
Vinzent,M
Viodha,F
Viola,F
Viola-maria,F
Violaine,F
Violanda,F
Violar,F
Violet,F
Violet-Anne,F
Violet-Emily,F
Violet-Grace ,F
Violet-May ,F
Violet-Rose ,F
Violet-sky,F
Violet-sunset,F
Violeta,F
Violeth,F
Violetrose,F
Violett,F
Violetta,F
Violette,F
Violia,F
Violla,F
Viollette,F
Viona,F
Vionda,F
Vione,F
Vionette,F
Vionna,F
Viora,F
Vioreaka,F
Viorel,M
Viorica,F
ViOt,M
Vipasha,F
Viper,M
Vipin,M
Vipini,M
Vipul,M
Vir,M
Vira,F
Viraagna,F
Viraaj,M
Viraat,M
Virada,F
Viraf,M
Virag ,F
Viraj,M
Viraji,F
Virajsinh,M
Virajveer,M
Virak,M
Virakyuth,M
Viral,M
Viran ,M
Viransh,M
Viranun,M
Virasack,M
Virat,M
Virble,F
Virda,F
Virdell,Unisex
Virden,M
Virdia,F
Virdiana,F
Virdie,F
Vireak,M
Vireat,M
Viren,M
Virena,F
Virene,F
Viresh,M
Virga,F
Virgal,M
Virge,M
Virgean,F
Virgel,M
Virgeline,F
Virgen,F
Virgena,F
Virgene,F
Virgia,F
Virgie,F
Virgil,M
Virgilene,F
Virgilia,F
Virgilie,F
Virgiline,F
Virgilio,M
Virgilius,M
Virgillia,F
Virgin,Unisex
Virgina,F
Virgine,F
Virgini,F
Virginia,F
Virginia-anna,F
Virginia-Rae,F
Virginialee,F
Virginiamae,F
Virginie,F
Virginio,M
Virginius,M
Virginnia,F
Virgle,M
Virgnia,F
Virgo,F
Virgus,M
Viriato,M
Viridian,F
Viridiana,F
Virigina,F
Viriginia,F
Virignia,F
Virinia,F
Virion,M
Viririana,F
Virjanand,M
Virjean,F
Virjinia,F
Virl,Unisex
Virla,F
Virlee,F
Virley,F
Virlie,F
Virlina,F
Virlinda,F
Virlyn,M
Virma,F
Virna,F
Virnell,F
Viron,M
Vironica,F
Vironika,F
Viroth,M
Virpal,F
Virsaviya,F
Virsie,F
Virtie,F
Virtue,F
Virtus,M
Visakan ,M
Visakha,M
Visan,M
Visar ,M
Visaya,M
Visente,M
Viseth,M
Visha ,F
Vishaal,M
Vishaan,M
Vishad,M
Vishak,M
Vishaka,F
Vishakha ,F
Vishal,M
Vishal-Kaur,F
Vishaldeep,M
Vishali ,F
Vishaljot,M
Vishan,M
Vishane,M
Vishania,F
Vishant,M
Vishavdeep,Unisex
Vishavjit,Unisex
Vishay ,M
Vishek,M
Vishesh,M
Vishnu,M
Vishnuk,M
Vishrut,M
Vishruth,M
Vishura,F
Vishv,M
Vishva,Unisex
Vishvanthraj,M
Vishvaraja,M
Vishwa,Unisex
Vishwak,M
Vishwas,M
Vishwesh,M
Visinia,F
Vision,F
Visitacion,F
Vismay ,M
Vismaya,F
Visnja,F
Visolela,F
Vison,M
Vissarion,M
Vista,F
Vit,M
Vita,F
Vital,M
Vitale,M
Vitali,M
Vitalia,F
Vitaliano,M
Vitalina,F
Vitaliy,M
Vitalla,F
Vitaly,M
Vitalynn,F
Vitani,F
Vitas,M
Vithanage,F
Vithaya,M
Vitheavie,F
Vithleem,F
Vithuli,F
Vithuran ,M
Vithusan ,M
Vithusha ,F
Vithushan ,M
Vithya,F
Vithyutha,F
Viti,F
Vitina,F
Vitjitua,M
Vito,M
Vito-antonio,M
Vitold,M
Vitolo,M
Vitomir,M
Vitonofrio,M
Vitor,M
Vitoria,F
Vitorio,M
Vitrene,F
Vitrina,F
Vitto,M
Vittolia,F
Vittori,M
Vittoria,F
Vittoria-anna,F
Vittorino,M
Vittorio,M
Vittorio-roberto,M
Vitula,F
Vitus,M
Viv,F
Viva,F
Vivaan,M
Vivaann,M
Vivake,M
Vivalea,F
Vivan,Unisex
Vivana,F
Viveca,F
Vivein,M
Vivek,M
Viveka,F
Vivekananda,M
Vivelyn,F
Vivenne,F
Vivette,F
Vivevcia,F
Vivi,F
Vivia,F
Vivian,F
Viviana,F
Viviane,F
Viviane-Alexandra,F
Viviani,F
Viviann,F
Vivianna,F
Vivianne,F
Viviano,M
Vivica,F
Vivicah-Sirui,F
Vividiana,F
Vivie,F
Vivieanne,F
Vivien,F
Viviene,F
Vivienna,F
Vivienne,F
Viviette,F
Vivika,F
Vivin,Unisex
Vivine,F
Vivion,Unisex
Vivonne,F
Vivvian,F
Vivviana,F
Vivy,F
Vivyan,F
Vivyana,F
Vivyanna,F
Viya,F
Viyaan,M
Viyan,Unisex
Viyana,F
Viyanna,F
Viyona,F
Vizma,F
Vjollca,F
Vjosa,F
Vlad,M
Vlada,F
Vladamir,M
Vladamire,M
Vladan,M
Vladana,F
Vladas,M
Vladik,M
Vladimer,M
Vladimir,M
Vladimirs ,M
Vladimyros,M
Vladisav,M
Vladislav,M
Vladislava,F
Vladislavs ,M
Vladko,M
Vlado,M
Vlado-edward,M
Vladomir,M
Vladveer,M
Vlady,M
Vladymir,M
Vladyslav,M
Vlajison,M
Vlas,M
Vlasey,M
Vlasios,M
Vlassis,M
Vlasta,F
Vlastimila,F
Vlastimir,M
Vlatka,F
Vlera ,F
Vlesa,F
Vlora,F
Vloths,M
Vlotina,F
Vloutis,M
Vneet,F
Vneeta,F
Vo,Unisex
Vo-anh,M
Voann,F
Voctoria,F
Voda,F
Vodin,M
Vofee,M
Vofin,M
Vogue ,F
Vohn,M
Void,Unisex
Voight,M
Voila,F
Voilet,F
Vojislav,M
Vojtech ,M
Vojtek,M
Voke,F
Vokili,F
Vol,M
Vola,F
Volanda,F
Volante,F
Volare,F
Voldemars,M
Volelle,F
Volena,F
Voleta,F
Volf,M
Volia,F
Volina,F
Volkan ,M
Volker,M
Volley,M
Vollie,Unisex
Volney,M
Volodimir,M
Volodymyr ,M
Voltaire,M
Volvi,M
Volvy,M
Von,M
Vona,F
Vonceal,F
Vonceil,F
Voncia,F
Vonciel,F
Voncil,F
Voncile,F
Voncille,F
Vonda,F
Vondal,M
Vondale,M
Vondalee,F
Vondell,Unisex
Vondella,F
Vondi,F
Vondia,F
Vondilla,F
Vondoussa,M
Vondra,F
Vondre,M
Vondrell,M
Voneal,M
Voneda,F
Vonell,F
Vonessa,F
Voneta,F
Vonetta,F
Vonette,F
Vong,M
Vongai,F
Vongdara,F
Voni,F
Vonia,F
Vonica,F
Vonice,F
Vonie,F
Vonisha,F
Vonita,F
Vonley,M
Vonmarie,F
Vonn,M
Vonna,F
Vonne,F
Vonnell,F
Vonnesha,F
Vonnetta,F
Vonnette,F
Vonnie,Unisex
Vonnie-lee,F
Vonnisa,F
Vonnita,F
Vonshae,F
Vonsin,M
Vonta,M
Vontae,M
Vontai,M
Vontana,F
Vontarius,M
Vontavious,M
Vontavius,M
Vonte,M
Vontella,F
Vontese,F
Vontez,M
Vontina,F
Vontray,M
Vontre,M
Vontrel,M
Vontrell,M
Vontresa,F
Vontressa,F
Vontrice,F
Vonya,F
Vonzel,M
Vonzell,M
Vonzella,F
Vonzelle,F
Vonzetta,F
Vook,M
Voola,F
Voon,F
Vora,F
Voraduk,M
Voraluk,M
Vorian,M
Voris,M
Vorn,M
Vorng,M
Voronica,F
Vorra,M
Voshon,M
Voss,M
Vota,F
Voughn,M
Voughon,M
Voula,F
Voulla,F
Vourn,M
Vox,M
Voy,Unisex
Voyd,M
Voyle,M
Voytek,M
Vrai,F
Vraj,M
Vrajesh,M
Vrasidas,M
Vrati,F
Vrennily,F
Vridhi,F
Vrielle,F
Vrigorio,M
Vrij,M
Vrinda,F
Vrindha,F
Vrisa,F
Vrisan,M
Vrish,M
Vrisha ,F
Vrishab,M
Vrishali,F
Vrishan,M
Vrishank,M
Vrishin ,M
Vrishti ,F
Vritee,F
Vritesha,F
Vriti,F
Vritika,F
Vronicer,F
Vronne,F
Vrunda,F
Vrundeep,M
Vrushali,F
Vrushank,M
Vrushi,F
Vrushika,F
Vrushti ,F
Vsempizdetz,M
Vsevolod,M
VTla,F
VTnus,F
VTra,F
VTronique,F
Vu,M
Vu-Anthony,M
Vu-bang,M
Vu-Hanna,F
Vu-khoa,M
Vu-minh,M
Vu-nguyen,M
Vue,M
Vui,Unisex
Vuitton,M
Vuk,M
Vukan,M
Vukasin,M
Vula,F
Vulcan,M
Vulisity,F
Vulnavia,F
Vung,F
Vuong,M
Vurla,F
Vusimuzi,M
Vut,M
Vutan,F
Vutha,M
Vuthanh,M
Vuthy,M
Vuttaneary,Unisex
Vuyo ,M
Vy,F
Vy-Thuy,F
Vy-Tram,F
Vyaan,M
Vyaas,M
Vyacheslav,M
Vyan,M
Vyana,F
Vyanah,F
Vyanna,F
Vyara,F
Vyas,M
Vybhavi,F
Vyctoria,F
Vyctorya,F
Vyda,F
Vydette,F
Vydia,F
Vyenna,F
Vyizigiro,M
Vyktor,M
Vyktoria,F
Vyla,F
Vylet,F
Vylette,F
Vylit,F
Vyllain,F
Vylot,F
Vyn,F
Vyncent,M
Vynessa,F
Vynetta,F
Vynette,F
Vyninka,F
Vynka,F
Vynz,M
Vyola,F
Vyolet,F
Vyolett,F
Vyolette,F
Vyom,M
Vyoma,F
Vyonne,F
Vyraksa,M
Vyrayuth,M
Vyrian,F
Vyrl,M
Vyron,M
Vyrona,F
Vyronda,F
Vyronne,M
Vyshnav,M
Vyshnavi,F
Vyshonn,M
Vyshonne,M
Vytantas,M
Vytas,M
Vytautas,M
Vytaute,F
Vyte ,F
Vytenis,M
Vytis ,M
Vyto,M
Vytoutas,M
Vyvian,F
Vyvy,F
Vyvyan,F
Vyvyn,F
Vzair,M