W,M
Wa,M
Wa'ays,M
Wa-Ell,M
Wa-il,M
Waabe,M
Waad,F
Waadaa,F
Waael,M
Waail ,M
Waaris,M
Waasil ,M
Waasnode,F
Wace,M
Wacee,M
Wacey,M
Wachontkiya,F
Wachovia,F
Waci,F
Waclaw,M
Waco,M
Waconda,F
Wacy,M
Wada,M
Wadaan ,M
Wadaana,F
Wadan ,M
Waddah,M
Waddell,M
Waddie,Unisex
Waddy,M
Wade,M
Wadee,M
Wadeeah,F
Wadel,M
Wadell,M
Waden,M
Wadena,F
Wadi ,M
Wadia,Unisex
Wadia-Wendy,F
Wadie,Unisex
Wadih,M
Wadii,M
Wadik,M
Wadine,F
Wadiya,F
Wadley,M
Wadsworth,M
Wadyslava,F
Wae,M
Waeel,M
Waeil,M
Wael,M
Waeys,M
Wafa,F
Wafaa,F
Wafah ,F
Wafeed,M
Wafeeqa,F
Wafi,M
Wafik,M
Wafiq ,M
Wafiyah,F
Waford,M
WageyahwOcha,M
Wagiya,M
Wagma ,F
Wagner,M
Wah,M
Wah-gi-yuh-toh,M
Wahaab ,M
Wahaaj,M
Wahab,M
Wahaj,M
Wahatha,M
Wahbi,M
Waheeb,M
Waheeba,F
Waheed,M
Waheeda ,F
Waheedah,F
Wahenoor,F
Wahhaj ,M
Wahib,M
Wahiba ,F
Wahiba-Raian,F
Wahibah ,F
Wahid,M
Wahida ,F
Wahidah ,F
Wahidul ,M
Wahidur ,M
Wahiyaba,F
Wahkuna,F
Wahleed,M
Wahn-Hathzi,M
Wahneeta,F
Wahneta,F
Wahnetta,F
Wahnita,F
Wahpikwanees,F
Wahrmvn,M
Wahsanni,F
Wai,Unisex
Wai-Sze,F
Wai-Yin,M
Waiatia,F
Waid,M
Waide,M
Waikean,M
Waiklen,M
Wail ,M
Wailyn,M
Waimarie,F
Wain,M
Waine,M
Waino,M
Wainwright,M
Waiora,M
Wairemana,F
Wairimu,F
Wais ,M
Waison,M
Waite,M
Waithira,F
Waitman,M
Waitus,M
Waive,F
Waiverly,F
Waiz,M
Wajaahat ,M
Wajahat ,M
Wajan,F
Wajd,F
Wajdan,F
Wajde,M
Wajdy,M
Wajed,F
Wajee-Ul-Hasan,M
Wajeeh ,M
Wajeeha,F
Wajeha,F
Wajen,F
Wajha,F
Wajib,M
Wajid ,M
Wajih,M
Wajiha,F
Wajihah ,F
Wajiw,M
Wajjma,F
Wajma,F
Wajya,F
Waka,M
Wakako,F
Wakana,F
Wakas ,M
Wake,M
Wakeel,M
Wakeelah,F
Wakeem,M
Wakeen,M
Wakefield,M
Wakeisha,F
Wakely,F
Wakenda,F
Waker,M
Wakesha,F
Wakia,F
Wakil,M
Wakim,M
Wakina,F
Wakinyan,M
Wakisha,F
Wakita,F
Wakiyan,M
Wakiza,F
Wako,F
Wal,M
Wala,F
Walaa,F
Walace,M
Walado,M
Walaeh,M
Walaid,M
Walat,M
Walbert,M
Walberto,M
Walburga,F
Walcie,F
Walda,F
Waldean,Unisex
Waldemar,M
Walden,M
Waldena,F
Waldene,F
Waldimar,M
Waldine,F
Waldis,M
Waldo,M
Waldon,M
Waldron,M
Waldy,M
Wale,M
Waled,M
Walee,M
Waleed,M
Waleed-Ul-Haq,M
Waleeya,F
Waleid,M
Walela,F
Walene,F
Walentin,M
Walentina,F
Walentyna,F
Walerian,M
Wales,M
Walesca,F
Waleska,F
Waley,M
Walford,M
Walfred,M
Walfrid,M
Wali,M
Walia,F
Walid,M
Walid-Mohamad,M
Walida,F
Walidah,F
Walie,M
Walied,M
Waliid,M
Walija,F
Walik,M
Walisha,F
Waliullah ,M
Waliyah,F
Waliyudine,M
Walker,M
Walker-Leroy,M
Walkidia,F
Walking,M
Walkiria,F
Wallace,M
Wallam,M
Walleed,M
Wallen,M
Wallene,F
Wallentina,F
Waller,M
Walley,M
Wallice,M
Wallid,M
Wallie,Unisex
Walliek,M
Walline,F
Wallis,Unisex
Wallter,M
Wally,M
Walmer,M
Walner,M
Walodja,M
Walsh,M
Walsie,F
Walt,M
Walta,F
Waltana,F
Walter,M
Walter-Allan,M
Walterene,F
Walterine,F
Walters,M
Walther,M
Waltina,F
Walton,M
Waltraud,F
Waltraut,F
Waly,M
Walyd,M
Walyntyna,F
Wambliwiyaka-Aku,M
Wambui,F
Wambura,F
Wamia,F
Wamon,M
Wan,Unisex
Wan-Tone,F
Wan-Yau,F
Wana,F
Wanakee,F
Wanas,F
Wanatda,F
Wanda,F
Wanda-anette,F
Wandah,F
Wandalea,F
Wandalee,F
Wandalene,F
Wandalid,F
Wandalyn,F
Wandara,M
Wandell,M
Wander,F
Wanderingspirit,M
Wanderlei,M
Wandra,F
Wandy,F
Wane,M
Waneayah,F
Waneda,F
Waneena,F
Waneeta,F
Waneita,F
Wanekia,M
Wanell,F
Wanema,F
Waner,F
Wanesha,F
Wanessa ,F
Waneta,F
Wanetah,F
Wanetta,F
Wanette,F
Waneysa,F
Wanfei,F
Wang,M
Wang-ling,F
Wangel,F
Wangui,F
Wangxin,F
Wani,M
Wania,F
Wanidu,F
Wanika,F
Waniki,F
Wanis,M
Wanisha,F
Wanita,F
Wanitta,F
Waniya,F
Waniyah,F
Waniyedu,F
Waniza,F
Wanjiku,F
Wanjiru,F
Wanjohi,M
Wanlop,M
Wanna,F
Wannell,F
Wannessa,F
Wannetta,F
Wannette,F
Wannie,Unisex
Wanona,F
Wanoni,F
Wansa-Masoud,F
Wantemwa,M
Wantida,F
Wantok,M
Wantong,F
Wanya,M
Wanyae,M
Wanye,M
Wanza,F
Wanzie,F
Wapan,F
Wapikwanis,F
Wapunohtew,M
Waqaar ,M
Waqaas ,M
Waqar,M
Waqas,M
Warabek,M
Warahi,M
Warat,M
Ward,M
Warda,F
Wardah,F
Wardat ,F
Wardean,F
Wardel,M
Wardell,M
Warden,M
Warder,M
Wardie,Unisex
Wardine,F
Wardion,M
Wardner,M
Ware,M
Wareef,F
Warees,M
Wareesha,F
Waren,M
Warfaa,M
Warfield,M
Warhil,M
Warick ,M
Waring,M
Waris,M
Warisara,F
Warisha ,F
Warishah ,F
Warisjit,M
Warith,M
Warker,M
Warkneh,F
Warlean,F
Warn,M
Warna,F
Warnakulasuriya ,M
Warne,M
Warnell,M
Warner,M
Warnetta,F
Warnie,M
Warran,M
Warrek,M
Warren,M
Warren-Hudson,M
Warrene,F
Warrenesa,F
Warrenetta,F
Warrenlane,F
Warrick,M
Warrik,M
Warrine,F
Warrington,M
Warrion,M
Warrior,M
Warryn,M
Warsame,M
Warsan ,F
Warvan ,M
Warveen,F
Warvin ,F
Warwich,M
Warwick,M
Waryck,M
Waryk,M
Waryn,M
Wasan ,F
Wasana,F
Wasanthi,F
Wasanti,F
Wasay,M
Wasco,M
Wase,M
Waseam,M
Waseam-Ziad,M
Wasee,M
Waseem,M
Waseema,F
Waseskuan,M
Waseskwan,Unisex
Wasey,M
Wash,M
Washington,M
Wasi,M
Wasia,F
Wasib ,M
Wasif,M
Wasikisikow,F
Wasil,M
Wasila,F
Wasiliy,M
Wasim,M
Wasima ,F
Wasiq ,M
Wasiullah,M
Wason,M
Wasseem,M
Wassem,M
Wasser,M
Wassil,M
Wassila,F
Wassillie,M
Wassim,M
Wassime,M
Wasyl,M
Wataru,M
Watasha,F
Watcharinh,F
Wateen,F
Watfa,F
Watfah,F
Watfee,F
Watha,F
Wathab,M
Wathana,F
Wathena,F
Watie,M
Watinodaishe,F
Watisha,F
Watkin,M
Watkins,M
Watler,M
Watson,M
Watt,M
Watta,F
Wattana,M
Watthajak,M
Wattie,M
Watts,M
Wau,M
Waukeen,M
Waukesha,F
Wauline,F
Waunda,F
Waunell,F
Wauneta,F
Waunetta,F
Waunita,F
Wava,F
Wavalene,F
Wave,F
Wavel,F
Wavelene,F
Waveline,F
Wavell,M
Wavely,M
Wavelyn,F
Waver,Unisex
Waverlee,F
Waverley,Unisex
Waverly,Unisex
Wavie,Unisex
Wavy,M
Way,M
Wayan,Unisex
Wayanha,F
Wayburn,M
Wayce,Unisex
Waycee,M
Wayd,M
Waydan,M
Wayde,M
Wayden,M
Wayen,M
Wayford,M
Wayk,M
Waylan,M
Wayland,M
Waylanda,F
Waylen,M
Waylene,F
Waylin,M
Waylina,F
Waylon,M
Waylyn,Unisex
Waylynd,M
Waylynn,Unisex
Wayman,M
Waymon,M
Waymond,M
Wayn,M
Wayna,F
Waynard,M
Wayne,M
Wayne-robert,M
Wayne-Tyrone,M
Wayneisha,F
Waynesha,F
Wayneshia,F
Waynetta,F
Waynette,F
Waynica,F
Waynie,F
Waynisha,F
Waynne,M
Wayson,M
Wazanna,F
Wazdi,M
Wazea,M
Wazeem,M
Wazeen,M
Wazeer,M
Wazir,M
Wc,M
We'am,F
We-Kus,M
Weaam,Unisex
Wealtha,F
Wealthey,F
Wealthy,F
Weam ,Unisex
Weamm,F
Weather,F
Weatherly,F
Weaver,M
Web,M
Webb,M
Webber,M
Weber,M
Webster,M
Weda,F
Wedad,F
Wedaid,F
Wedamuni,M
Wedan,F
Wedenshe,F
Wedhitha,M
Wedial,M
Wednesday,F
Wedyan,F
Wee,M
Wee-lynn,F
Weeam ,F
Weeda,F
Weeley,M
Weely,M
Weena,F
Weency,F
Weerahannadige,M
Weerahannedige,F
Weerapat,M
Wefag,F
Wegari,M
Wehbe,M
Wehebe,M
Wei,Unisex
Wei-bo,M
Wei-li,F
Wei-may,F
Wei-ming,F
Wei-Shan,F
Weiand,M
Weichin,M
Weichurn,M
Weida,F
Weider,M
Weidy,M
Weihan,M
Weihao,M
Weijie,M
Weijun,F
Weikai,M
Weikko,M
Weiland,M
WeiLing,F
Weilon,M
Weily,M
Weimin,F
Weiming,M
Weiqi,F
Weir,M
Weiran,F
Weisam,M
Weiss,M
Weissam,M
Weiwei,M
Weiwen,F
Weiya,F
Weiyu,F
Wejdan,F
Wek,M
Wekes,M
Welat,M
Welbert,M
Welborn,M
Welburn,M
Welby,M
Welch,M
Welcome,Unisex
Welda,F
Welden,M
Weldon,M
Welford,M
Welid,M
Welker,M
Wella,F
Weller,M
Welles,M
Wellesandra,F
Wellesley,Unisex
Wellington,M
Wellman,M
Wells,M
Wellsley,F
Welma,F
Welmer,M
Welsey,M
Welsley,M
Weltha,F
Welton,M
Welty,M
Wembley,F
Wembry,M
Wemi,F
Wemimo,F
Wen,Unisex
Wen-Xue,F
Wen-Zhi,F
Wenbo,M
Wencefel,M
Wencel,M
Wences,M
Wenceslao,M
Wenceslaus,M
Wencil,M
Wenda,F
Wendal,M
Wendall,M
Wendalyn,F
Wende,F
Wendee,F
Wendee-anne,F
Wendel,M
Wendelin,Unisex
Wendeline,F
Wendell,M
Wendella,F
Wendellyn,F
Wendellynnea,F
Wendelyn,F
Wendey,F
Wendi,F
Wendi-ann,F
Wendie,F
Wendla,F
Wendle,M
Wendlyn,F
Wendolee,F
Wendoly,F
Wendolyn,F
Wendolyne,F
Wendourie,F
Wendra,F
Wendry,F
Wendy,F
Wendy-Ann,F
Wendy-anne,F
Wendy-Dawn,F
Wendy-jane,F
Wendy-jayne,F
Wendy-Leigh,F
Wendy-lisa,F
Wendy-lou,F
Wendy-louise,F
Wendy-marie,F
Wendy-mary,F
Wendyam,F
Wendyann,F
Wendye,F
Wendyl,M
Wendylee,F
Wendysia,F
Wenessa,F
Wenford,M
Weng ,F
Wengel,Unisex
Wenhao,M
Wenhui,F
Weni,F
Wenjie,F
Wenjo,M
Wenke,F
Wenkie,F
Wenky,M
Wenlan,F
Wenli,M
Wenlor,M
Wenndy,F
Wennie,F
Wenny,F
Weno,M
Wenoa,F
Wenola,F
Wenona,F
Wenonah,F
Wenqi,F
Wenqian,M
Wensdaye,F
Wensel,M
Wensley,M
Wenson,M
Wentana,F
Wentworth,M
Wenxin,F
Wenye,F
Wenyl,F
Wenzel,M
Weona,F
Weonah,F
Wera,F
Weraniyagodagamage,F
Werda,F
Werejin,F
Werner,M
Weronika,F
Wersama,M
Wert,M
Wes,M
Wes-Leigh,F
Wesaam,M
Wesal,F
Wesall,M
Wesam,M
Wesben,M
Wesdon,M
Weseam,M
Wesely,M
Wesla,F
Weslee,Unisex
Wesleigh,F
Wesley,M
Wesley-Ryan,M
Wesley-Scott,M
Wesli,F
Weslie,Unisex
Weslin,M
Weslley,M
Wesly,M
Weslyn,Unisex
Weslynn,F
Wesman,M
Wesner,M
Weson,M
Wess,M
Wessal,F
Wessam,M
Wessan,M
Wessel,M
Wessie,F
Wessley,M
Wesson,M
West,M
Westan,M
Westcott,M
Westen,M
Wester,M
Western,M
Westin,M
Westland,M
Westlee,M
Westleigh,M
Westley,M
Westliegh,M
Westly,M
Westlyn,F
Westlynn,F
Westmoreland,M
Weston,M
Westonia,F
Westyn,M
Westynn,F
Wesyn,M
Weta,F
Wetona,F
Wetzel,M
Weuaka,M
Wevin,M
Wexxley,M
Weyahwashtey,F
Weyar,M
Weylan,M
Weyland,M
Weylin,M
Weylon,M
Weylum,M
Weylyn,M
Weyman,M
Weyme,F
Weymon,M
Weymouth,M
Weynalem,F
Wez,M
Wez-Leigh,M
Wezen,M
Wezley,M
WGmneomne,F
WGseskwan,M
Whalen,M
Whaley,M
Whalid,M
Whalley,M
Whanitah,F
Wharran,M
Wharton,M
Whayal,M
Whaylin,M
Whaylon,M
Whayne,M
Wheaton,M
Wheeler,M
Whei,F
Whelan,M
Whendy,F
Whesam,M
Wheslay,M
Whey-Ana,F
Whiely,M
Whiiatt,M
Whill,M
Whillum,M
Whilma,F
Whilow,M
Whinney,F
Whip,M
Whiskeyjack,M
Whisper,F
Whisper-Dawn,F
Whistler,Unisex
Whit,M
Whitaker,M
White,M
White-Buffalo,M
Whiteangel-Victoria,F
Whitec,F
Whitecloud,Unisex
WhiteElk,M
Whitelaw,M
Whiteny,F
Whitespottedfeather,M
Whitfield,M
Whitford,M
Whitlam,M
Whitlee,F
Whitleigh,F
Whitley,F
Whitli,F
Whitlie,F
Whitman,M
Whitmore,M
Whitnay,F
Whitne,F
Whitnee,F
Whitnei,F
Whitney,F
Whitney-Anastazia,F
Whitney-Elaine,F
Whitney-joy,F
Whitney-Lynn,F
Whitney-Marie ,F
Whitneylee,F
Whitni,F
Whitnie,F
Whitny,F
Whitnye,F
Whitt,M
Whittaker,M
Whittany,F
Whitten,M
Whittley,F
Whittney,F
Whittni,F
Whittnie,F
Whittny,F
Whitton,Unisex
Whosain,M
Whtiney,F
Whyat,M
Whyatt,M
Whyett,M
Whyette,M
Whylee,M
Whylie,F
Whynona,F
Whynton,M
Whyome,F
Whysper,F
Whyston,M
Whytney,F
Whytni,F
Whytnie,F
Whytte,M
Whyttney,F
Wialliam,M
Wiam,F
Wian,M
Wiango,M
Wiatt,M
Wicahpi,F
Wichar,F
Wick,M
Wickham,M
Wictoria ,F
Widad,F
Widarto,M
Widd,F
Widda,F
Widhi,F
Widline,F
Widman,M
Widu-Ganuthad,F
Widyarini,F
Wiebe,M
Wiebke,F
Wiebo,M
Wiebrand,M
Wieger,M
Wieland,M
Wieldor,M
Wieler,M
Wielyslawa,F
Wiendeld,M
Wieslaw,M
Wieslawa,F
Wiestawa,F
Wietske,F
Wieu,M
Wigberto,M
Wihkes,M
Wiiliam,M
Wijayalath,M
Wijdan,F
Wijtze,M
Wikaraua,M
Wiktor,M
Wiktoria,F
Wikus,M
Wil,M
Wil-Liam,M
Wila,F
Wiladean,F
Wilaine,F
Wilan,M
Wilard,M
Wilba,F
Wilber,M
Wilbern,M
Wilbert,M
Wilberta,F
Wilberth,M
Wilberto,M
Wilbertson,M
Wilbon,M
Wilbor,M
Wilborn,M
Wilbourn,M
Wilbur,M
Wilburn,M
Wilburne,M
Wilburt,M
Wilburta,F
Wilby,M
Wilce,M
Wilcie,F
Wilco,M
Wilcy,F
Wild,M
Wilda,F
Wildan,M
Wilde,M
Wilden,M
Wilder,M
Wildin,M
Wildman-Holloway,M
Wildon,M
Wildred,Unisex
Wileen,F
Wilella,F
Wilem,M
Wilemina,F
Wilena,F
Wilene,F
Wilesha,F
Wiletta,F
Wiley,M
Wilf ,M
Wilfed,M
Wilferd,M
Wilfie ,M
Wilford,M
Wilfrado,M
Wilfred,M
Wilfreda,F
Wilfredo,M
Wilfrid,M
Wilfrido,M
Wilfried,M
Wilfurd,M
Wilga,F
Wilgus,M
Wilhelem,M
Wilhelm,M
Wilhelmena,F
Wilhelmenia,F
Wilhelmiena,F
Wilhelmina,F
Wilhelmine,F
Wilhelminia,F
Wilhelmus,M
Wilhem,M
Wilhemena,F
Wilhemenia,F
Wilhemina,F
Wilhemine,F
Wilho,M
Wiliam,M
Wilian,M
Wilibaldo,M
Wilie,M
Wilina,F
Wilisha,F
Wilissa,F
Wiljan,M
Wiljo,M
Wilken,M
Wilkens,M
Wilkes,M
Wilkey,M
Wilkie,M
Wilkin,M
Wilkins,M
Wilkinson,M
Wilkki,F
Wilko,M
Wilks,M
Will,M
Will-AndrF,M
Willa,F
Willabell,F
Willabelle,F
Willadean,F
Willadeen,F
Willadene,F
Willadine,F
Willaena,F
Willah,F
Willaid,M
Willaim,M
Willam,M
Willamae,F
Willamena,F
Willameta,F
Willamina,F
Willan,M
Willand,M
Willanna,F
Willar,F
Willara,F
Willard,M
Willas,M
Willasia,F
Willavene,F
Willbert,M
Willburn,M
Wille,Unisex
Willean,F
Willease,F
Willeeam,M
Willeen,F
Willeid,M
Willeim,M
Willeke,F
Willella,F
Willem,M
Willem-jan,M
Willem-Louis,M
Willemijn,F
Willemina,F
Willemyntje,F
Willena,F
Willene,F
Willer,F
Willes,M
Willesha,F
Willet,M
Willeta,F
Willett,Unisex
Willetta,F
Willette,F
Willex,M
Willey,M
Willford,M
Willfred,M
Willfredo,M
Willhelm,M
Willhem,M
Willi,M
Willia,Unisex
Williaa,M
Williadean,F
William,M
William-,M
William-Andrew,M
William-Bofei,M
William-Duy,M
William-francis-angelo,M
William-James ,M
William-Joe,M
William-Johannes,M
William-Matthew,M
William-Ray,M
William-stewart-xavier,M
William-Victor-Kenneth,M
Williametta,F
Williamhenry,M
Williamina,F
Williamjames,M
Williamjohn,M
Williamjoseph,M
Williamm,M
Williammichael,M
Williamrobert,M
Williams,M
Williamson,M
Williamwalker,M
Willian,M
Willianne,F
Williard,M
Williaw,M
Willibaldo,M
Willidean,F
Willie,Unisex
Willielee,F
Williem,M
Williemae,F
Willien,F
Williene,F
Willienne,F
Willies,M
Williesha,F
Willietta,F
Williette,F
Williford,M
Williiam,M
Willilam,M
Willim,M
Williman,M
Willimena,F
Willin,M
Willine,F
Willington,M
Williom,M
Willip,M
Willis,M
Willisa,F
Willisha,F
Willison,M
Willistine,F
Willium,M
Willkie,M
Willliam,M
Willm,M
Willma,F
Willman,M
Willmar,M
Willmen,M
Willmer,M
Willmetta,F
Willmon,M
Willo,F
Willodean,F
Willodeen,F
Willodene,F
Willodine,F
Willoe,F
Willoh,F
Willola,F
Willona,F
Willora,F
Willoughby,M
Willow,F
Willow-Anne ,F
Willow-Grace ,F
Willow-jade,F
Willow-kate,F
Willow-Mae ,F
Willow-Mai ,F
Willow-marie,F
Willow-May ,F
Willow-Rae ,F
Willow-Rose ,F
Willowa,F
Willowdean,F
Willowe,Unisex
Willowmina,F
Wills,M
Willson,M
Willum,M
Willus,M
Willy,M
Willy-Anne,F
Willyam,M
Willye,F
Willys,M
Wilm,M
Wilma,F
Wilmah,F
Wilmajean,F
Wilman,M
Wilmar,M
Wilmarie,F
Wilmark,M
Wilmary,F
Wilmer,M
Wilmeth,Unisex
Wilmetta,F
Wilmina,F
Wilmon,M
Wilmont,M
Wilmor,M
Wilmore,M
Wilmot,M
Wilmoth,Unisex
Wilmur,M
Wilmuth,F
Wilna,F
Wilnelia,F
Wilner,M
Wilnesha,F
Wilnette,F
Wilniya,F
Wilo,F
Wilodean,F
Wilodene,F
Wilodyne,F
Wilona,F
Wilondja,M
Wilroy,M
Wilse,M
Wilsey,M
Wilsie,F
Wilson,M
Wilta,F
Wilton,M
Wiltshire,M
Wiltz,M
Wilulu,M
Wilva,F
Wilver,M
Wily,M
Wilynora,F
Wim,M
Wimberley,F
Wimberly,F
Wimke,F
Win,Unisex
Win-Sum,F
Wina,F
Winafred,F
Winah,F
Winand,M
Winandus,M
Winay,M
Winbert,M
Winburn,M
Wince,M
Wincent,M
Winchell,M
Winchester,M
Wincie,F
Wincy,F
Wind,Unisex
Winda,F
Windale,M
Windchild,M
Winddancer,M
Windee,F
Windel,M
Windell,M
Windfield,M
Windford,M
Windham,M
Windi,F
Windie,F
Windle,M
Windol,M
Windom,M
Windson,M
Windsor,Unisex
Windwalker,M
Windy,F
Windyboy,M
Winefred,F
Winefren,M
Winell,F
Winelle,F
Winetta,F
Winette,F
Winferd,M
Winfield,M
Winford,M
Winfred,M
Winfrey,M
Winfried,M
Wing,Unisex
Wing-Ching,F
Wing-Gee,F
Wing-Man,F
Wing-Wen,F
Wing-Yee,F
Wing-Yin,F
Wing-Yue,M
Wingate,M
Wingkay,F
Wini,F
Winieford,F
Winiferd,F
Winiford,M
Winifred,F
Winifrede,F
Winifrey,M
Winkie,F
Winley,F
Winn,M
Winna,F
Winnefred,F
Winnell,F
Winner,Unisex
Winnette,F
Winney,F
Winni,F
Winniard,M
Winnice,F
Winnie,F
Winnie-mai,F
Winniefred,F
Winnifred,F
Winnipeg,F
Winnis,F
Winnith,F
Winnona,F
Winny,F
Winogene,F
Winola,F
Winona,F
Winonah,F
Winownah,F
Winrey,F
Winry,F
Winsel,M
Winsia,F
Winslet,F
Winsley,M
Winslow,M
Winsom,F
Winsome,F
Winson,M
Winsor,M
Winsten,M
Winstin,M
Winston,M
Winstyn,M
Wint,M
Winta,F
Winta-Abhenet,F
Wintah,F
Wintana,F
Winter,F
Winter-Ivy,F
Winter-louise,F
Winter-Rose ,F
Winter-Star,F
Winter-Wray,F
Winterrose,F
Wintersky,M
Wintford,M
Winthrop,M
Winton,M
Wintress,F
Wioletta ,F
Wiona,F
Wirdokaka,M
Wiremu,M
Wirinum,M
Wirna,F
Wirt,M
Wirter,M
Wirth,M
Wisakiminis,F
Wisal,M
Wisam,M
Wisdom,Unisex
Wise,M
Wisely,M
Wiser,M
Wiseread,F
Wish,F
Wishan,M
Wishard,M
Wisherlee,M
Wisin,M
Wislawa,F
Wisler,M
Wisper,Unisex
Wissal ,F
Wissam,M
Wister,M
Wisteria,F
Wit,M
Witaliy,M
Withney,F
Witleigh-Anne,F
Witley,F
Witness,F
Witney,F
Witney-bre,F
Witold,M
Witt,M
Witten,M
Witter,M
Wittner,F
Wittney,F
Wiw,M
Wiyaka,F
Wiza,F
Wizdom,M
Wladek,M
Wladeslaus,M
Wladimir,M
Wladislaw,M
Wladyslaw,M
Wladyslawa,F
Wladzimierz,M
Wlfred,M
Wlliam,M
Wlodek,M
Wlodymir,M
Wlodzimierz,M
Wm,M
Wnedy,F
Woduapai,F
Woei,M
Wofford,M
Woiciech,M
Woike,F
Wojciech,M
Wojtek ,M
Wol,M
Woladimer,M
Wolali,M
Wolcott,M
Woldemar,M
Woldymyr,M
Wolf,M
Wolfe,M
Wolff,M
Wolfgang,M
Wolfie ,M
Wolford,M
Wolfram,M
Wolfrando,M
Wolfred,M
Wolfy,M
Wolid,M
Woll,M
Wolly,M
Wolodimir,M
Wolodomyr,M
Wolodymer,M
Wolodymir,M
Wolodymyr,M
Wolsey,M
Wolter,M
Won,M
Wonda,F
Wonder,F
Wondra,F
Wondrous,F
Wondwoson,M
Wong,M
Wongani,F
Wonita,F
Wonn,M
Wonnie,Unisex
Wonona,F
Wonya,M
Woo,M
Woo-Jin,M
Wood,M
Woodard,M
Woodfin,M
Woodford,M
Woodie,Unisex
Woodland,M
Woodleigh,F
Woodley,M
Woodro,M
Woodroe,M
Woodrow,M
Woodruff,M
Woods,M
Woodson,M
Woodward,M
Woody,M
Woojin,M
Woona,F
Wooy,F
Worathep,M
Worden,M
Wordie,M
Woren,M
Worick,M
Worley,M
Worn,M
Worner,M
Worren,M
Worth,M
Wortha,F
Wortham,M
Worthie,M
Worthington,M
Worthna,M
Worthy,M
Wossen,M
Wossenailesh,F
Wotan,M
Wouter,M
Woutrina,F
Wowie,M
Woynjarmie,M
Wraia,F
Wraine,M
Wraith,M
Wrama,F
Wranell,M
Wranglen,M
Wrangler,M
Wrath,M
Wray,M
Wrayanne,F
Wraydell,M
Wrayne,M
Wreatha,F
Wrechelle,F
Wreena,F
Wreesah,F
Wreford,F
Wren,Unisex
Wrenda,F
Wrenley,F
Wrenly,F
Wrenn,F
Wrenna,F
Wrennah,F
Wretha,F
Wrett,M
Wrex,M
Wrhett,M
Wriana,F
Wright,M
Wrigley,Unisex
Wriley,Unisex
Wristyn,F
Wryan,M
Wryder,M
Wryker,M
Wrylee,F
Wrylie,M
Wryn,F
Wrynn,F
Wu ,M
Wuan,M
Wuanita,F
Wubishet,M
Wudasay,F
Wudassie,F
Wuendi,F
Wuendy,F
Wuesenen,F
Wui,Unisex
Wuilber,M
Wuilian,M
Wuilmer,M
Wulf,M
Wulfric,M
Wunlane-May,F
Wunlee,F
Wunna,M
Wuntina,F
Wuoi,M
Wuol,M
Wuon,M
Wuor,F
Wuraola ,F
Wusulu,F
Wuturpa,M
Wwilliam,M
Wwlliam,M
Wy-Anne,F
Wy-Elle-Ryan,M
Wyala,F
Wyalleen,F
Wyane,M
Wyanita,F
Wyanne,F
Wyarta,F
Wyat,M
Wyatt,M
Wyatt-Bo,M
Wyatt-Grey,M
Wyatt-jai,M
Wyatt-James,M
Wyatt-Tucker,M
Wyatte,M
Wybe,M
Wybie,M
Wybrich,F
Wychita,M
Wycliff,M
Wyclyff,M
Wyconda,F
Wydell,M
Wydia,F
Wye-Hou,M
Wyel,M
Wyeth,M
Wyett,M
Wyetta,F
Wyette,M
Wyhatt,M
Wyitt,M
Wyke,M
Wykeem,M
Wykeham,M
Wykeisha,F
Wykena,F
Wykeria,F
Wykesha,F
Wykeshia,F
Wykisha,F
Wyl,M
Wyla,F
Wylan,M
Wyland,M
Wylda,F
Wylde,Unisex
Wylder,M
Wyle,M
Wylean,F
Wylee,Unisex
Wyleen,F
Wyleigh,F
Wylen,M
Wylene,F
Wyler,M
Wyley,M
Wyliam,M
Wylie,M
Wyline,F
Wylla,F
Wylliam,M
Wyllis,M
Wyllo,F
Wyllow,F
Wyllyn,M
Wyllys,M
Wylma,F
Wylodean,F
Wylodene,F
Wylodine,F
Wyloe,F
Wylyn,M
Wyma,F
Wyman,M
Wymer,M
Wymon,M
Wymond,M
Wyn,Unisex
Wynala-tiwa,F
Wynara,F
Wynatte,M
Wynd,M
Wynda,F
Wyndall,M
Wynde,F
Wyndee,F
Wyndell,M
Wyndelle,M
Wynden,M
Wyndham,M
Wyndi,F
Wyndie,F
Wyndie-Thulliah,F
Wyndon,M
Wyndscent-may,F
Wyndsor,F
Wyndy,F
Wyne,M
Wynee,F
Wynell,F
Wynelle,F
Wynema,F
Wynesha,F
Wynetta,F
Wynette,F
Wynhter,F
Wynisha,F
Wynitta,F
Wynn,Unisex
Wynna,F
Wynne,Unisex
Wynnell,F
Wynnette,F
Wynnie,F
Wynnston,M
Wynnum,M
Wynogene,F
Wynola,F
Wynoma,F
Wynona,F
Wynonah,F
Wynonia,F
Wynonna,F
Wynowa,F
Wynsor,F
Wynstan,M
Wynsten,M
Wynston,M
Wynta,F
Wyntah,F
Wyntar,F
Wynten,M
Wynter,F
Wynter-Rose ,F
Wynter-Rosemary,F
Wynterdawn,F
Wynterlyn,F
Wynterrose,F
Wynton,M
Wyntre,F
Wynzie,F
Wyolene,F
Wyoma,F
Wyome,Unisex
Wyomi,F
Wyomia,F
Wyoming,F
Wyomma,F
Wyona,F
Wyonda,F
Wyonia,F
Wyonna,F
Wyonne,F
Wyonnia,F
Wyot,M
Wyota,F
Wyse,M
Wyslaw,M
Wyssame,F
Wystan ,M
Wysteria,F
Wyteria,F
Wytina,F
Wytt,M
Wytten,F
Wyvetta,F
Wyvette,F
Wyvonia,F
Wyvonna,F
Wyvonne,F
Wyvonnia,F
Wyzetta,F