X'yprus,M
X'zavier,M
X'ziah,M
X-zander,M
X-Zavier,M
Xaan,F
Xaander,M
Xaben,M
Xabi,M
Xabian,M
Xabier,M
Xabreon,F
Xabriel,M
Xacaron,M
Xacery,M
Xachary,M
Xachery,M
Xachinaa,F
Xackerie,M
Xaden,M
Xadie,F
Xadrian,M
Xadyn,M
Xaeden,M
Xaedyn,M
Xael,M
Xaela,F
Xaelah,F
Xaen,M
Xaena,F
Xaevier,M
Xafsa ,F
Xahli,F
Xahzat,M
Xai,Unisex
Xaia,F
Xaida,F
Xaiden,M
Xaidyn,M
Xaiea,F
Xaiella,F
Xaija,F
Xailey,F
Xain,M
Xaina,F
Xaine,M
Xaira,F
Xaire,M
Xairexis,F
Xaiver,M
Xaivier,M
Xaivion,M
Xakary,M
Xakousti,F
Xalen,M
Xali,F
Xalia,F
Xally,F
Xalynn,F
Xamantha,F
Xamara,F
Xamdi,F
Xamia,F
Xamir,M
Xamiyah,F
Xamsa,M
Xan,Unisex
Xana,F
Xanaca,F
Xanadu,F
Xanare,F
Xanatou,F
Xanda ,M
Xandah,M
Xandar,M
Xande,M
Xanden,M
Xander,M
Xander-jai,M
Xander-johnathon,M
Xander-Ryen,M
Xanderiah,M
Xandhria,F
Xandia,F
Xandir,M
Xandra,F
Xandrea,F
Xandrea-Lynn,F
Xandreya,F
Xandria,F
Xandriah,F
Xandro,M
Xandron,M
Xandrous,M
Xandyn,M
Xandynn,M
Xandyr,M
Xane,M
Xanen,M
Xanet,F
Xanetia,F
Xang,M
Xani,F
Xania,F
Xaniah,F
Xaniel,M
Xaniya,F
Xaniyah,F
Xanna ,F
Xannah,F
Xannder,M
Xannon,M
Xanofon,M
Xanon,M
Xanri,M
Xante ,F
Xanth,M
Xantha,F
Xanthan,M
Xanthe,F
Xantheh,F
Xanthes,F
Xanthi,F
Xanthia,F
Xanthie ,F
Xanthipi,F
Xanthippi,F
Xanthipy,F
Xantho,F
Xanthos,M
Xanthus,M
Xanthy,F
Xanthya,F
Xanti,M
Xantia ,F
Xantia-jaine,F
Xao,M
Xaquine,M
Xara,F
Xarah,F
Xaraia,F
Xaraya,F
Xarchaeceya,F
Xaree,F
Xareni,F
Xareny,F
Xaria,F
Xariah,F
Xarian,M
Xarianna,F
Xarissa,F
Xarius,M
Xariyah,F
Xarn,M
Xarnde,F
Xarni,F
Xarnia,F
Xarra,F
Xaryn,Unisex
Xathan,M
Xaus,M
Xava,F
Xavaeir,M
Xavair,M
Xave,M
Xaven,M
Xaveon,M
Xaver,M
Xaveria,F
Xaverie,F
Xavery ,Unisex
Xavfer,M
Xavi,M
Xavia,F
Xavian,M
Xaviana,F
Xavianna,F
Xaviar,M
Xaviare,F
Xaviea,F
Xaviean,M
Xaviel,M
Xavien,M
Xavienne,F
Xavier,M
Xavier-David,M
Xavier-Glody,M
Xavier-leigh,M
Xavier-Lonc,M
Xaviera,F
Xaviere ,F
Xaviero,M
Xavion,M
Xaviona,F
Xavior,M
Xaviour,M
Xavious,M
Xavius,M
Xavy,M
Xavyer,M
Xawery ,M
Xayde,M
Xaydee,F
Xayden,M
Xayla,F
Xaylee,F
Xaylen,M
Xaylie,F
Xayna,F
Xayne,M
Xaysana,M
Xayvier,M
Xayvion,M
Xazavier,M
Xazier,M
Xcaret,F
Xcianna,F
Xea,F
Xeana,F
Xeannah,F
Xee,F
Xeina,F
Xela,F
Xelha,F
Xelia,F
Xen,Unisex
Xena,F
Xenakis,M
Xendan,M
Xendaya,F
Xender,M
Xeneza,F
Xeng,M
Xeni,F
Xenia,F
Xeniah,F
Xenios,M
Xenis,M
Xeniya,F
Xeniyah,F
Xenn,M
Xenna,F
Xennan,M
Xenofon,M
Xenon ,M
Xenophon,M
Xenos,M
Xenovia,F
Xenya,F
Xeo-Fu,M
Xera,F
Xerena,F
Xerxes,M
Xeryus,M
Xesca,F
Xeva,F
Xevier,M
Xexilia,F
Xhai,M
Xhaiden,M
Xhana,F
Xhanky,M
Xhantara,F
Xhante,F
Xhavier,M
Xheneta,F
Xhesika ,F
Xhoana ,F
Xhoniva,F
Xhordan,M
Xhovano,M
Xhrylle,F
Xhulja,F
Xhyren,M
Xi,Unisex
Xia,F
Xia-bella,F
Xiadani,F
Xiamae,F
Xiamara,F
Xiamora,F
Xian,Unisex
Xiana,F
Xiane,F
Xiang,M
Xiangcheng,M
Xiangling,F
Xiangwan,F
Xiangyu,F
Xiani,F
Xianna,F
Xianwen,F
Xiao,Unisex
Xiao-Lin,F
Xiaoaoxing,F
Xiaoaoyue,F
Xiaojie,M
Xiaomeng,M
Xiaowan,F
Xiaowei,Unisex
Xiaoxiao,F
Xiaoyang,M
Xiaoyi,M
Xiaoyu,F
Xiara,F
Xiathane,M
Xiathayne,M
Xiathe,M
Xiaver,M
Xiavery,M
Xica,F
Xicali,F
Xichen,M
Xiclali,F
Xiclaly,F
Xida,M
Xidorn,M
Xidyn,M
Xie,Unisex
Xien,F
Xienna,F
Xier,F
Xilena,F
Ximena,F
Ximenna,F
Ximon,M
Xin,Unisex
Xina,F
Xinbo,M
Xinen,M
Xing,Unisex
Xinhe,F
Xinheng,M
Xinhui,F
Xinia,F
Xinlin,M
Xinmin,F
Xinoula,F
Xinran,F
Xinrui,F
Xintian,F
Xinuo,F
Xinwen,F
Xinxiang,M
Xinyan,F
Xinyang,M
Xinyao,F
Xinye,F
Xinyi,F
Xinyu,F
Xinyuan,F
Xinyue,F
Xiola,F
Xiomar,M
Xiomara,F
Xiomari,F
Xiomary,F
Xiomayra,F
Xiomy,F
Xion,M
Xiong,M
Xirena,F
Xithlaly,F
Xitlali,F
Xitlalic,F
Xitlalie,F
Xitlalit,F
Xitlalith,F
Xitlalli,F
Xitlally,F
Xitlaly,F
Xitllali,F
Xiu,F
Xiva,F
Xiya,F
Xiyah,F
Xiyla,F
Xiyuan,Unisex
Xizavier,M
Xizu,M
Xjavier,M
Xnox,M
Xoannan,F
Xoaquin,M
Xochi,F
Xochil,F
Xochilt,F
Xochilth,F
Xochiquetzal,F
Xochithl,F
Xochitl,F
Xoe,F
Xoey,F
Xoi,F
Xoie,F
Xola,F
Xolani,F
Xoli-Kahn,F
Xondra,F
Xong,Unisex
Xophia,F
Xotchil,F
Xou,M
Xristos,M
Xrysto,M
Xsal,M
Xsara ,F
Xsavier,M
Xsavion,M
Xsavior,M
Xsawna,F
Xu,M
Xu-xi,M
Xuan,Unisex
Xuan-Hung,M
Xuan-Linh,M
Xuan-ngoc,F
Xuan-vinh,M
Xuan-yi,M
Xuan-Zhan,M
Xuanquan,M
Xue,Unisex
Xue-Ney,F
Xue-Ping,F
Xuong,M
Xuri,F
XuTl,M
Xuxa,F
Xuxi,M
Xuyen,F
Xuzheng,M
Xvanna,F
Xxavier,M
Xy,M
Xya,F
Xyaden,M
Xyaire,M
Xyan,M
Xyana,F
Xyania,F
Xyanna,F
Xyantul,F
Xyas,M
Xyelle,F
Xyen,M
Xyia,F
Xyian,M
Xyieda,F
Xyion,Unisex
Xyla,F
Xylah,F
Xylan,M
Xylanna,F
Xylar,Unisex
Xylee,F
Xyleena,F
Xyleera,F
Xylen,M
Xylena,F
Xyler,M
Xylia,F
Xyliah,F
Xyliana,F
Xylie,F
Xylin,M
Xylina,F
Xylis,F
Xyljan,M
Xylo ,Unisex
Xylon,M
Xylus,M
Xymantha,F
Xymena,F
Xyomara,F
Xyon,Unisex
Xyra,F
Xyreez,M
Xyrel,M
Xyrelle,F
Xyrene,F
Xyreyn,F
Xyrhelle,F
Xyrhl,F
Xyriah,F
Xyrian,M
Xyrie,F
Xyriel,F
Xyrielle,F
Xyrille,F
Xyrina,F
Xyrus,M
Xyruz,M
Xystus,M
Xyza,F
Xzadrian,M
Xzaevion,M
Xzaiah,F
Xzaiden,M
Xzaiver,M
Xzaivier,M
Xzandar,M
Xzander,M
Xzandra,F
Xzandria,F
Xzaria,F
Xzariah,F
Xzarion,M
Xzaveon,M
Xzavia,Unisex
Xzavian,M
Xzaviar,M
Xzavien,M
Xzavier,M
Xzavion,M
Xzavior,M
Xzavious,M
Xzavius,M
Xzavyer,M
Xzayden,M
Xzayvian,M
Xzayvien,M
Xzayvier,M
Xzayvion,M
Xzena,F
Xzenia,F
Xzhalia,F
Xzila,F
Xzorion,M
Xzujafg,M
Xzyler,M