Y,F
Y-Duyen,F
Y-Feven,F
Y-nhi,F
Y-van,F
Y-Yen,F
Ya,F
Ya'qub,M
Yaa,F
Yaacov,M
Yaad,M
Yaadvir,M
Yaak,M
Yaakov,M
Yaalini,F
Yaameen ,M
Yaamin,M
Yaan,M
Yaana,F
Yaanav,M
Yaannan,M
Yaaqob,M
Yaaqoob,M
Yaaqub,M
Yaara,F
Yaaseen,M
Yaasin ,M
Yaasir,M
Yaask,M
Yaasmeen,F
Yaasmiyn,F
Yaaziel,M
Yabdiel,M
Yabel,M
Yabiriella,F
Yabriel,M
Yabsera,F
Yabsira,F
Yabsra,M
Yabssra,F
Yabtsga,M
Yaccoub,M
Yach,M
Yacha,M
Yachet,F
Yachi,F
Yachica,F
Yachira,F
Yachiyo,F
Yachun,F
Yaciel,M
Yacin ,M
Yacine,Unisex
Yacir,M
Yackelin,F
Yackelyn,F
Yackov,M
Yacob,M
Yacobus,M
Yaconda,F
Yacoub,M
Yacouba,M
Yacov,M
Yacqub,M
Yacqub-abdikarim,M
Yacquelin,F
Yacqueline,F
Yacquub,M
Yacub ,M
Yad,M
Yadani,F
Yadav ,M
Yadavi ,F
Yadeail,M
Yadel,M
Yadelin,F
Yadelis,F
Yadeliz,F
Yaden,M
Yader,M
Yadgar,M
Yadhav,M
Yadhiel,M
Yadhir,M
Yadhira,F
Yadian,M
Yadicone,F
Yadid,M
Yadiel,M
Yadieliz,F
Yadier,M
Yadin,M
Yadir,M
Yadira,F
Yadirah,F
Yaditzel,F
Yadleen,M
Yadon,M
Yadranka,F
Yadria,F
Yadrian,M
Yadriel,M
Yadunandan,M
Yadurga,F
Yadvinder,F
Yadwiga,F
Yadwinder,M
Yae,F
Yaeda,F
Yaeer,M
Yaeko,F
Yaekob,M
Yael,Unisex
Yaeli,F
Yaelin,F
Yaelis,F
Yaelle,F
Yaely,F
Yaeno,F
Yafa,F
Yafan,M
Yafet,M
Yaffa,F
Yafi,M
Yafiet ,M
Yagaira,F
Yagazie,M
Yageen,F
Yaggin,F
Yagiz ,M
Yagmur,F
Yagna,M
Yago,M
Yah,F
Yahaida,F
Yahaira,F
Yahani,F
Yahara,F
Yahari,F
Yaharia,F
Yahasha,F
Yahav,Unisex
Yahayra,F
Yahcob,M
Yahdira,F
Yahel,M
Yaheli,F
Yaheya,M
Yahhya ,M
Yahia,M
Yahilin,F
Yahir,M
Yahira,F
Yahire,F
Yahiya ,M
Yahli,Unisex
Yahmir,M
Yahn,M
Yahna,F
Yahne,F
Yahnika,F
Yahnyce,F
Yahoshua,M
Yahozka,F
Yahra,F
Yahriel,M
Yahshua,M
Yahsir,M
Yahushua,M
Yahvi,F
Yahweh,M
Yahya,M
Yahyaa ,M
Yahyah ,M
Yahye,M
Yahyee,M
Yahzarah,F
Yai,M
Yaicha,F
Yaidden,M
Yaidel,M
Yaiden,M
Yaila,F
Yaileen,F
Yaileena,F
Yailen,F
Yailene,F
Yaileny,F
Yailenys,F
Yailet,F
Yaili,F
Yailin,F
Yailine,F
Yailini,F
Yailum,F
Yailyn,F
Yailynn,F
Yaima,F
Yaimara,F
Yain,M
Yaindhi,F
Yaindhy,F
Yair,M
Yaira,F
Yaire,F
Yairely,F
Yairet,F
Yaireth,F
Yairi,F
Yairis,F
Yairon,M
Yairy,F
Yaisa,F
Yaisha,F
Yaitza,F
Yaiya,M
Yaiza,F
Yajahira,F
Yajaida,F
Yajaira,F
Yajat,M
Yajayra,F
Yajna,F
Yajra,F
Yak,M
Yakandawala,F
Yakeem,M
Yakeen,F
Yakeisha,F
Yakelin,F
Yakeline,F
Yakelyn,F
Yakema,F
Yakia,F
Yakima,F
Yakina,F
Yakini,F
Yakir,M
Yakira,F
Yakirah,F
Yakisha,F
Yakita,F
Yakob,M
Yakobu,M
Yakoda,M
Yakoub ,M
Yakoumi,M
Yakov,M
Yaksh,M
Yaksha,F
Yaku,M
Yakub,M
Yakup ,M
Yakyra,F
Yalaena,F
Yalaina,F
Yalana,F
Yalanda,F
Yalani,F
Yalda,F
Yaldar,M
Yale,M
Yaleena,F
Yaleiza,F
Yalena,F
Yaleni,F
Yaleska,F
Yalexa,F
Yalexi,F
Yalexia,F
Yalexis,F
Yaleyza,F
Yali,Unisex
Yalia,F
Yalimar,F
Yalin ,M
Yalina,F
Yalini,F
Yalisa,F
Yalissa,F
Yalith,F
Yalitza,F
Yalixa,F
Yaliyah,F
Yallara,F
Yalo,M
Yalonda,F
Yama,M
Yamadou,M
Yamaelle,F
Yamaira,F
Yamajesty,M
Yamal,M
Yaman,M
Yamani,Unisex
Yamara,F
Yamari,F
Yamarie,F
Yamaris,F
Yamatji,M
Yamato,M
Yamato-Thibaud,M
Yamaya,F
Yameen,M
Yameka,F
Yamel,Unisex
Yameli,F
Yamelin,F
Yamely,F
Yamen,M
Yami,F
Yamia,F
Yamiah,F
Yamika,F
Yamikani ,M
Yamil,M
Yamila,F
Yamile,F
Yamiled,F
Yamilee,F
Yamiles,F
Yamilet,F
Yamileth,F
Yamilett,F
Yamilette,F
Yamiletz,F
Yamilex,F
Yamiley,F
Yamilez,F
Yamili,F
Yamilka,F
Yamillah,F
Yamille,F
Yamillet,F
Yamily,F
Yamin,M
Yamina,F
Yaminah,F
Yamini,F
Yamir,M
Yamira,F
Yamisha,F
Yamiyah,F
Yamluck,F
Yamma,F
Yamna,F
Yamuna,F
Yamur ,F
Yan,Unisex
Yan-li,F
Yan-mei,F
Yan-Ting,F
Yan-yan,F
Yan-Yee,F
Yana,F
Yana-Lee,F
Yanabah,F
Yanada,F
Yanae,F
Yanael,M
Yanah,F
Yanahi,F
Yanai,F
Yanaira,F
Yanairis,F
Yanais,F
Yanaisa,F
Yanaisi,F
Yanaiza,F
Yanali,F
Yanalis,F
Yanaliz,F
Yanara,F
Yanari,F
Yanarrah,F
Yanay,F
Yanbo,M
Yancarlo,M
Yancarlos,M
Yance,M
Yancey,M
Yanchen,M
Yanci,F
Yancy,Unisex
Yandel,M
Yandell,M
Yandene,F
Yander,M
Yanderi,F
Yandi,Unisex
Yandiel,M
Yandier,M
Yandiparee,M
Yandle,M
Yandriel,M
Yandro,M
Yandry,M
Yandy,Unisex
Yaned,F
Yaneder,M
Yanee,F
Yaneek,F
Yaneese,F
Yaneira,F
Yaneiry,F
Yaneisha,F
Yaneisi,F
Yaneisy,F
Yanek,M
Yanel,F
Yanela,F
Yaneli,F
Yanelie,F
Yanelis,F
Yaneliz,F
Yanell,F
Yanelle,F
Yanelli,F
Yanellie,F
Yanelly,F
Yanely,F
Yanelys,F
Yaneri,F
Yaneris,F
Yanesa,F
Yanese,F
Yanesha,F
Yanessa,F
Yanet,F
Yaneth,F
Yanett,F
Yanette,F
Yanetzi,F
Yanetzy,F
Yanexi,F
Yang,Unisex
Yangathi,F
Yangi,F
Yangyang,M
Yangyi,M
Yangzom,F
Yani,Unisex
Yania,F
Yaniah,F
Yanibel,F
Yanic,M
Yanice,F
Yanichel,F
Yanichel-Zaina,F
Yanick,Unisex
Yanida,F
Yanie,F
Yaniece,F
Yaniel,M
Yanielis,F
Yanieliz,F
Yanik,M
Yanika,F
Yanil,F
Yanilen,F
Yanilet,F
Yanileth,F
Yanill,F
Yanin,F
Yanina,F
Yanine,F
Yanique,F
Yanir,M
Yanira,F
Yanire,F
Yaniris,F
Yanis,Unisex
Yanisa,F
Yanise,F
Yanish,M
Yanisha,F
Yanishka,F
Yanisley,F
Yanissa,F
Yanisse,F
Yanit,F
Yanita,F
Yanitza,F
Yanitzi,F
Yanitzia,F
Yaniv,M
Yanive,M
Yanixa,F
Yanixan,M
Yaniya,F
Yaniyah,F
Yaniz,F
Yanka,F
Yankagi,M
Yankarlo,M
Yankee,M
Yanko,M
Yankun,M
Yanky,M
YanLiang,M
Yann,M
Yanna,F
Yannah,F
Yannai,M
Yannel,F
Yanneli,F
Yannely,F
Yannery,F
Yannet,F
Yanneth,F
Yannette,F
Yanni,Unisex
Yannic,M
Yannicia,F
Yannick,M
Yannick-Alexandre,M
Yannicke,M
Yannie,F
Yannii,M
Yannik,M
Yannika,F
Yannike,F
Yannira,F
Yannis,Unisex
Yannuel,M
Yanny,F
Yanoola,F
Yanos,M
Yanoula,F
Yans,M
Yansel,M
Yansh,M
Yanshu,F
Yansi,F
Yansiel,M
Yantel,F
Yanthe,F
Yanthelle,F
Yanti,F
Yanto,M
Yanuck,M
Yanuel,M
Yanxiel,M
Yany,M
Yanya,F
Yanze,M
Yanzel,M
Yanzi,M
Yanziel,M
Yao,M
Yaobe,M
Yaoska,F
Yaotl,M
Yaoyu,M
Yap,M
Yaparla,F
Yaphet,M
Yapheth,M
Yaphett,M
Yaprak ,F
Yaqeen,Unisex
Yaqin,M
Yaqing,Unisex
Yaqoob,M
Yaqoub,M
Yaqub,M
Yaquelin,F
Yaqueline,F
Yaquelyn,F
Yaqut,M
Yaquta,F
Yaquub ,M
Yar,F
Yara,F
Yarah,F
Yarali,F
Yaralis,F
Yaraliz,F
Yaran ,Unisex
Yaray,F
Yarazet,F
Yarazeth,F
Yardan,M
Yarden,Unisex
Yardena,F
Yardley,Unisex
Yarecsi,F
Yared,Unisex
Yaree,F
Yareily,F
Yarel,Unisex
Yareli,F
Yarelie,F
Yarelin,F
Yarelis,F
Yareliz,F
Yarell,M
Yarelli,F
Yarelly,F
Yarely,F
Yarelyn,F
Yarelys,F
Yaremi,F
Yaremy,F
Yaren,F
Yareni,F
Yarenis,F
Yareny,F
Yarenys,F
Yaresi,F
Yaresli,F
Yaresly,F
Yaressi,F
Yaret,Unisex
Yaretci,F
Yaretcy,F
Yareth,Unisex
Yarethzi,F
Yarethzy,F
Yaretsi,F
Yaretsy,F
Yarett,F
Yaretza,F
Yaretzi,F
Yaretzie,F
Yaretzy,F
Yarexi,F
Yarexy,F
Yari,F
Yariah,F
Yariana,F
Yarianna,F
Yarianny,F
Yaribel,F
Yaribeth,F
Yaricelis,F
Yaricsa,F
Yaricza,F
Yarida,F
Yariel,M
Yariela,F
Yarieli,F
Yarielis,F
Yarieliz,F
Yariely,F
Yarielys,F
Yarifalanthi,F
Yarik,M
Yarilis,F
Yariliz,F
Yarilyn,F
Yarima,F
Yarimar,F
Yarin,Unisex
Yarina,F
Yarira,F
Yaris,F
Yarisa,F
Yarisamar,F
Yarisbel,F
Yarisbeth,F
Yarisel,F
Yarisleidi,F
Yarisleidy,F
Yarisley,F
Yarisma,F
Yarismar,F
Yarissa,F
Yarithza,F
Yaritsa,F
Yaritssa,F
Yaritza,F
Yaritzel,F
Yaritzi,F
Yaritzia,F
Yaritzy,F
Yaritzza,F
Yarixa,F
Yarixsa,F
Yariza,F
Yarizel,F
Yarizmar,F
Yarkanewinyeri,F
Yarleth,F
Yarley,M
Yarlie,F
Yarlin,F
Yarlyn,F
Yarna,F
Yarnell,Unisex
Yarnelle,F
Yarni,Unisex
Yarno,M
Yaro,M
Yaromir,M
Yaron,M
Yaroon,M
Yaroslav,M
Yaroslava,F
Yaroslaw,M
Yaroslawa,F
Yaroub,M
Yarra,Unisex
Yarran,M
Yarred,M
Yarren,M
Yarrol,M
Yarrow,Unisex
Yarrun,M
Yarryd,M
Yary,F
Yaryn,M
Yarzar,M
Yas,F
Yasa ,M
Yasahmane,F
Yasaira,F
Yasali,F
Yasaman,F
Yasameen,F
Yasamin,F
Yasamine,F
Yasar ,M
Yasari,F
Yasas,M
Yasashvi,F
Yasbella,F
Yascha,M
Yaschia,F
Yaschica,F
Yaseen,M
Yaseer,M
Yasein,M
Yasel,M
Yaselin,F
Yasemeen,F
Yasemin,F
Yasen,M
Yasenia,F
Yaser,M
Yash,M
Yash-Kumar,M
Yasha,Unisex
Yasha-jane,F
Yashal ,F
Yashan,M
Yashangi,F
Yashar,M
Yashas,M
Yashashree,F
Yashashri,F
Yashasvi,F
Yashaswini,F
Yashawn,M
Yashbir,M
Yashdeep,M
Yashdip,M
Yasheca,F
Yasheika,F
Yasheka,F
Yashekia,F
Yasher,M
Yashera,F
Yashfa ,F
Yashfeen ,F
Yashharan,F
Yashi,F
Yashia,F
Yashica,F
Yashika,F
Yashil ,M
Yashima,F
Yashin,M
Yashir,M
Yashira,F
Yashita,F
Yashjeet,Unisex
Yashkarn,M
Yashley,F
Yashman,M
Yashmeen,F
Yashmeet,M
Yashmin,F
Yashmit,M
Yashmita,F
Yashna ,F
Yashneel,M
Yashni ,F
Yashnit,M
Yashnoor,F
Yashoda,F
Yashoda-nandana,M
Yashodara,F
Yashpal,M
Yashpreet,Unisex
Yashraj,M
Yashriya,F
Yashswi,M
Yashua,M
Yashv,M
Yashvardhan,M
Yashveer,M
Yashvi,F
Yashvin,M
Yashvir ,M
Yashwant,M
Yashwanth,M
Yashwi,F
Yasiah,F
Yasiel,M
Yasien,M
Yasiin,M
Yasilios,M
Yasim,M
Yasimina,F
Yasin,M
Yasina,F
Yasine,M
Yasir,M
Yasira,F
Yasirah,F
Yasiris,F
Yasleen,F
Yaslen,F
Yaslene,F
Yasley,F
Yaslin,F
Yasline,F
Yasly,F
Yaslyn,F
Yaslynn,F
Yasma,F
Yasmain,F
Yasmaine,F
Yasman,F
Yasmani,M
Yasmany,M
Yasmean,F
Yasmeen,F
Yasmeen-amal,F
Yasmeena,F
Yasmeenah ,F
Yasmein,F
Yasmeli,F
Yasmen,F
Yasmene,F
Yasmien,F
Yasmiin,F
Yasmika,F
Yasmim,F
Yasmin,F
Yasmin-dina,F
Yasmin-lee,F
Yasmin-may,F
Yasmina,F
Yasminah,F
Yasminda,F
Yasmine,F
Yasmine-faye,F
Yasmine-Jeet,F
Yasmine-Rose,F
Yasminh,F
Yasmir,F
Yasmira,F
Yasmyn,F
Yasmyne,F
Yasna,F
Yasni,F
Yasniel,M
Yasra,F
Yassa,F
Yassah,F
Yassamin,F
Yassandra-Noemy,F
Yassar ,M
Yasseen,M
Yassein,M
Yassen,M
Yasser,M
Yassian,M
Yassiel,M
Yassier,M
Yassin,M
Yassin-Yaqub,M
Yassine,M
Yassir,M
Yassmeen,F
Yassmen,F
Yassmin,F
Yassmina,F
Yassmine,F
YassTe,F
Yastelin,F
Yasua,F
Yasue,F
Yasuhiro,M
Yasuko,F
Yasun,M
Yasunobu,M
Yasunori,M
Yasuo,M
Yasuri,F
Yat ,M
Yat-Hang,M
Yatana,F
Yatasha,F
Yatee,F
Yates,M
Yateson,M
Yatha,M
Yatharth,M
Yathavan,M
Yathrib,F
Yathziri,F
Yathziry,F
Yatin,M
Yatish,M
Yatisha,F
Yatlung,M
Yatta,F
Yatzari,F
Yatzary,F
Yatzel,F
Yatziel,M
Yatzil,F
Yatziri,F
Yatziry,F
Yau,Unisex
Yauheni,M
Yauna,F
Yav-Mulaj,M
Yavanna,F
Yavar,M
Yavette,F
Yavian,M
Yaviel,M
Yavier,M
Yavin,M
Yavonda,F
Yavonna,F
Yavonne,F
Yavor ,M
Yavuz,M
Yaw,M
Yawanda,F
Yawar ,M
Yawen,F
Yawens,M
Yaxaira,F
Yaxel,M
Yaxeni,F
Yaxi,F
Yaxiel,M
Yaxiry,F
Yaxya,M
Yaxye,M
Yaya,M
Yayeko,F
Yayin,M
Yaylin,F
Yayoi,F
Yayoun,M
Yayra,F
Yayuk,F
Yaz,M
Yazaan,M
Yazaira,F
Yazan,M
Yazarae,F
Yazareth,F
Yazayra,F
Yazbeth,F
Yazda,F
Yazdaan,M
Yazdan ,M
Yazeed,M
Yazeen,M
Yazeera,F
Yazel,F
Yazela,F
Yazen,M
Yazhen,F
Yazhini,F
Yazid,M
Yaziel,M
Yazien,M
Yaziid,M
Yazil,F
Yazin,M
Yazir,M
Yazira,F
Yazlee,F
Yazleemar,F
Yazleen,F
Yazlen,F
Yazlene,F
Yazlin,F
Yazline,F
Yazlyn,F
Yazlynn,F
Yazman,F
Yazmarie,F
Yazmeen,F
Yazmen,F
Yazmene,F
Yazmika,F
Yazmin,F
Yazmina,F
Yazmine,F
Yazmyn,F
Yazmyne,F
Yazn,M
Yazun,M
Yazuri,F
Yazzie,M
Yazziel,M
Yazzmin,F
Yazzmine,F
Ydania,F
Ye,Unisex
Ye'sem,F
Ye-Jean,F
Ye-Sung,M
Yea ,F
Yeab,M
Yeab'sra,M
Yeabsera,Unisex
Yeabsira,M
Yeabsra-Samuel,M
Yeabssira,M
Yeah,M
Yeahlina,F
Yeamlak,M
Yean,F
Yean-sim,F
Yeanna,F
Yeanor,F
Yeashilkumar,M
Yeasin,M
Yeatoe,F
Yecenia,F
Yecheskel,M
Yechezkel,M
Yechiel,M
Yecica,F
Yedar,F
Yedda,F
Yeddis,F
Yedid,F
Yedida,F
Yedidia,Unisex
Yedidiah,M
Yedidya,M
Yedidyah,F
Yediel,M
Yee,Unisex
Yee-lin,F
Yee-Ling,F
Yee-Lok,M
Yee-May,F
Yee-shun,M
Yee-Ting,F
Yee-Yau,M
Yeeleng,M
Yeeun,F
Yeewen,M
Yeewon,M
Yeferson,M
Yefim,M
Yefri,M
Yegaita,M
Yeganah,F
Yegor,M
Yeguk,M
Yeh,F
Yehezkel,M
Yehia,M
Yehlan,M
Yehobin,M
Yehohnathan,M
Yehonatan,M
Yehosheva,F
Yehoshoa,M
Yehoshua,M
Yehßti,F
Yehuda,M
Yehudah,M
Yehudi,M
Yehudis,F
Yehudit,F
Yehwalashet,F
Yehya,M
Yeicelyn,F
Yeico,M
Yeicob,M
Yeidan,M
Yeiden,M
Yeidy,F
Yeighna,F
Yeila,F
Yeilani,F
Yeilda,F
Yeilen,F
Yeili,F
Yeilin,F
Yeily,F
Yeilyn,F
Yeimi,F
Yeimy,F
Yein,F
Yeinny,F
Yeira,F
Yeiran,M
Yeiren,M
Yeiri,F
Yeiry,F
Yeison,M
Yeisy,F
Yejee,F
Yeji,F
Yejide,F
Yejin,F
Yejoon,M
Yejun,M
Yekaterina,F
Yekcan ,M
Yekta ,Unisex
Yekusiel,M
Yel,M
Yelaina,F
Yelda ,F
Yeleina,F
Yeleini,F
Yelena,F
Yelena-helen,F
Yeleni,F
Yelenis,F
Yelenna,F
Yelin,F
Yelina,F
Yelisa,F
Yelisaveta,F
Yelisey,M
Yelissa,F
Yelitza,F
Yelixa,F
Yeliz,F
Yelizaveta,F
Yelizavida,F
Yellena,F
Yellenna,F
Yellow,F
Yelonda,F
YelTna,F
Yeltsin,M
Yema,F
Yemaje,M
Yemane,M
Yemanya,F
Yemariam,F
Yemaya,F
Yemayß,F
Yemeya,F
Yemima,F
Yemimah,F
Yemiru,M
Yemishat,F
Yemisi,F
Yemisirach,F
Yemon,M
Yen,F
Yen-ha,F
Yen-han,M
Yen-mi,F
Yen-my,F
Yena,F
Yenah,F
Yenci,F
Yencie,F
Yency,F
Yenda,F
Yendi,F
Yendriel,M
Yendy,F
Yeneisy,F
Yener,M
Yenesis,F
Yeng,Unisex
Yengkong,M
Yeni,F
Yenia,F
Yeniel,M
Yenifer,F
Yenika,F
Yenis,F
Yenisel,F
Yenita,F
Yenitza,F
Yenna,F
Yennhi,F
Yenni,F
Yennie,F
Yennifer,F
Yenny,F
Yensi,F
Yensid,F
Yensy,F
Yenta,F
Yentel,F
Yentl,F
Yenty,F
Yenul,M
Yenuli,F
Yenumi,F
Yeny,F
Yenyee,F
Yeobanny,M
Yeogyeong,F
Yeoj,F
Yeon,F
Yeona,F
Yeong,F
Yeonji,F
Yeonju,F
Yeonseo,F
Yeonwho,F
Yeoryi,M
Yeoryia,F
Yeqi,M
Yer,Unisex
Yerachmiel,M
Yerai,M
Yerakina,F
Yeral,M
Yeraldi,F
Yeraldin,F
Yeraldine,F
Yeraldo,M
Yeraldy,F
Yerani,F
Yerania,F
Yerasimos,M
Yeray,M
Yered,M
Yerelin,F
Yeremi,M
Yeremiah,M
Yeremy,M
Yerenia,F
Yerica,F
Yerick,M
Yeriel,M
Yerik,M
Yerika,F
Yerimar,F
Yerin,F
Yeritza,F
Yerli,F
Yerlin,F
Yerly,F
Yermi,M
Yermionia,F
Yero,M
Yeroisa,M
Yeron,M
Yerosan,M
Yerucham,M
Yeruchem,M
Yerusalem,F
Yerusalem-haileyesus,F
Yeryn,F
Yerzy,M
Yesan,F
Yesania,F
Yescenia,F
Yesel,F
Yesemia,F
Yesena,F
Yesenia,F
Yesenio,F
Yesennia,F
Yesenya,F
Yesh,M
Yesha,F
Yeshas,M
Yeshasvi,M
Yeshavi,F
Yeshaya,M
Yeshayahu,M
Yeshe,F
Yeshi,F
Yeshia,Unisex
Yeshka,F
Yeshua,M
Yeshuah,M
Yeshurun,M
Yeshurun-Samuel,M
Yeshwani,F
Yesica,F
Yesika,F
Yesilyn,F
Yesim ,F
Yesim-melis,F
Yesina,F
Yesinia,F
Yesl,F
Yesley,F
Yesli,F
Yeslie,F
Yeslin,F
Yesly,F
Yesmean,F
Yesmeen,F
Yesmen,F
Yesmi,F
Yesmin,F
Yesmine,F
Yesnia,F
Yessel,F
Yessenia,F
Yessenia-Arleth,F
Yessenya,F
Yesser,F
Yessi,F
Yessia,F
Yessica,F
Yessika,F
Yessine ,M
Yestin,M
Yestine,M
Yetayale,M
Yetemgeta,M
Yeter,F
Yetive,F
Yetta,F
Yetunde,F
Yetzael,M
Yetzali,F
Yetzaly,F
Yetziel,M
Yeudiel,M
Yeuk,M
Yeukaishe,F
Yeung,M
Yeva,F
Yevett,F
Yevetta,F
Yevette,F
Yevgeni,M
Yevgeniy,M
Yevghenia,F
Yevin,M
Yevon,M
Yevonne,F
Yew,M
Yewande,F
Yewell,M
Yewhans,M
Yewon,F
Yeworn,F
Yexalen,F
Yexenia,F
Yexiel,M
Yexsica,F
Yeymi,F
Yeyson,M
Yezda ,F
Yezen,M
Yezenia,F
Ygnacia,F
Ygnacio,M
Yhadira,F
Yhael,M
Yhair,M
Yhakubu,M
Yhale,M
Yhana,F
Yhara,F
Yhoalibeth,F
Yhonnie,F
Yhuan,M
Yhumi,F
Yhuri,M
Yi,Unisex
Yi-Ann,F
Yi-Fei,F
Yi-hsiang,F
Yi-hua,F
Yi-kai,M
Yi-Li,M
Yi-Long,F
Yi-Ning,F
Yi-Xin,M
Yi-Xzen,F
Yi-Yu,M
Yia,M
Yiacovos,M
Yian,M
Yiana,F
Yianakis,M
Yiangos,M
Yiani,M
Yianis,M
Yianna,F
Yiannakis,M
Yianni,M
Yiannis,M
Yiannoula,F
Yiannoulla,F
Yiasmin,F
Yibei,F
Yibel,M
Yicel,F
Yichen,Unisex
Yicheng,M
Yick,Unisex
Yick-ken,M
Yida,M
Yidana,M
Yiddy,M
Yidel,M
Yides,F
Yididia,F
Yididya,F
Yien,M
Yiesha,F
Yifan,Unisex
Yifei ,Unisex
Yifeng,Unisex
Yige,F
Yigit,M
Yigithan,M
Yihan,Unisex
YiHeng,M
Yihui,M
Yihya,M
Yijia,Unisex
Yijiajia,F
Yijie,Unisex
Yik,Unisex
Yika,F
Yilan,M
Yilana,F
Yilda,F
Yildiz ,F
Yilei,Unisex
Yili,M
Yilia,F
Yilin,F
Yilmaz ,M
Yilong,M
Yim,F
Yimag,M
Yimaj,M
Yiman,F
Yimang,M
Yimi,M
Yiming,M
Yimrehane,M
Yin,Unisex
Yin-Che,F
Yin-chen,F
Yin-Chun,M
Yin-hui,F
Yina,F
Yinan,M
Yindi,F
Yinedi,M
Yinessa,Unisex
Ying,Unisex
Ying-di,F
Ying-Jie,F
Ying-li,F
Ying-Xiang,F
Ying-Yeung,M
Ying-Ying,F
Yingshang,M
Yingshi,M
Yingxi,F
Yinhong,M
Yinon,M
Yinuo,Unisex
Yinyin,F
Yioanna,F
Yiodoula,F
Yiona,F
Yiorgios,M
Yiorgo,M
Yiorgos,M
Yioryia,F
Yioula,F
Yiovanni,M
Yipeng,M
YiQiao,F
Yiqing,F
Yira,F
Yiran,Unisex
Yireh,F
Yirgjhilya-mary,F
Yirie,F
Yirmeyah,M
Yiru,F
Yisehak,M
Yisel,F
Yisela,F
Yisell,F
Yiselle,F
Yisen,M
Yisenia,F
Yishai,M
Yishay,M
Yishi,F
Yisleine,F
Yismakyahuw,M
Yisrael,M
Yisroel,M
Yissachar,M
Yissel,F
Yissell,F
Yisselle,F
Yissochor,M
Yita,F
Yitayih,M
Yitel,F
Yitian ,M
Yiting,F
Yitong,F
Yitsel,F
Yitta,F
Yittel,F
Yitty,F
Yitzchak,M
Yitzchock,M
Yitzchok,M
Yitzel,F
Yitzhak,M
Yitzi ,M
Yiu ,Unisex
Yiu-Kei,M
Yiu-Tung,M
Yivana,F
YiXi,M
Yixiang,M
Yixin,F
Yixuan,Unisex
Yixun,M
Yiyang,M
Yiyi,F
Yiyoung,F
Yize,M
Yizel,F
Yizelle,F
Yizhe,M
Yizhen,F
Yizza,F
Ykeisha,F
Yker,M
Yketa,F
Ykje,F
Ylaine,F
Ylan,F
Ylana,F
Ylanah,F
Ylanda,F
Ylani,F
Ylanna,F
Ylario,M
Ylber,M
Yle,M
Yleana,F
Ylena,F
Ylenia,F
Yler,M
Ylexus,F
Yliana,F
Ylianna,F
Ylijah,M
Yll,M
Yllan,M
Yllana,F
Yllannah,F
Ylleze,F
Ylli ,M
Yllka ,F
Ylonda,F
Ylonka,F
Ylum,M
Ylva ,F
Yma,F
Yman,M
Ymani,F
Ymari,F
Ymelda,F
Ymer,M
Ymir,M
Yna,F
Ynai,F
Yndes,F
Yned,F
Ynes,Unisex
Ynez,F
Ynga,F
Yngred,F
Yngwie,M
Ynhi,F
Ynis,F
Ynnah,F
Ynyr ,M
Ynys,F
Yo,F
Yo-yi,M
Yoa,M
Yoaana,F
Yoab,M
Yoal,M
Yoali,F
Yoaly,F
Yoan,M
Yoan-konstantin,M
Yoana,F
Yoandi,M
Yoandra,F
Yoandri,M
Yoandry,M
Yoandy,M
Yoani,M
Yoann,M
Yoanna,F
Yoanne,F
Yoany,F
Yoas,M
Yoav,M
Yoban,F
Yobana,F
Yobani,M
Yobany,M
Yobel ,M
Yobele,M
Yobella,F
Yobo,F
Yocabed,F
Yocasta,F
Yocelin,F
Yoceline,F
Yocelyn,F
Yocelyne,F
Yocelynn,F
Yochanan,M
Yochanon,M
Yocheved,F
Yodi,F
Yodit,F
Yody,M
Yoeal,M
Yoel,M
Yoeli,F
Yoenis,M
Yoenne,F
Yoerinson,M
Yoesph,M
Yoexis,M
Yoftia,M
Yogeeta,F
Yogesh,M
Yogeshkumar,M
Yogev,M
Yogi,M
Yogishwar,M
Yognimala,F
Yogta,F
Yohaan,M
Yohali,F
Yohan,M
Yohana,F
Yohanan,M
Yohance,M
Yohandry,M
Yohane,M
Yohanes,M
Yohann,M
Yohanna,F
Yohannah,F
Yohanne-Iza,F
Yohannes,M
Yohannis,M
Yohannus,M
Yohans,M
Yoharna,F
Yohei,M
Yohel,M
Yohji,M
Yohnny,M
Yohsuke,M
Yoichi,M
Yojaira,F
Yojan,M
Yojana,F
Yojhan,M
Yoji,M
Yokasta,F
Yoko,F
Yol,M
Yola,F
Yolaine,F
Yolan,F
Yolana,F
Yoland,F
Yolanda,F
Yolanda-evelyn,F
Yolande,F
Yolander,F
Yolandia,F
Yolandita,F
Yolando,F
Yolandra,F
Yolani,F
Yolanna,F
Yolanta,F
Yolany,F
Yolaunda,F
Yoldas,M
Yole-lucia,Unisex
Yolenda,F
Yolene,F
Yolet,F
Yoleth,F
Yolette,F
Yoli,F
Yolimar,F
Yolinda,F
Yolisma,F
Yollana,F
Yollanda,F
Yollande,F
Yolonda,F
Yolonde,F
Yoloni,F
Yolonka,F
Yolotzin,F
Yoltzin,Unisex
Yolunda,F
Yolunde,F
Yom,Unisex
Yomade,F
Yomaira,F
Yomaly,F
Yomar,M
Yomara,F
Yomari,F
Yomaris,F
Yomayra,F
Yomel,M
Yomira,F
Yomna,F
Yomo,M
Yomogi,M
Yomtov,M
Yon,M
Yona,Unisex
Yonadab,M
Yonadav,M
Yonael,M
Yonah,M
Yonas,M
Yonas-Hans,M
Yonason,M
Yonata,M
Yonatan,M
Yonathan,M
Yonaton,M
Yonda,F
Yonden,F
Yondric,M
Yondu,F
Yone,F
Yoneko,F
Yonel,M
Yoneo,M
Yong,Unisex
Yong-Hyuk,M
Yongde,M
Yongjin,M
Yongyuan,M
Yongzeng,M
Yoni,M
Yonic,M
Yonich,M
Yoniel,M
Yonika,F
Yonina,F
Yonique,F
Yonis,M
Yonisa,F
Yonit,F
Yonna,F
Yonnas,M
Yonnase,M
Yonni,M
Yonnie,F
Yonny,M
Yonty,M
Yonwoo,F
Yony,M
Yoo,F
Yoo-Kyoung,F
YooJin,Unisex
Yool,F
Yoolarai,F
Yoomin,M
Yoon,Unisex
Yoon-sung,M
Yoona,F
Yoong,M
Yoonis ,M
YoonJae,M
Yoonseo,F
Yoonsung ,M
Yoonus ,M
Yoori,F
Yoosuf ,M
Yoram,M
Yorcabell,F
Yordan,M
Yordanny,M
Yordano,M
Yordanos,F
Yordany,M
Yordi,M
Yordin,M
Yordnaly,F
Yordy,M
Yorel,M
Yorgelis,F
Yorgos,M
Yori,Unisex
Yorick,M
Yoriel,M
Yoriz,M
York,M
York-Omama,M
Yorke,M
Yorkie,M
Yorksrak,M
Yorlei,F
Yorleni,F
Yorleny,F
Yorlet,F
Yorley,F
Yorman,M
Yorsalem,F
Yortelala,M
Yoruba,F
Yorvin,M
Yoryous,M
Yosabet,F
Yosaf,M
Yosaira,F
Yosalin,F
Yosan,F
Yosbel,M
Yoscar,M
Yosef,M
Yoseff,M
Yosel,M
Yoseli,F
Yoselin,F
Yoselina,F
Yoseline,F
Yoselyn,F
Yoselyne,F
Yoselynn,F
Yosemite,F
Yoseph,M
Yosgar,M
Yosgard,M
Yosgart,M
Yosgarth,M
Yosha,F
Yoshani,F
Yoshay,F
Yosheka,F
Yoshelle,F
Yoshi,Unisex
Yoshiah,M
Yoshiaki,M
Yoshica,F
Yoshida,F
Yoshie,F
Yoshifumi,M
Yoshigei,F
Yoshigey,F
Yoshiharu,M
Yoshihiko,M
Yoshihiro,M
Yoshihito,M
Yoshika,F
Yoshikatsu,M
Yoshikazu,M
Yoshiki,M
Yoshiko,F
Yoshim,M
Yoshimi,Unisex
Yoshimitsu,M
Yoshino,F
Yoshinobu,M
Yoshinori,M
Yoshio,M
Yoshira,F
Yoshiro,M
Yoshitaka,M
Yoshito,M
Yoshiya,M
Yoshiyah,M
Yoshiye,F
Yoshiyuki,M
Yoshua,M
Yosiah,M
Yosias,M
Yosief,M
Yosiel,M
Yosif,M
Yosilin,F
Yosimar,M
Yoska,M
Yoskar,M
Yoslan,M
Yosmairy,F
Yosman,M
Yosmar,M
Yosmely,F
Yosniel,M
Yosof,M
Yosoph,M
Yosra ,F
Yossef,M
Yosselin,F
Yosseline,F
Yosselyn,F
Yossi,M
Yossra,F
Yost,M
Yostin,M
Yostina,F
Yostyn,M
Yosue,M
Yosuel,M
Yosuf,M
Yosuke,M
Yosvani,M
Yosvany,M
Yosyas ,M
Yota,F
Yotam,M
Yotham,M
Yotin,M
You,Unisex
You-lin,M
You-Min,M
Youa,F
Youan,M
Youcef,M
Youchen,F
Youcheng,F
Youdis,M
Youel,M
Youenn,M
Youhan,M
Youhanna,F
Youie,F
YouJin,M
Youka,F
Youki,M
Youko,F
Youlanda,F
Youlander,F
Youlonda,F
Youma,F
Youmin,M
Youmna ,F
Youn,M
Youn-Mi,F
Youna,F
Younas ,M
Younatan,M
Younes,M
Youness,M
Younesse,M
Young,Unisex
Young-ae,F
Young-Jin,M
Young-jun,M
Youngel,M
Younger,M
Youngjae,F
Younies,M
Younique,F
Younis,M
Youniss,M
Younus,M
Youp,M
Youran,F
Youri,M
Youry,F
Yousaf,M
Yousaff,M
Yousef,M
Youseff,M
Yousefullah,M
Youseph,M
Yousf ,M
Yousha ,M
Yousif,M
Yousinda,F
Yousof,M
Yousouf,M
Yousra,F
Yousre,F
Youssef,M
Youssef-Wetedan,M
Yousseff,M
Youssf,M
Youssif,M
Youssiff,M
Youssof,M
Youssouf,M
Youssra,F
Youstina,F
Yousuf,M
Yousuke,M
Youtin,M
Youvraj,M
Youyu,M
Yovan,M
Yovana,F
Yovani,M
Yovanka,F
Yovanna,F
Yovanni,M
Yovanny,M
Yovany,M
Yovela,F
Yovella,F
Yovonda,F
Yovonne,F
Yovraj,M
Yow,M
Yow-Chong,M
Yowanda,F
Yoyo,F
Yoyou,F
Yozanna,F
Yozef,M
Yozelin,F
Yozina,F
Yram,F
Yrania,F
Yrannpartap,M
Yrena,F
Yridiana,F
Yruwsha,F
Ysa,F
Ysaak,M
Ysabeau ,F
Ysabel,Unisex
Ysabela,F
Ysabell,F
Ysabella,F
Ysabelle,F
Ysamar,F
Ysanna,F
Ysannah,F
Ysanne ,F
Ysatis,F
Ysatrice,F
Ysaura,F
Yseault,F
Ysela,F
Ysella ,F
Ysenia,F
Yseult ,F
Ysha,F
Yshien,F
Yshmael,M
Ysidora,F
Ysidoro,M
Ysidra,F
Ysidro,M
Yslash,M
Ysmael,M
Ysnije,F
Ysobel,F
Ysobella ,F
Ysrael,M
Ysreall,M
Yssabella,F
Ystella,F
Ytasi,F
Ytbarek,M
Ythan ,M
YTlena,F
Ytsje-Anna,F
Ytzel,F
Yu,Unisex
Yu-een,F
Yu-en,F
Yu-fan,F
Yu-Hin,M
Yu-ho,M
Yu-I,F
Yu-jillia,F
Yu-le,M
Yu-li,F
Yu-Lin,F
Yu-qing,M
Yu-Ren,M
Yu-Sheng,M
Yu-shiang,M
Yu-Tzu,F
Yu-xuan,F
Yu-Yueng,M
Yuab,M
Yuahn,F
Yuan,Unisex
Yuana,F
Yuanchuang,M
Yuang,M
Yuanjie,M
Yuanshan,M
Yuanze,M
Yuba,F
Yubal,M
Yubia,F
Yubin,F
Yubo ,M
Yuchen,Unisex
Yucheng,M
Yuda,M
Yudani,F
Yudany,F
Yudelca,F
Yudelka,F
Yuden,F
Yudhistira,M
Yudhveer ,M
Yudi,F
Yudiel,M
Yudit,F
Yudith,F
Yudy,F
Yue,Unisex
Yue-Bon,M
Yue-Xing,M
Yueh,F
Yuehan,M
Yuei,F
Yuel ,M
Yuelan,M
Yuen,Unisex
Yuen-Ling,F
Yuen-Sum,F
Yuen-Ting,F
Yuepeng,M
Yuepheng,M
Yuergen,M
Yuet,F
Yueting,F
Yuetong,F
Yuette,F
Yuew,M
Yuexin,F
Yueying,F
Yufan,Unisex
Yufei,F
Yug,M
Yuga,M
Yugan,M
Yugeeth,M
Yugen,M
Yugmel,M
Yugo,M
Yugoslav,M
Yugveer,M
Yuh,F
Yuha,F
Yuhan,F
Yuhana,M
Yuhanna,M
Yuhao ,M
Yuhi,M
Yuhki,M
Yuhko,F
Yuhong,M
Yuhyeon,M
Yui,F
Yuika,F
Yuina,F
Yuisa,F
Yuito,M
Yujeong,F
Yuji,M
Yujin,F
Yuk ,Unisex
Yuk-Gwen,F
Yuk-maan,F
Yuka,F
Yukai ,M
Yukari,F
Yukary,F
Yuki,Unisex
Yukia,F
Yukie,F
Yukihero,M
Yukihiro,M
Yukiko,F
Yukina,F
Yukine,F
Yukino,F
Yukio,M
Yukiya,M
Yukiye,F
Yuko,F
Yukon,M
Yuksel,Unisex
Yukta,F
Yuktha,F
Yukti,F
Yukwal,M
Yukwan,M
Yul,M
Yula,F
Yulahnia,F
Yulana,F
Yulanda,F
Yulande,F
Yulander,F
Yulduz,F
Yule,M
Yuleidi,F
Yuleidy,F
Yuleiky,F
Yuleimi,F
Yuleimy,F
Yuleisi,F
Yuleisy,F
Yulema,F
Yulemi,F
Yulemni,F
Yulena,F
Yulene,F
Yuleni,F
Yulexi,F
Yuleydi,F
Yuleysi,F
Yuli,F
Yulia,F
Yulian,M
Yuliana,F
Yuliani,F
Yulianna,F
Yulie,F
Yuliet,F
Yulieth,F
Yuliette,F
Yulin,M
Yulinda,F
Yuling,F
Yulis,F
Yulisa,F
Yulissa,F
Yulitza,F
Yulitzy,F
Yuliya,F
Yuliza,F
Yulizza,F
Yullarah,F
Yulli,F
Yulliana,F
Yullinah,F
Yulma,F
Yulonda,F
Yulu,F
Yulunda,F
Yuly,F
Yuma,Unisex
Yumai,F
Yumaira,F
Yumalai,F
Yumalay,F
Yumara,F
Yume,F
Yumeka,F
Yumeko,F
Yumi,F
Yumika,F
Yumiko,F
Yumimi,F
Yumin,Unisex
Yumira,F
Yumna,F
Yumnaa ,F
Yumnah ,F
Yumo,F
Yumu,F
Yun,Unisex
Yun-Cong,M
Yun-Jin,F
Yun-Lin,F
Yuna,F
Yunabelle,F
Yunah,F
Yunalesca,F
Yunay,M
Yunbin,F
Yuneeb,M
Yuneicy,F
Yuneisy,F
Yunes,M
Yuneth,M
Yung,M
Yung-Hua,M
Yung-tai,M
Yunho,M
Yuni,F
Yuniel,M
Yunier,M
Yuning,F
Yunior,M
Yunique,F
Yunis,M
Yunita,F
Yunjia,F
Yunkie,M
Yunnah,F
Yunnuen,F
Yunona-Cassandra,F
Yunoola,F
Yunos,M
Yunuen,F
Yunus,M
Yunxi,F
Yuol,F
YuolJunior,M
Yuot,Unisex
Yupha,F
Yupheng,M
Yuqi ,Unisex
Yuqiao ,F
Yuqing,F
Yura,F
Yuraima,F
Yurana,F
Yurani,F
Yurdanos,F
Yure,M
Yureimy,F
Yurek,M
Yureli,F
Yurely,F
Yurem,M
Yuren,M
Yurgen,M
Yuri,Unisex
Yuria,F
Yuriah,Unisex
Yuriana,F
Yurianna,F
Yurico,F
Yuridia,F
Yuridiana,F
Yurie,F
Yuriel,M
Yurii,M
Yurij,M
Yurik,M
Yurika,F
Yuriko,F
Yurina,F
Yuriria,F
Yuris,M
Yurisa,F
Yurith,F
Yuritza,F
Yuritzi,F
Yuritzia,F
Yuritzy,F
Yurivia,F
Yuriy,M
Yuro,M
Yury,F
Yusaf ,M
Yusairah ,F
Yusayrah,F
Yusef,M
Yuseff,M
Yusei,M
Yuseph ,M
Yusha,M
Yushamen,M
Yushan,F
Yushaw,M
Yushi,M
Yushica,F
Yushin,M
Yushra,F
Yushua ,M
Yusif,M
Yusmeri,F
Yusof,M
Yusra,F
Yusraa ,F
Yusrah ,F
Yussef,M
Yusseph,M
Yussif,M
Yussra ,F
Yussry,M
Yussuf,M
Yustin,M
Yustina,F
Yustyna,F
Yusuf,M
Yusuke,M
Yusupha,M
Yuta,M
Yutah,M
Yutaka,M
Yutaro,M
Yuthmini,F
Yutika ,F
Yuting,F
Yuto,M
Yutong,Unisex
Yutta,F
Yuttika,F
Yutzil,F
Yuuka,F
Yuuki,M
Yuuma,M
Yuumi,F
Yuuna,F
Yuunis,M
Yuusuf ,M
Yuuta,M
Yuv,M
Yuva,M
Yuvaan,M
Yuval,Unisex
Yuvan,M
Yuvansh,M
Yuvaraj,M
Yuvawn,F
Yuvee,F
Yuven,M
Yuvette,F
Yuvi ,M
Yuvia,F
Yuvie,F
Yuvika,F
Yuvin ,M
Yuvleen,M
Yuvnit,M
Yuvonda,F
Yuvonka,F
Yuvonne,F
Yuvpreet,F
Yuvraaj,M
Yuvraan,M
Yuvraj,M
Yuwen,F
Yuxi,F
Yuxin,F
Yuxuan,Unisex
Yuya,M
Yuyang,M
Yuyao,M
Yuying,F
Yuzarsif,M
Yuze,M
Yuzo,M
Yuzo-John,M
Yuzu,F
Yuzuki,F
Yva,F
Yvain,M
Yvaine,F
Yvalondra,F
Yvan,M
Yvana,F
Yvane,M
Yvanna,F
Yvannah,F
Yvannia,F
Yvaughn,M
Yve ,F
Yveariel,M
Yveline,F
Yvelisse,F
Yvelle,F
Yvelyn,F
Yvens,M
Yves,M
Yves-Martin,M
Yves-Matias,M
Yves-Michel,M
Yvet,F
Yveth,F
Yvett,F
Yvetta,F
Yvette,F
Yvette-Lee,F
Yvette-Simone,F
Yvi ,F
Yvianna,F
Yviarne,F
Yvie ,F
Yvita,F
Yvo,M
Yvon,M
Yvonda,F
Yvone,F
Yvonia,F
Yvonna,F
Yvonnda,F
Yvonne,F
Yvonne-Elisabeth,F
Yvonnia,F
Yvonnie,F
Yvy,F
Ywa,M
Yyork,M
Yzabel,F
Yzabella,F
Yzabelle,F
Yzack,M
Yzamar,F
Yzekiel,M
Yzhee,F