Z'Mari ,M
Z'sonni,M
Z÷e,F
Z÷Tlia,F
Za,M
Za'Karia,F
Za'Kariah,F
Za'quiesha,F
Zaac,M
Zaachariaha,M
Zaaef,M
Zaafir,M
Zaagaate,M
Zaaheer,M
Zaaher,M
Zaahid ,M
Zaahidah,F
Zaahir,M
Zaahira,F
Zaahirah ,F
Zaahn,F
Zaahra,F
Zaaire,M
Zaak,M
Zaakary,M
Zaakir,M
Zaakira,F
Zaakirah,F
Zaakiyah,F
Zaala,F
Zaaliyah,F
Zaamin ,M
Zaan,M
Zaara,F
Zaarah ,F
Zaarek,M
Zaarif,M
Zaariya ,F
Zaariyah,F
Zaarkacha,F
Zaaron,M
Zaavan,M
Zab,M
Zabbeullah,M
Zabdi,Unisex
Zabdiel,M
Zabdy,F
Zabeen,F
Zabel,F
Zabella,F
Zabelle,F
Zabeta,F
Zabeullah,M
Zabia,F
Zabian,M
Zabien,M
Zabih,M
Zabihallah,M
Zabihullah,M
Zabin,F
Zabine,F
Zabir ,M
Zabiullah ,M
Zabiullan,M
Zabreana,F
Zabria,F
Zabrian,M
Zabriel,M
Zabrien,M
Zabrina,F
Zabrina-May,F
Zabryna,F
Zabu-E-Gull,F
Zac,M
Zacai,M
Zacairy,M
Zacara,F
Zacardi,M
Zacaree,M
Zacarey,M
Zacari,Unisex
Zacaria,Unisex
Zacariah,M
Zacarias,M
Zacarion,M
Zacarius,M
Zacariya,M
Zacarri,M
Zacarus,M
Zacary,M
Zacaryah,M
Zacc,M
Zaccai,M
Zaccari,M
Zaccaria,M
Zaccariah,M
Zaccary,M
Zaccery,M
Zacchaeus,M
Zaccharus,M
Zacchary,M
Zaccheaus,M
Zaccheo,M
Zaccheus,M
Zaccias,M
Zaccory,M
Zace,M
Zacerie,M
Zacery,M
Zach,M
Zachaery,M
Zachaeus,M
Zachai,M
Zacharay,M
Zachare,M
Zachareah,M
Zacharee,M
Zachareth,M
Zacharey,M
Zachari,M
Zacharia,M
Zachariah,M
Zacharian,M
Zacharias,M
Zacharie,M
Zacharios,M
Zacharis,M
Zacharius,M
Zachariya ,M
Zachariyah,M
Zacharo,F
Zacharoula,F
Zacharrii,M
Zacharry,M
Zachary,M
Zachary-Joseph,M
Zachary-omar,M
Zachary-Quaid,M
Zachary-rian,M
Zacharya,M
Zacharyah,M
Zacharye,M
Zachaylo,M
Zacheary,M
Zacheray,M
Zacherey,M
Zacheri,M
Zacheria,M
Zacheriah,M
Zacherie,M
Zacherus,M
Zachery,M
Zacheus,M
Zachi,M
Zachiah,M
Zachiary,M
Zachlan,M
Zachoa,M
Zachoria,M
Zachory,M
Zachrey,M
Zachriah,M
Zachris,M
Zachry,M
Zachuary,M
Zachury,M
Zachyria,M
Zaci,M
Zaciah,M
Zack,M
Zack-adam,M
Zack-michael,M
Zackahree,M
Zackahrie,M
Zackairy,M
Zackaree,M
Zackarey,M
Zackari,M
Zackaria,M
Zackariah,M
Zackarias,M
Zackarie,M
Zackarih,M
Zackarija,M
Zackarius,M
Zackariya,M
Zackariyah ,M
Zackarryn,M
Zackary,M
Zackary-Damico,M
Zackary-Robert,M
Zackarya ,M
Zackeree,M
Zackereye,M
Zackerhia,M
Zackeri,M
Zackeria,M
Zackeriah,M
Zackerie,M
Zackeriya,M
Zackery,M
Zackery-Ty,M
Zackeryah,M
Zackharrie,M
Zackhary,M
Zackhery,M
Zacki,M
Zackiah,Unisex
Zackie,M
Zackorie,M
Zackory,M
Zackree,M
Zackrey,M
Zackriel,M
Zackry,M
Zacky,M
Zackyia,F
Zackyry,M
Zaclee,M
Zacora,F
Zacorey,M
Zacori,M
Zacoria,F
Zacorian,M
Zacory,M
Zacquery,M
Zacrey,M
Zacura,F
Zada,F
Zada-lynn,F
Zadah,F
Zadakia,M
Zadan,M
Zadar,M
Zadarius,M
Zadaya,F
Zaddie,F
Zade,M
Zadee,F
Zadeh,M
Zaden,M
Zadey,F
Zadhiya,F
Zadi,F
Zadia,F
Zadian,M
Zadie,F
Zadiel,M
Zadien,M
Zadin,M
Zadkiel,M
Zado,M
Zadok,M
Zadon,M
Zadquiel,M
Zadrach,M
Zadrian,M
Zadrien,M
Zady,F
Zadyn,M
Zae,M
Zaeb,M
Zaebryn,F
Zaed,M
Zaeda,F
Zaedan,M
Zaeden,M
Zaedin,M
Zaedon,M
Zaedra,F
Zaedyn,M
Zaeem,M
Zaeemah ,F
Zaehn,M
Zaekkai,M
Zael,M
Zaela,F
Zaelah,F
Zaelahny,F
Zaele,F
Zaelea,F
Zaelee,F
Zaeleigh,F
Zaelen,M
Zaeli,F
Zaelia,F
Zaelin,M
Zaelon,M
Zaely,F
Zaelyn,Unisex
Zaelynn,F
Zaema,F
Zaen,M
Zaena,F
Zaenah,F
Zaenya,F
Zaequan,M
Zaerhed,M
Zaeryn,M
Zaeveon,M
Zaevian,M
Zaevion,M
Zaeya,F
Zafar,M
Zafarene,F
Zafeer,M
Zafer,M
Zaffar,M
Zaffery,M
Zaffina,F
Zaffrina,F
Zafia,F
Zafina,F
Zafir,M
Zafira,F
Zafirah,F
Zafirios,M
Zafiris,M
Zafiro,F
Zafirul,M
ZaFlinn,F
Zafraan ,M
Zafran ,M
Zafreen ,F
Zafrullah,M
Zagan,M
Zagwe,M
Zah'nya,F
Zaha,F
Zahaan,M
Zahab,M
Zahair,M
Zahaira,F
Zahali,F
Zahan ,M
Zahania,F
Zahar,M
Zahara,F
Zahara-Jolie,F
Zaharah,F
Zaharenia,F
Zahari,Unisex
Zaharia,F
Zaharias,M
Zaharo,Unisex
Zaharoula,F
Zaharra,F
Zaharulla,F
Zahava,F
Zahavah,F
Zahcary,M
Zahe,M
Zahed ,M
Zaheda ,F
Zahee,F
Zaheed ,M
Zaheeda,F
Zaheem,M
Zaheen,Unisex
Zaheer,M
Zaheera ,F
Zaheerullah,M
Zaheim,M
Zaher,M
Zaheya,F
Zahi,M
Zahia,F
Zahib,M
Zahid,M
Zahida,F
Zahidah,F
Zahide,F
Zahidullah,M
Zahiem,M
Zahier,M
Zahil ,M
Zahin,M
Zahina,F
Zahir,M
Zahira,F
Zahirah,F
Zahire,M
Zahiya,F
Zahiyah,F
Zahjara,F
Zahka,F
Zahkai,M
Zahkaya,F
Zahkee,M
Zahkeem,M
Zahki,M
Zahkir,M
Zahkirah,F
Zahleah,F
Zahlee,F
Zahley,F
Zahli,F
Zahlia,F
Zahlie,F
Zahlifae,F
Zahliha,F
Zahmari,M
Zahmaria,F
Zahmere,M
Zahmier,M
Zahmir,M
Zahmira,F
Zahmiya,F
Zahmya,F
Zahn,M
Zahna,F
Zahnae,F
Zahnaya,F
Zahne,M
Zahni,F
Zahniah,F
Zahniya,F
Zahniyah,F
Zahnya,F
Zahnyka,F
Zahoor,M
Zahoor-Ul-Haq,M
Zahori,F
Zahra,F
Zahra-eve,F
Zahra-Lena,F
Zahra-Noor,F
Zahra-Sophia,F
Zahraa,F
Zahrabatool,F
Zahrae,F
Zahrah,F
Zahran,M
Zahrea,F
Zahri,F
Zahria,F
Zahriaa,F
Zahriah,F
Zahriya,F
Zahriyah,F
Zahrna,F
Zahro,F
Zahrotush-sholikhah,F
Zahrya,F
Zahryah,F
Zahwa,F
Zahya,F
Zahybe,M
Zahyin,M
Zahyir,M
Zahyra,F
Zahyrah,F
Zai,Unisex
Zaia,F
Zaiah,Unisex
Zaian,M
Zaiana,F
Zaib ,Unisex
Zaib-Un-Nisa ,F
Zaiba ,F
Zaibaa ,F
Zaid,M
Zaida,F
Zaidaan ,M
Zaidah,F
Zaidan,M
Zaide,Unisex
Zaidee,F
Zaidehn,M
Zaiden,M
Zaidence,M
Zaidi,Unisex
Zaidin,M
Zaidon,M
Zaidrian,M
Zaidy,F
Zaidyn,M
Zaidyns,F
Zaieem,M
Zaier,M
Zaiesha,F
Zaiga,F
Zaige,F
Zaigham ,M
Zaiin ,M
Zaija,F
Zaijan,M
Zaijun,F
Zaike,M
Zaikos,M
Zail ,M
Zaila,F
Zailah,F
Zailan,M
Zailauna,F
Zailea,F
Zailee,F
Zailei,F
Zaileigh,F
Zailen,M
Zailey,F
Zailie,F
Zailin,F
Zaily,F
Zailya,F
Zailyn,Unisex
Zailynn,F
Zailynne,F
Zaim,M
Zaima,F
Zaimah,F
Zaimar,M
Zaime,M
Zaimon,M
Zain,M
Zain-Ali ,M
Zain-Bin,M
Zain-Ul ,M
Zain-Ul-Abedin,M
Zain-Ul-Abideen ,M
Zain-Ul-Abidin ,M
Zain-Ulabeddin,M
Zain-Ulabideen,M
Zaina,F
Zaina-Vi,F
Zainab,F
Zainab-Marie,F
Zainabb,F
Zainah,F
Zainal,M
Zainalabdeen,M
Zainalabden,M
Zainalabdin,M
Zainaldeen,M
Zainb,F
Zaine,M
Zaineb,F
Zainel,M
Zainey,F
Zainib ,F
Zainin,M
Zainish ,F
Zainoon,M
Zainub,F
Zainud-Deen ,M
Zainuddin ,M
Zainudin ,M
Zainul ,M
Zainullah,M
Zaion,M
Zaionna,F
Zair,M
Zaira,F
Zairah,F
Zairan,M
Zaire,Unisex
Zairek,M
Zairia,F
Zairn,M
Zairon,M
Zairy,F
Zairyn,M
Zaisha,F
Zaison,M
Zaith,M
Zaithwa,F
Zaituni,F
Zaive,M
Zaiven,M
Zaiveon,M
Zaivian,M
Zaivion,M
Zaivyer,M
Zaiya,F
Zaiyaan,M
Zaiyah,F
Zaiyan,M
Zaiyang,M
Zaiyanna,F
Zaiyd,M
Zaiyden,M
Zaiyna,F
Zaiyon,M
Zaja,F
Zajac,M
Zak,M
Zaka,M
Zakahlia,F
Zakai,M
Zakaira,F
Zakaiya,F
Zakaiyah,F
Zakar,M
Zakara,F
Zakarah,F
Zakarate,F
Zakarea,M
Zakareah,M
Zakaree,M
Zakareeya ,M
Zakarey,M
Zakareya ,M
Zakarhy,M
Zakari,Unisex
Zakaria,M
Zakaria-Mahmoud,M
Zakariah,M
Zakarian,M
Zakarias,M
Zakarie,M
Zakarih,M
Zakarij,M
Zakarija,M
Zakarius,M
Zakariya,M
Zakariya-Mohammad,M
Zakariyah,M
Zakariye,M
Zakariyya,M
Zakariyyaa ,M
Zakariyyah ,M
Zakarri,M
Zakarriya,M
Zakarulla,F
Zakary,M
Zakarya,M
Zakaryah,M
Zakat,F
Zakaya,F
Zakayah,F
Zakayden,M
Zakayis,M
Zakayla,F
Zakaylah,F
Zakaylo,Unisex
Zake,M
Zake-ullah,M
Zakea,M
Zakee,M
Zakeea,F
Zakeem,M
Zakeia,F
Zakeil,M
Zakeisha,F
Zaker ,M
Zakera,F
Zakeray,M
Zakeri,M
Zakeria,F
Zakeriah,M
Zakerie,M
Zakeriya ,M
Zakerria,F
Zakery,M
Zakeya,F
Zakeyah,F
Zakeyia,F
Zakeyie,F
Zakhai,M
Zakhar,M
Zakhari,M
Zakharia,F
Zakhary,M
Zakhi,M
Zakhia,F
Zakhil,M
Zakhir,M
Zakhiya,F
Zakhiyya,F
Zakhya,F
Zaki,M
Zakia,F
Zakiah,Unisex
Zakiaya,F
Zakibeik,M
Zakie,M
Zakieh,F
Zakiel,M
Zakim,M
Zakir,M
Zakira,F
Zakirah,F
Zakiree,M
Zakiria,Unisex
Zakirra,F
Zakiy ,M
Zakiya,F
Zakiya-jay,F
Zakiyah,F
Zakiyya,F
Zakiyyah,F
Zakiyyan,M
Zakk,M
Zakkai,M
Zakkariah,M
Zakkarri,M
Zakkary,M
Zakkee,M
Zakkery,M
Zakki ,M
Zakkiah,M
Zakkiyah,F
Zakkiyya,F
Zaklan,M
Zaklina,F
Zaknafein,M
Zako,M
Zakoda,M
Zakora,F
Zakori,M
Zakoria,F
Zakory,M
Zakrai,M
Zakre,M
Zakrey,M
Zakri,M
Zakria,M
Zakris,M
Zakriya ,M
Zakry,M
Zakson,M
Zakton,M
Zakwan ,M
Zakwon,M
Zaky,M
Zakya,F
Zakyah,F
Zakye,M
Zakyia,F
Zakyiah,F
Zakyla,F
Zakylah,F
Zakylie,F
Zakyra,F
Zakyrah,F
Zakyria,F
Zakyriah,F
Zal ,M
Zala,F
Zalaan ,M
Zalainah,F
Zalaiya,F
Zalaiyah,F
Zalan,M
Zaland,M
Zalanda,F
Zalarra,F
Zalaya,F
Zalayah,F
Zalaysia,F
Zale,M
Zalea,F
Zaleah,F
Zalee,F
Zaleena,F
Zaleigh,F
Zaleigha,F
Zaleikha,F
Zalekha ,F
Zalen,M
Zalena,F
Zalet,F
Zaleth,F
Zaley,F
Zaleyah,F
Zalfa,F
Zali,F
Zalia,F
Zaliah,F
Zalie,F
Zaliea,F
Zalieca,F
Zalienna,F
Zalife,F
Zalika,F
Zalin,Unisex
Zalina,F
Zalisha,F
Zalius,M
Zaliya,F
Zaliyah,F
Zallal,F
Zallia,F
Zalma,F
Zalman,M
Zalmay,M
Zalmen,M
Zalon,M
Zalyeka,F
Zalyn,M
Zalynn,Unisex
Zam,Unisex
Zam-Zam,F
Zama,F
Zamaan ,M
Zamair,M
Zamaira,F
Zamaiya,F
Zamaiyah,F
Zamal,M
Zaman,M
Zamani,Unisex
Zamanta,F
Zamantha,F
Zamar,M
Zamara,F
Zamarah,F
Zamarcus,M
Zamare,M
Zamaree,M
Zamareon,M
Zamari,Unisex
Zamaria,F
Zamariah,F
Zamarian,M
Zamarie,Unisex
Zamarien,M
Zamarii,M
Zamarion,M
Zamarious,M
Zamarius,M
Zamariya,F
Zamariyah,F
Zamarra,F
Zamarria,F
Zamarrion,M
Zamauri,M
Zamauria,F
Zamaurion,M
Zamaya,F
Zamayah,F
Zamayra,F
Zamber,F
Zambica,F
Zameer,M
Zameir,M
Zamera,F
Zamere,M
Zameria,F
Zamery,M
Zamia,F
Zamiah,F
Zamian,M
Zamieal,M
Zamiel,M
Zamien,M
Zamier,M
Zamiere,M
Zamika,F
Zamil,M
Zamin ,M
Zamion,M
Zamir,M
Zamira,F
Zamirah,F
Zamire,M
Zamirra,F
Zamiya,F
Zamiyah,F
Zamon,M
Zamoni,F
Zamonte,M
Zamora,F
Zamorah,F
Zamoria,F
Zamorion,M
Zamu,F
Zamuel,M
Zamya,F
Zamyah,F
Zamyia,F
Zamyiah,F
Zamyla,F
Zamyra,F
Zamyrah,F
Zamyria,F
Zamyriah,F
Zamzam,F
Zamzama,F
Zan,Unisex
Zan-ul-Abdeen,M
Zana,F
Zanaa,F
Zanab,F
Zanae,F
Zanah,F
Zanai,F
Zanaia,F
Zanaiah,F
Zanaii,F
Zanair,M
Zanaira ,F
Zanaiya,F
Zanaiyah,F
Zanajah,F
Zanarah,F
Zanari,F
Zanaria,F
Zanariah,F
Zanasia,F
Zanay,F
Zanaya,F
Zanayah,F
Zanayla,F
Zance,M
Zancent,M
Zanda,Unisex
Zanda-jai,M
Zandah,M
Zandalee,F
Zandar,M
Zandaya,F
Zandel,M
Zanden,M
Zander,M
Zander-Lee,M
Zanderjay,M
Zandile ,F
Zandis,M
Zandon,M
Zandra,F
Zandra-Mae,F
Zandran,M
Zandraya,F
Zandre,M
Zandrea,F
Zandreana,F
Zandree,F
Zandreya,F
Zandria,F
Zandria-Lynn,F
Zandro,M
Zandur,M
Zandus,M
Zandy,F
Zandyn,M
Zandyr,M
Zane,M
Zane-Lee,M
Zane-Marcus,M
Zane-roland,M
Zanea,F
Zaneasha,F
Zaneb,F
Zanee,F
Zaneeb,F
Zaneela,F
Zaneesha,F
Zaneeta,F
Zaneil,M
Zanele ,F
Zanelle,F
Zanen,M
Zanera ,F
Zaneria,F
Zaneta,F
Zanetta,F
Zanette,F
Zanetti,M
Zaney,F
Zaneya,F
Zanfo,F
Zani,Unisex
Zania,F
Zaniah,F
Zanial,M
Zaniaya,F
Zanib,F
Zanick,M
Zanie,F
Zanieka,F
Zaniel,M
Zanielle,F
Zanieya,F
Zaniiya,F
Zanijah,F
Zanika,F
Zanilah,F
Zanim,M
Zanique,F
Zanir,M
Zanis,M
Zanisha,F
Zanist,M
Zanita,F
Zaniya,F
Zaniyah,F
Zaniyha,F
Zaniyla,F
Zaniylah,F
Zaniyyah,F
Zanko,M
Zanli,F
Zann,M
Zanna,F
Zannab,F
Zannah,F
Zannat,F
Zanneke,F
Zanni,F
Zannia,F
Zannica,F
Zannie,Unisex
Zannifer,F
Zannikah-phay,F
Zanniyah,F
Zanny,M
Zanobia,F
Zanon,M
Zanovia,F
Zanoviah,F
Zanquisha,F
Zantae,M
Zantasia,F
Zantavious,M
Zantelle,F
Zanten,M
Zanteria,F
Zanthe ,F
Zanthee,F
Zanthia,F
Zanthony,M
Zanthos,M
Zanthus,M
Zanty,M
Zanub,F
Zanvi,F
Zany,F
Zanya,F
Zanyah,F
Zanyar ,M
Zanye,F
Zanyia,F
Zanyiah,F
Zanyla,F
Zanylah,F
Zanyra,F
Zanyria,F
Zanyyah,F
Zanzaryie,M
Zao,M
Zaon,M
Zaory,F
Zapha,M
Zapheira,F
Zaphia,F
Zaphier,M
Zaphira,F
Zaphire-lee,F
Zaphryn,F
Zaphyara,F
Zaphyra,F
Zappa,Unisex
Zaq,M
Zaqi,M
Zaqia,F
Zaqir,M
Zaquan,M
Zaquavious,M
Zaquenna,F
Zaquery,M
Zaquin,M
Zar,Unisex
Zara,F
Zara-Jane ,F
Zara-jay,F
Zara-Louise ,F
Zara-mae,F
Zara-Rose ,F
Zaraah ,F
Zaraan,M
Zaraar ,M
Zarabell,F
Zaradan,F
Zarade,F
Zarae,F
Zaraea,F
Zaragosa,M
Zaragoza,M
Zarah,F
Zarah-anne,F
Zarahi,F
Zarahy,F
Zarai,F
Zaraiah,F
Zaraina,F
Zaraiyah,F
Zarak,M
Zaralea,F
Zarar,M
Zarash,M
Zarathustra,M
Zaravion,M
Zaray,F
Zaraya,F
Zarayah,F
Zaraysha,F
Zarchary,M
Zarchie,M
Zardai,F
Zarea,F
Zareah,F
Zareb,M
Zareck,M
Zared,M
Zaree,F
Zareefa,F
Zareen,F
Zareena,F
Zareenah ,F
Zareesh ,F
Zareh,M
Zareia,F
Zarek,M
Zareka,F
Zarela,F
Zarelia,F
Zarella,F
Zarelle,F
Zarely,F
Zaren,M
Zarena,F
Zarene,F
Zareon,M
Zaret,F
Zareth,Unisex
Zareya,F
Zareyah,F
Zargham ,M
Zarghun,M
Zarghuna,F
Zarha,F
Zarhia,F
Zarhianna,F
Zarhiya,F
Zarhli,F
Zari,F
Zaria,F
Zariah,F
Zariaha,F
Zarian,M
Zariana,F
Zarianna,F
Zaric,M
Zarich,M
Zarie,F
Zariea,F
Zariel,Unisex
Zarielle,F
Zarien,M
Zarif,M
Zarifa,F
Zarifah ,F
Zarife,F
Zariha,F
Zarihanna,F
Zarihya,F
Zarii,F
Zarik,M
Zarin,Unisex
Zarina,F
Zarinah,F
Zarine ,F
Zario,M
Zarion,M
Zariona,F
Zarionna,F
Zarious,M
Zarish ,F
Zarita,F
Zarius,M
Zariya,F
Zariyah,F
Zariyana,F
Zariyha,F
Zark,M
Zarka ,F
Zarla,F
Zarlah,F
Zarlasht,F
Zarleah,F
Zarlee,Unisex
Zarleeh,F
Zarleigh,F
Zarlen,M
Zarleo,M
Zarley,M
Zarlez,M
Zarli,F
Zarlia,F
Zarliah,F
Zarlie,F
Zarlo,M
Zarly,F
Zarmeen,F
Zarmina,F
Zarna,F
Zarnab,F
Zarnah,F
Zarnia,F
Zaron,M
Zaroon,M
Zarqa ,F
Zarqaa ,F
Zarra,F
Zarrah,F
Zarran,M
Zarrar,M
Zarrea,F
Zarreah,F
Zarren,M
Zarria,F
Zarriah,F
Zarrian,M
Zarrick,M
Zarrid,M
Zarrien,M
Zarrin,F
Zarrina,F
Zarrion,M
Zarrius,M
Zarriyah,F
Zarry,M
Zarsanga,F
Zarsha,F
Zarshia,F
Zartanian,M
Zartasha ,F
Zarvan,M
Zarvi,M
Zarwa,F
Zarya,F
Zaryaab ,M
Zaryab,M
Zaryah,F
Zaryan,M
Zaryanna,F
Zaryha,F
Zaryia,F
Zaryiah,F
Zaryk,M
Zaryn,Unisex
Zas,F
Zasch,M
Zasha,F
Zashawn,M
Zashka,F
Zasia,F
Zasiah,F
Zasim,M
Zatanna,F
Zatara,F
Zatavia,F
Zate,M
Zathan,M
Zatika,F
Zatira,F
Zatoria,F
Zaubayde,F
Zauha,F
Zaul,M
Zauna,F
Zaundra,F
Zauria,F
Zauriella,F
Zavaan,M
Zavada,F
Zavahna,F
Zavana,F
Zavanah,F
Zavanna,F
Zavannah,F
Zaveah,F
Zavein,M
Zaveion,M
Zaven,M
Zaveon,M
Zavery,M
Zavetta,F
Zavhary,M
Zavhier,M
Zavi,M
Zavia,F
Zaviah,M
Zavian,M
Zaviar,M
Zavien,M
Zavier,M
Zaviera,F
Zaviere,M
Zavin,M
Zavion,M
Zavior,M
Zavious,M
Zavius,M
Zaviyar,M
Zaviyon,M
Zavon,M
Zavrey,M
Zavyer,M
Zavyn,M
Zavyon,M
Zawadi,F
Zawdie,M
Zax,M
Zaxari,M
Zaxis,M
Zaxon,M
Zaxten,M
Zaxton,M
Zaxtyn,M
Zay,Unisex
Zay'n,M
Zaya,F
Zaya-Joy,F
Zayaam,M
Zayaan,M
Zayah,F
Zayal,F
Zayan,M
Zayana,F
Zayanah,F
Zayani,F
Zayanna,F
Zayannah,F
Zayba ,F
Zaybra,F
Zaybree,F
Zaybrien,M
Zayceon,M
Zayd,M
Zayda,F
Zayda-Lee,F
Zaydaan ,M
Zaydah,F
Zaydan,M
Zayde,Unisex
Zaydee,F
Zayden,M
Zayden-James,M
Zaydence,F
Zaydenn,M
Zaydey,F
Zaydi,F
Zaydian,M
Zaydie,F
Zaydien,M
Zaydin,M
Zaydn,M
Zaydon,M
Zaydren,M
Zaydrian,M
Zaydyn,M
Zayed,M
Zayeda,F
Zayen,M
Zaygash,F
Zayha,F
Zayia,F
Zayiah,F
Zayid,M
Zayin,M
Zayion,M
Zayir,M
Zaykeese,M
Zayl,M
Zayla,F
Zaylaa,F
Zaylah,F
Zaylan,M
Zayland,M
Zaylani,F
Zayle,M
Zayleah,F
Zaylee,F
Zayleen,F
Zayleh,F
Zaylei,F
Zayleigh,F
Zaylem,M
Zaylen,M
Zaylen-Marie,F
Zaylend,M
Zaylene,F
Zaylera,F
Zaylex,M
Zayley,F
Zayli,F
Zaylia,F
Zayliah,F
Zayliana,F
Zayliara,F
Zaylie,F
Zaylin,Unisex
Zaylon,M
Zaylor,M
Zaylyn,Unisex
Zaylynn,Unisex
Zaymere,M
Zaymien,M
Zaymir,M
Zayn,M
Zayn-El-Abdeen,M
Zayn-Ul-Abidin ,M
Zayna,F
Zayna-Lee,F
Zaynab,F
Zaynaeh,F
Zaynah,F
Zaynali,M
Zaynat,F
Zaynb,F
Zayne,M
Zayne-Jayson,M
Zayneb,F
Zaynib,F
Zaynn,M
Zaynna,F
Zaynub ,F
Zayon,M
Zayona,F
Zayonna,F
Zayori,M
Zayquan,M
Zayra,F
Zayree,F
Zayriah,F
Zaysean,M
Zaysha,F
Zayshaun,M
Zayshawn,M
Zaysia,F
Zayta,F
Zayuri,F
Zayven,M
Zayveon,M
Zayvian,M
Zayvien,M
Zayvier,M
Zayvin,M
Zayvion,M
Zayvior,M
Zayvon,M
Zayyaan ,M
Zayyam,M
Zayyan,M
Zayyna,F
Zazel,M
Zazil,F
Zazislaw,M
Zbignief,M
Zbigniew,M
Zbigniw,M
Zbiknet,M
Zbooker,M
Zbygniew,M
Zbystaw,M
Zbyszek,M
Zbyszko,M
Zbyszyk,M
Zdanka,F
Zdena,F
Zdene,F
Zdenek ,M
Zdenka,F
Zdenko,M
Zdeno,M
Zdislaw,M
Zdislawa,F
Zdravko,M
Zdzislaw,M
Zdzislawa,F
Ze,M
Ze'Ev,M
Ze'eva,F
Zea,F
Zead,M
Zeah,F
Zeaira,F
Zeak,M
Zeake,M
Zeal,Unisex
Zealan,Unisex
Zealand,M
Zealia,F
Zealyn,F
Zealynd,F
Zean,M
Zeana,F
Zeandra,F
Zeandre,M
Zeanna,F
Zeannine,F
Zeanub,F
Zeanzis,F
Zearin,M
Zearl,M
Zearlim,M
Zeasia,F
Zeb,M
Zeba,F
Zebadai,M
Zebadiah,M
Zebah,F
Zebariah,M
Zebastian,M
Zebaztian,M
Zebb,M
Zebbadiah,M
Zebbie,M
Zebdee,M
Zebeb,F
Zebedee,M
Zebediah,M
Zebediah-zzziekal,M
Zebedy,F
Zebidiah,M
Zebin,F
Zeborah,F
Zeboria,M
Zebra,F
Zebrina,F
Zebual,M
Zebula,M
Zebulah,M
Zebulan,M
Zebulen,M
Zebulin,M
Zebulon,M
Zebulun,M
Zebyn,M
Zecarias,M
Zecharia,M
Zechariah,M
Zecharias,M
Zechary,M
Zecharya,M
Zecharyah,M
Zechen,M
Zecheriah,M
Zecora,F
Zed,M
Zeda,F
Zedan,M
Zedann,M
Zedd,M
Zeddicus,M
Zeddie,Unisex
Zedek,M
Zedekiah,M
Zederick,M
Zedi,M
Zedikiah,M
Zediwa,F
Zednik,M
Zedrhyx,M
Zedric,M
Zedrich,M
Zedrick,M
Zedriq,M
Zedrix,M
Zee,Unisex
Zeead,M
Zeeana,F
Zeedan,M
Zeegen,M
Zeek,M
Zeeka,F
Zeeke,M
Zeekee,F
Zeekin,M
Zeel,F
Zeemal,F
Zeemin,F
Zeen-Ali,M
Zeena,F
Zeenah,F
Zeenal,F
Zeenan,M
Zeenat,F
Zeenath,F
Zeenia,F
Zeenna,F
Zeenya,F
Zeeshaan ,M
Zeeshan,M
Zeeshaun,M
Zeest,F
Zeev,M
Zeeva,F
Zeevigh,M
Zeeya ,Unisex
Zeeyaan,F
Zeeyerack,M
Zef,M
Zefann,M
Zefeng,F
Zeferino,M
Zeff,M
Zefferino,M
Zeffie,F
Zeffren,M
Zeffrey,M
Zeffryn,M
Zefire,F
Zefram,M
Zegar,M
Zehad,M
Zehan,M
Zehana,F
Zehava,F
Zeher,F
Zehkia,F
Zehlon,M
Zehn ,M
Zehna ,F
Zehr,F
Zehra,F
Zehraa,F
Zehran,M
Zehre,F
Zehta,F
Zehua,M
Zeicke,M
Zeid,M
Zeida,F
Zeidan,M
Zeiden,M
Zeidi,F
Zeidy,F
Zeik,M
Zeike,M
Zeila,F
Zeilah,F
Zeilen,M
Zeilie,F
Zeilin,F
Zeily,F
Zeilyn,F
Zein,M
Zeina,F
Zeina-Kilani,F
Zeinab,F
Zeinab-Tena,F
Zeinabou,F
Zeinah,F
Zeineb,F
Zeinedine,M
Zeineh,F
Zeisha,F
Zeiss,M
Zejnepe,F
Zek,M
Zeka,M
Zekai,M
Zekariah,M
Zekarias,M
Zeke,M
Zekel ,M
Zekeriah,M
Zekeriya ,M
Zekhi,M
Zeki,M
Zekia,F
Zekiah,Unisex
Zekial,M
Zekiel,M
Zekira,F
Zekirstos,M
Zekiyah,F
Zeko,M
Zekrya,M
Zekun,M
Zekya,F
Zel,M
Zela,F
Zelah,F
Zelaikha,F
Zelal ,F
Zelalem,Unisex
Zelannon,M
Zelany,F
Zelaya,F
Zelbert,M
Zelda,F
Zelder,F
Zeldia,F
Zeldon,M
Zeldy,F
Zeleasha-Ree,F
Zeledge,M
Zelena,F
Zelene,F
Zelenia,F
Zeles,F
Zeleste,F
Zelia,F
Zelias,M
Zelie,F
Zelig,M
Zeliha ,F
Zelik,M
Zelin,F
Zelina,F
Zelinda,F
Zeline,F
Zeljka,F
Zeljko,M
Zeljta,F
Zelko,M
Zell,Unisex
Zella,F
Zella-rose,F
Zellacara,F
Zellah,F
Zellamae,F
Zellar,F
Zellazny,M
Zelle,F
Zellia,F
Zellie,F
Zellina,F
Zelline,F
Zelly,F
Zelma,F
Zelmadene,F
Zelman,M
Zelmarie,F
Zelmer,Unisex
Zelmodene,F
Zelna,F
Zelpha,F
Zelphia,F
Zelta,F
Zeltzin,F
Zelva,F
Zema,F
Zemaan,M
Zemali,F
Zeman,M
Zemar,M
Zemarion,M
Zemaryam,F
Zemenderick,M
Zemira,F
Zemirah,F
Zemiya,F
Zemiyah,F
Zemma,F
Zemora,F
Zemra,F
Zen,Unisex
Zen'ee,F
Zena,F
Zena-lee,F
Zenab,F
Zenada,F
Zenae,F
Zenah,F
Zenai,F
Zenaida,F
Zenaido,M
Zenaiya,F
Zenali,F
Zenan,M
Zenani,F
Zenanie,F
Zenard,M
Zenas,M
ZenashT,F
Zenat ,F
Zenath,F
Zenavid,F
Zenaya,F
Zenayah,F
Zenayda,F
Zenda,F
Zendaiya,F
Zendarius,M
Zendaya,F
Zendayah,F
Zendel,F
Zendell,M
Zenden,M
Zender,M
Zendeya,F
Zendiya,F
Zendra,F
Zendre,F
Zendy,F
Zendyn,M
Zene,Unisex
Zenea,F
Zeneida,F
Zenek,M
Zenel,M
Zenen,M
Zenessa,F
Zenetta,F
Zeni,F
Zenia,F
Zeniah,F
Zenib ,F
Zenida,F
Zenil,M
Zenin,M
Zening,M
Zenis,M
Zenisha,F
Zenita,F
Zenith,Unisex
Zeniya,F
Zeniyah,F
Zenja,F
Zenji,M
Zenley,M
Zenn,M
Zenna,F
Zennah,F
Zennan,M
Zennen,M
Zennep,M
Zenneth,M
Zennia,F
Zennick,M
Zennie,F
Zennin,M
Zennith,M
Zennon,M
Zennor ,F
Zenny,F
Zennyn,M
Zeno,M
Zenoba,F
Zenobia,F
Zenola,F
Zenolia,F
Zenon,M
Zenon-ephraim,M
Zenon-Jason,M
Zenona,F
Zenophon,M
Zenora,F
Zenorah,F
Zenos,M
Zenovan,M
Zenovia,F
Zenoviy,M
Zenrik,M
Zenry,M
Zenshi,F
Zentavious,M
Zentaya,F
Zente ,M
Zenu,M
Zenub ,F
Zenus,M
Zeny,Unisex
Zenya,F
Zenyk,M
Zenyssa,F
Zenzele,F
Zeo,Unisex
Zeola,F
Zeon,M
Zeoy,F
Zeph,M
Zepha,F
Zephan,M
Zephani,M
Zephania,F
Zephaniah,Unisex
Zephatali,M
Zephen,M
Zepher,Unisex
Zephera,F
Zepherin,M
Zepherine,F
Zephery,M
Zepheryn,F
Zephonia,F
Zephora,F
Zephram,M
Zephran,M
Zephreen,F
Zephrem,M
Zephrey,M
Zephrin,M
Zephrum,M
Zephrym,M
Zephryn,M
Zephyn,M
Zephyr,Unisex
Zephyra,F
Zephyrin,Unisex
Zephyrous,M
Zephyrus,M
Zeplen,M
Zeplin,M
Zeplyn,M
Zeplynn,F
Zeporia,F
Zeppelin,M
Zeppelyn,F
Zepplin,M
Zepporah,F
Zeppy,F
Zequan,M
Zer,F
Zera,F
Zerah,F
Zeray,M
Zerda ,F
Zereah,F
Zered,F
Zereena,F
Zerek,M
Zerelda,F
Zerelle,F
Zeren ,F
Zerena,F
Zerenity,F
Zereon,M
Zereta,F
Zerez,M
Zergham,M
Zeriah,F
Zeric,M
Zerick,M
Zerico,M
Zerik,M
Zerin,Unisex
Zerina,F
Zerion,M
Zerish ,F
Zerita,F
Zeriyah,F
Zeriyus,M
Zerkhez,F
Zerkira,F
Zerlene,F
Zerlina,F
Zerlinda,F
Zerline,F
Zerneb,F
Zernish,F
Zero,M
Zeron,M
Zerra,F
Zerriah,F
Zerrick,M
Zerrin ,F
Zerrina,F
Zerrion,M
Zersenay,M
Zersha,F
Zerubabel,M
Zerubbabel,M
Zeruiah,F
Zervil,M
Zerya ,F
Zeryck,M
Zeryk,M
Zesar,M
Zeshaan ,M
Zeshan,M
Zeshaun,M
Zeshawn,M
Zesheng,M
Zeta,F
Zeteny ,M
Zeth,M
Zetha,F
Zethan,M
Zethrynn,M
Zetland,M
Zetle-Atiantic-James,M
Zetlin,M
Zetta,F
Zettie,F
Zeuparee,F
Zeus,M
Zev,M
Zeva,F
Zevaeh,F
Zevan,M
Zevedeos,M
Zeven,M
Zevi,M
Zevia,F
Zevida,F
Zevin,M
Zevion,M
Zevon,M
Zevulun,M
Zevyn,M
Zewz,M
Zexi,M
Zey-Lee,F
Zeya,F
Zeyad,M
Zeyade,M
Zeyah,F
Zeyan ,M
Zeyana,F
Zeyanna,F
Zeyd,M
Zeyda,F
Zeyden,M
Zeyden-Lhamo,F
Zeyla,F
Zeylah,F
Zeyn ,M
Zeyna,F
Zeynab,F
Zeynabou,F
Zeynah ,F
Zeyneb,F
Zeynel-abidin,M
Zeynep,F
Zeynep-emine,F
Zeysan,F
Zeyu,M
Zeza,F
Zhaan,F
Zhadra,F
Zhaiden,M
Zhaidyn,M
Zhaina,F
Zhaine,M
Zhair,M
Zhaira,F
Zhaire,M
Zhakary,M
Zhaki,M
Zhakira,F
Zhakirullah,M
Zhalee,F
Zhaleiya,F
Zhalen,M
Zhamir,M
Zhamyrah,F
Zhan,Unisex
Zhana,F
Zhanae,F
Zhanasia,F
Zhanaya,F
Zhander,M
Zhandre,M
Zhane,Unisex
Zhanea,F
Zhanee,F
Zhanel,F
Zhanelle,F
Zhang ,M
Zhang-Ming,M
Zhangyi,F
Zhanhong,M
Zhania,F
Zhanine,F
Zhaniya,F
Zhaniyah,F
Zhann,M
Zhanna,F
ZhanT,F
Zhanya,F
Zhao ,M
Zhaoqing,M
Zhaoyu,M
Zhar,M
Zhara,F
Zhari,F
Zharia,F
Zhariah,F
Zharick,F
Zharius,M
Zhariya,F
Zhariyah,F
Zharliea,F
Zharya,F
Zharyah,F
Zhasheken,F
Zhayden,M
Zhaydon,M
Zhayla,F
Zhaylinn,F
Zhayne,M
Zhe ,Unisex
Zheena,F
Zheer,M
Zheling,F
Zhen,M
Zhen-cheng,M
Zhen-hao,M
Zhen-nih,F
Zhen-xuan,M
Zhenaviea,F
Zheneavia,F
Zheng,M
Zheng-Hung,M
Zheng-Wen,M
Zhenkai,M
Zhenting,M
Zhenya,F
Zheon,M
Zheric,M
Zherie,F
Zheriikah,F
Zheylin,M
Zheyu,M
Zhi,Unisex
Zhi-you,F
Zhia,F
Zhian,M
Zhianna,F
Zhibin,M
Zhichen,M
Zhienna,F
Zhila,F
Zhiling,F
Zhina,F
Zhinan,F
Zhinlab,M
Zhinna,F
Zhinwar,M
Zhion,M
Zhipan,F
Zhiqi,F
Zhir ,M
Zhiren,M
Zhiron,M
Zhivago,M
Zhivan,F
Zhivana,F
Zhixin ,F
Zhiya,F
Zhiyan ,F
Zhiyang,M
Zhiyuan,M
Zhizhen,Unisex
Zhodi,F
Zhoe,F
Zhoei,F
Zhoey,F
Zhoie,F
Zhong ,Unisex
ZhongShui,F
Zhonna,F
ZhoT,F
Zhou,M
Zhouxu,M
Zhraa,F
Zhuo ,Unisex
Zhuocheng,M
ZhuoHao,M
Zhuoshao,M
Zhuoya,F
Zhuoyue,F
Zhuri,F
Zhwan ,F
Zhyair,M
Zhyaire,M
Zhyar ,M
Zhyier,M
Zhyir,M
Zhyla,M
Zhymir,M
Zhyon,Unisex
Zi,Unisex
Zi-anne,F
Zi-rong,F
Zi-xi,F
Zia,Unisex
Zia-Ur-Rahman,M
Ziad,M
Ziada,F
Ziade,M
Ziah,Unisex
Ziair,M
Ziaira,F
Ziaire,Unisex
Zian,Unisex
Ziana,F
Zianah,F
Ziandra,F
Ziane,F
Zianel,M
Ziani ,M
Ziann,F
Zianna,F
Ziannah,F
Zianne,F
Ziannha,F
Zianny,F
Zianya,F
Ziar,M
Ziara,F
Ziara-lee,F
Ziarah,F
Ziare,Unisex
Ziarra,F
Ziarre,F
Ziasia,F
Ziatko,M
Ziaur,M
Ziayah,F
Ziba,Unisex
Zibeon,M
Zibiah,F
Zibin,M
Zibran,M
Zichao,M
Zichen,M
Zicki,M
Zicky,M
Ziclali,F
Ziclaly,F
Zico,M
Zida,F
Zidaan,M
Zidan,M
Zidane,M
Ziden,M
Zidhaan,M
Zidon,M
Zie,M
Zied,M
Ziegan,M
Ziek,M
Ziel,Unisex
Ziellah,M
Zielle,F
Ziemowit ,M
Zien,M
Ziena,F
Zienab,F
Zienb,F
Zieneb,F
Zienna,F
Zier,M
Ziera,F
Ziere,M
Zierra,F
Zierre,M
Ziesel,M
Zieshan,M
Zietsman,M
Zieva,F
Zieyan,M
Zifeng,M
Zig,M
Zigfrids,M
Ziggar,M
Ziggi,M
Ziggie,Unisex
Ziggy,M
Ziggy-john,M
Zigi,M
Zigimantas,M
Zigmas,M
Zigmond,M
Zigmont,M
Zigmontas,M
Zigmund,M
Zigmunt,M
Zigourney,F
Zigrida,F
Zigurds,M
Ziham,F
Zihan,Unisex
Zihanna,F
Zihao,M
Zihbien,M
Zihei,M
Ziheir,M
Ziheng,M
Ziion,M
ZiJia,Unisex
Zijian,M
Zijie,M
Ziju,M
Zijun,M
Zikayla,F
Zikayra,F
Zikee,M
Zikeria,F
Zikeya,F
Zikeyah,F
Zikia,F
Zikira,F
Zikiria,F
Zikiya,F
Zikomo,M
Zikora,Unisex
Zikorah,F
Zikra,F
Zikrah ,F
Zikriya ,M
Zikry,M
Zila,F
Zilah,F
Zilal,F
Zilala,F
Zilan ,F
Zilas,M
Zilda,F
Zilda-Rae,F
Zildjian,M
Zileika,F
Ziley,F
Zilin,F
Zilkiffal,M
Zilla,F
Zillah,F
Zillie,F
Zilong,M
Zilpah,F
Zilpha,F
Zilphia,F
Zilvia,F
Zilya,F
Zilynn,F
Zim,M
Zimal,F
Zimaria,F
Zimarion,M
Zimaya,F
Zimbabwe,M
Zimbalist,M
Zimboulia,F
Zimere,M
Zimir,M
Zimmel,F
Zimmie,F
Zimo,M
Zimora,F
Zimraan,M
Zimri,M
Zimson,M
Zimu,M
Zimya,F
Zin,M
Zina,F
Zinab,F
Zinachidi,F
Zinachimdi,F
Zinadine,M
Zinaida,F
Zinan,M
Zinar ,M
Zinards,M
Zinat ,F
Zinaya,F
Zinaye,F
Zincenzo,M
Zinda,F
Zindel,M
Zineb,F
Zineddine ,M
Zinedin,M
Zinedine,M
Zineta,F
Zinfandel,F
Zinhle ,F
Zinhle-Ntombikayise,F
Zini,F
Zinia,F
Ziniah,F
Ziniya,F
Ziniyah,F
Zinka,F
Zinn,M
Zinna,F
Zinna-Marie,F
Zinnat,F
Zinneerah ,F
Zinnia,F
Zinnie-Marie,F
Zinovia,F
Zinta,F
Zintra,F
Zinyda,F
Zinzan,M
Zinzela,F
Zinzi,F
Zinzile ,F
Zio,M
Ziomara,F
Zion,Unisex
Zion-Adonis,M
Ziona,F
Ziona-joy,F
Zionah,F
Zione,Unisex
Zionn,M
Zionna,F
Zionnah,F
Zionne,F
Zipeng,M
Zipora,F
Ziporah,F
Zipporah,F
Ziqi,F
Ziqian,F
Ziqing,Unisex
Ziqra ,F
Ziquan,M
Zira,F
Zirah,F
Ziraili,F
Ziraily,F
Zirak,M
Ziram,F
Zirel,F
Zirfas,M
Ziri,M
Zirka,F
Ziru,F
Zirui,Unisex
Zirwa ,F
Zis,M
Zisel,F
Zishaan ,M
Zishan,M
Zishe,M
Zishon,M
Zisis,M
Ziso,M
Zissel,F
Zissis,M
Zissy,F
Zita,F
Zita-Anne,F
Zithlaly,F
Zitlali,F
Zitlalic,F
Zitlalli,F
Zitlally,F
Zitlaly,F
Zitong,F
Ziv,M
Ziva,F
Zivadin,M
Zivah,F
Zivan,M
Zivana,F
Ziven,M
Zivko,M
Zivojin,M
Zivomir,M
Zivon,M
Zixi,Unisex
Zixiang,M
Zixin,F
Zixu,M
Zixuan,Unisex
Ziya,F
Ziyaad,M
Ziyaadah,F
Ziyaan ,M
Ziyad,M
Ziyadah,F
Ziyah,F
Ziyan,Unisex
Ziyana,F
Ziyanah,F
Ziyang,M
Ziyanna,F
Ziyear,M
Ziyi,Unisex
Ziying,F
Ziyla,F
Ziyon,Unisex
Ziyona,F
Ziyonna,F
Ziyu,Unisex
Ziyuan,Unisex
Ziyun,M
Ziza,F
Zizi,F
Ziziyana,F
Zj,M
Zjahlii,F
Zjantelle,F
Zkai,M
Zkye,M
Zlata,F
Zlatan,M
Zlate,M
Zlatko,M
Zlaty,F
Zlixia,F
Zlliaces,F
Zmarak,M
Zmari,M
Zmarion,M
Zmaya,F
Zmiyah,F
Zmnako,M
Zmya,F
Zniah,F
Zniya,F
Zniyah,F
Znya,F
Znyah,F
Zo,Unisex
Zo'e,F
Zo'ee,F
Zoa,F
Zoaib ,M
Zoann,F
Zoanne,F
Zobeida,F
Zobel,F
Zobi,F
Zobia,F
Zobina,F
Zobiya ,F
Zod,F
Zod-Grey,F
Zod-Jasmine,F
Zodee,F
Zodeet,F
Zodlie,F
Zodtte,F
Zody,F
Zoe,F
Zoe'Belle,F
Zoe-amber,F
Zoe-Ann ,F
Zoe-anna,F
Zoe-Anne,F
Zoe-cailin,F
Zoe-ellen,F
Zoe-jade,F
Zoe-jane,F
Zoe-Jhaye,F
Zoe-Laina,F
Zoe-Lee,F
Zoe-Leigh ,F
Zoe-Louise ,F
Zoe-Lynn,F
Zoe-Marie ,F
Zoe-May,F
Zoe-Ocean,F
Zoe-paige,F
Zoeann,F
Zoeanna,F
Zoeanne,F
Zoee,F
Zoeey,F
Zoegrace,F
Zoeh,F
Zoei,F
Zoeie,F
Zoeigh,F
Zoeigh-Anne,F
Zoeii,F
Zoeiy,F
Zoejane,F
Zoel,Unisex
Zoela,F
Zoelie,F
Zoella,F
Zoelle,F
Zoely,F
Zoelya,F
Zoelyn,F
Zoelynn,F
Zoemarie,F
Zoen,M
Zoes,M
Zoesha,F
Zoettsa,F
Zoevy,F
Zoey,F
Zoey-Anne,F
Zoey-Dennae,F
Zoey-grace,F
Zoey-jade,F
Zoey-Kay,F
Zoey-Layne,F
Zoey-Lee,F
Zoey-LTa,F
Zoey-Lyn,F
Zoey-Marie-Gail,F
Zoey-Renee,F
Zoeya,F
Zoeyann,F
Zoeygrace,F
Zoeyjane,F
Zoeylin,F
Zoeylyn,F
Zoeylynn,F
Zoeymarie,F
Zofeya,F
Zofia,F
Zofie,F
Zofija,F
Zoglafia,F
Zografia,F
Zoha,F
Zohaa ,F
Zohaan ,M
Zohab,M
Zohad,M
Zohadya,F
Zohaib,M
Zohair,M
Zohal,F
Zohan,M
Zohar,Unisex
Zohara,F
Zohdi,M
Zohe,F
Zoheb,M
Zohell,F
Zohha ,F
Zohib ,M
Zohie,F
Zohir,M
Zohra,F
Zohrab,M
Zohrah ,F
Zohran,M
Zohre,F
Zohreh,F
Zohwea,F
Zoi,F
Zoia,F
Zoie,F
Zoie-jae,F
Zoie-lynn,F
Zoiee,F
Zoiey,F
Zoii,F
Zoiie,F
Zoila,F
Zoilo,M
Zois,M
Zoitsa,F
Zoiya ,F
Zoja,F
Zokariah,M
Zoki,M
Zola,F
Zolae,F
Zolah,F
Zolan,M
Zolani,F
Zolar,F
Zolda,M
Zolee,F
Zoleka,F
Zoli,F
Zoliah,F
Zolie,F
Zolin,M
Zollie,Unisex
Zoltan,M
Zolten,M
Zolton,M
Zoltßn,M
Zoma,F
Zombolia,F
Zomrod,F
Zon,M
Zona,F
Zonain ,M
Zonaira ,F
Zonda,F
Zondra,F
Zonera ,F
Zong,Unisex
Zongquan,M
Zonia,F
Zonie,F
Zonifer,F
Zonna,F
Zonnetje,F
Zonni-Marie,F
Zonnie,F
Zonnique,F
Zontayiah,F
Zontrana,F
Zonya,F
Zoo,F
Zooey,F
Zoomrad,F
Zoona,F
Zopa,M
Zophia,F
Zophiah,F
Zophie,F
Zophya,F
Zora,F
Zorah,F
Zoraida,F
Zorain,M
Zoraiz,M
Zorak,M
Zorakelala,M
Zoran,M
Zoran-aleksandar,M
Zoran-Joseph-Luc,M
Zoran-zoki,M
Zorana,F
Zoranna,F
Zorav,M
Zoravar,M
Zoraver,M
Zorawar,M
Zoraya,F
Zorayda,F
Zoree,F
Zoren,M
Zori,F
Zoria,F
Zoriah,F
Zorian,M
Zoriana,F
Zorianna,F
Zoribel,F
Zorica,F
Zorie,F
Zorien,M
Zorin,M
Zorina,F
Zorion,M
Zorita,F
Zoriya,F
Zoriyah,F
Zorka,F
Zoro,M
Zorondras,M
Zorrain,F
Zorria,F
Zorriah,F
Zorrka,F
Zorron,M
Zory,F
Zorya,F
Zoryana,F
Zoryanna,F
Zosailian,M
Zosha,F
Zosia,F
Zosja,F
ZoT,F
ZoT-Gadlle,F
ZoT-Jade,F
ZoTe,F
Zotik,M
Zotikos,M
Zoua,F
Zoubeir,M
Zouhaib,M
Zouheir,M
Zouhra,F
Zouis,F
Zoulfa,F
Zourla,F
Zowee,F
Zowen,M
Zowey,F
Zowi,F
Zowie,F
Zowii,F
Zoy,F
Zoya,F
Zoya-Lukia,F
Zoyaa,F
Zoyah,F
Zoyan,M
Zoye,F
Zoyi,M
Zoyla,F
Zoylin,M
Zoyya,F
Zozo,Unisex
Zra,F
Zrain,M
Zriah,F
Zrinka,F
Zrinna,F
Zriyah,F
Zsa,F
Zsabella,F
Zsabian,F
Zsahni,F
Zsana,F
Zsanice,F
Zsarnni,F
Zsazsa,F
Zschorn,M
Zshaira,F
Zshakira,F
Zshanee,F
Zsigmond ,M
Zsintaya,F
Zsofia,F
Zsolt,M
Zsoltan,M
Zsombor ,M
Zsophia,F
Zsuzanna,F
Zsuzsa,F
Zsuzsana,F
Zsuzsanna,F
Zsydonehia,F
ZT,M
ZTa,F
Ztania,F
ZTlie,F
Zuarj,M
Zubaeda,F
Zubaer,M
Zubai'dah,F
Zubaida,F
Zubaidah,F
Zubair,M
Zubairullah,M
Zubayda ,F
Zubaydah ,F
Zubayr,M
Zubeda ,F
Zubeen,F
Zubeida ,F
Zubeir ,M
Zuber ,M
Zuberi,M
Zubeyde ,F
Zubeyr,M
Zubi,F
Zubia ,F
Zubida,F
Zubie,F
Zubin,M
Zudie,F
Zudora,F
Zuella,F
Zugnine,F
Zuha,F
Zuhaa ,F
Zuhab,M
Zuhaib,M
Zuhair,M
Zuhaira ,F
Zuhairah ,F
Zuhal,F
Zuhanah,F
Zuhayb ,M
Zuhayr,M
Zuheb,M
Zuheily,F
Zuheir,M
Zuhey,F
Zuheyb ,M
Zuheyla,F
Zuheyr,M
Zuhour,F
Zuhra,F
Zuhur,F
Zui,M
Zujaja,F
Zujeily,F
Zujey,F
Zukaria,M
Zukhruf ,F
Zukiah,M
Zuko,M
Zula,F
Zulai,F
Zulaika,F
Zulaikha ,F
Zulaikhaa ,F
Zulaikhah ,F
Zulakha ,F
Zulal ,F
Zular,F
Zulay,F
Zulayho,F
Zulaykha ,F
Zuldaniel,M
Zuleica,F
Zuleidy,F
Zuleika,F
Zuleikha,F
Zuleima,F
Zuleimy,F
Zulekha,F
Zulekha-Tilla,F
Zulelrich,M
Zulema,F
Zulene,F
Zuley,F
Zuleyca,F
Zuleyha ,F
Zuleyka,F
Zuleyma,F
Zuleymi,F
Zulfa ,F
Zulfah,F
Zulfikar ,M
Zulfikaraly,M
Zulfiqar ,M
Zulfiqar-Ali,M
Zulfukar,M
Zulheika,F
Zuli,F
Zulia,F
Zuliana,F
Zulie,F
Zulika,F
Zulimar,F
Zulkarnain ,M
Zulkifl,M
Zulla,F
Zully,F
Zulma,F
Zulmarie,F
Zulmira,F
Zulmy,F
Zulnorain,M
Zulqarnain ,M
Zulqarnan,M
Zulqurnain,M
Zuly,F
Zuma,F
Zumra ,F
Zumrah,F
Zumurod,F
Zumzum,F
Zunaid ,M
Zunair ,M
Zunaira,F
Zunairah,F
Zunayrah ,F
Zundr,M
Zundus ,F
Zunera ,F
Zunika,F
Zunilda,F
Zunis,F
Zunoah,M
Zura,F
Zurain,M
Zuraiz,M
Zuraya,F
Zuree,F
Zureena,F
Zurh,M
Zuri,F
Zuri-Roni,M
Zuria,F
Zuriah,F
Zuriana,F
Zurianna,F
Zuriat,F
Zurich,M
Zurie,F
Zuriel,Unisex
Zuriela,F
Zuriella,F
Zurielle,F
Zurii,F
Zurina,F
Zurine,F
Zurisadai,F
Zurisaday,F
Zuriya,F
Zuriyah,F
Zurnain,F
Zurri,F
Zurrin,M
Zury,F
Zus,M
Zusana,F
Zuszeth,F
ZuT,M
Zuva ,F
Zuviel,M
Zuwena,F
Zuza ,F
Zuzana,F
Zuzanna,F
Zuzette,F
Zuzia ,F
Zuzu,F
Zvezdan,M
Zvezdana,F
Zvi,M
Zvijezdan,M
Zvikomborero ,F
Zvonimir,M
Zvonko,M
Zwangjok,F
Zwelakhe,M
Zwok,M
Zxavian,M
Zxavier,M
Zxianne,F
Zxyrill,M
Zxyvian,F
Zy,Unisex
Zya,F
Zyaad,M
Zyad,M
Zyad-sammy,M
Zyah,F
Zyahna,F
Zyair,Unisex
Zyaira,F
Zyairah,F
Zyaire,Unisex
Zyairr,M
Zyairra,F
Zyan,Unisex
Zyana,F
Zyanah,F
Zyandra,F
Zyani,F
Zyann,F
Zyanna,F
Zyannah,F
Zyanne,F
Zyanya,F
Zyara,F
Zyarah,F
Zyare,M
Zyaria,F
Zyariah,F
Zyashia,F
Zyasia,F
Zyaun,M
Zyauna,F
Zyda,F
Zydan,M
Zydarius,M
Zydel,F
Zyden,M
Zydia,F
Zydny,M
Zye,M
Zyed,M
Zyeer,M
Zyeir,M
Zyeira,F
Zyeire,M
Zyel,M
Zyell,M
Zyelle,F
Zyen,M
Zyera,F
Zyere,M
Zyeria,F
Zyerre,M
Zyesha,F
Zyeth,M
Zyetta,F
Zyggy,M
Zygh,M
Zygmond,M
Zygmont,M
Zygmund,M
Zygmundt,M
Zygmunt,M
Zyhaire,M
Zyheem,M
Zyheim,M
Zyheir,M
Zyhier,M
Zyhir,M
Zyhra,M
Zyia,F
Zyiah,F
Zyian,Unisex
Zyiana,F
Zyiane,F
Zyianna,F
Zyien,Unisex
Zyier,M
Zyiere,M
Zyika,F
Zyin,M
Zyion,Unisex
Zyiona,F
Zyionna,F
Zyir,M
Zyira,F
Zyire,M
Zykaria,F
Zykayla,F
Zykee,M
Zykeem,M
Zykei,M
Zykeia,F
Zykeira,F
Zykeith,M
Zykel,M
Zykell,M
Zykera,F
Zykeria,F
Zykeriah,F
Zykerion,M
Zykeriya,F
Zykerria,F
Zykerriah,F
Zykevious,M
Zykia,F
Zykiah,F
Zykiera,F
Zykierra,F
Zyking,M
Zykir,M
Zykira,F
Zykirah,F
Zykiria,F
Zykora,F
Zyla,F
Zylah,F
Zylan,M
Zylar,M
Zylas,M
Zyleah,F
Zylee,F
Zyleigh,F
Zylen,M
Zylenn,M
Zyler,M
Zyler-Zevon,M
Zylia,F
Zyliah,F
Zylie,F
Zylin,M
Zylis,M
Zyliyah,F
Zyllah,F
Zylo,M
Zylomon,M
Zylon,M
Zylpha,F
Zylphia,F
Zylynn,F
Zymair,M
Zymaire,M
Zymal,F
Zymari,M
Zymaria,F
Zymarion,M
Zymeer,M
Zymeir,M
Zymeire,M
Zymel,F
Zymeon,M
Zymere,M
Zymeria,F
Zymia,F
Zymiah,F
Zymier,M
Zymiere,M
Zymir,M
Zymira,F
Zymirah,F
Zymire,M
Zymon,M
Zymya,F
Zyna,F
Zynab,F
Zynae,F
Zynah,F
Zynaria,F
Zynasia,F
Zyndall,M
Zyndel,M
Zyne,M
Zynia,F
Zyniah,F
Zynique,F
Zyniya,F
Zyniyah,F
Zynnia,F
Zynovia,F
Zyon,Unisex
Zyona,F
Zyonah,F
Zyonn,M
Zyonna,F
Zyonnah,F
Zyonne,Unisex
Zypher,M
Zyquan,M
Zyquarius,M
Zyquavion,M
Zyquavious,M
Zyquez,M
Zyra,F
Zyrah,F
Zyran,M
Zyree,Unisex
Zyreion,M
Zyrek,M
Zyrel,M
Zyrell,M
Zyrelle,F
Zyren,M
Zyreon,M
Zyrese,M
Zyrhiana,F
Zyrhyn,F
Zyri,F
Zyria,F
Zyriah,F
Zyrian,M
Zyriana,F
Zyrianna,F
Zyrie,F
Zyriel,F
Zyrielle,F
Zyrihanna,F
Zyrije,F
Zyril,M
Zyrin,M
Zyrinah,F
Zyrion,M
Zyriyah,F
Zyrlynn,F
Zyron,M
Zyrone,M
Zyrre,F
Zyrus,M
Zyryah,F
Zyryll,F
Zysean,M
Zyshan,M
Zyshaun,M
Zyshawn,M
Zyshon,M
Zyshonne,M
Zyta,F
Zytaevius,M
Zytaveon,M
Zytavion,M
Zytavious,M
Zyton,M
Zyus,M
Zyva ,F
Zyvion,M
Zyvon,M
Zyxa,F
Zyyanna,F
Zyyon,M
Zzak,M
Zzyzx,M